,name,github_id,category,resource,homepage,dependent_project_count,github_dependent_project_count,contributor_count,github_url,license,created_at,updated_at,fork_count,open_issue_count,star_count,description,projectrank,show,labels,conda_id,pypi_id,pypi_url,pypi_latest_release_published_at,latest_stable_release_published_at,latest_stable_release_number,release_count,pypi_dependent_project_count,pypi_monthly_downloads,monthly_downloads,conda_url,conda_latest_release_published_at,conda_total_downloads,projectrank_placing,trending,maven_id,npm_id,npm_url,npm_latest_release_published_at,npm_dependent_project_count,npm_monthly_downloads,maven_url,dockerhub_id,dockerhub_url,dockerhub_latest_release_published_at,dockerhub_stars,dockerhub_pulls,brew_id,conda_dependent_project_count,apt_id,licenses
0,Public APIs,public-apis/public-apis,third-party-apis,True,https://github.com/public-apis/public-apis,2.0,2.0,1660.0,https://github.com/public-apis/public-apis,MIT,2016-03-20 23:49:42.000,2024-10-31 19:50:02.000000,33937.0,388.0,318787.0,A collective list of free APIs.,0,True,,,,,,,,,,,,,,,,,,,,,,,,,,,,,,,,
1,OpenAPI-Specification,OAI/OpenAPI-Specification,openapi-utils,True,https://github.com/OAI/OpenAPI-Specification,24.0,24.0,253.0,https://github.com/OAI/OpenAPI-Specification,Apache-2.0,2014-03-03 16:53:36.000,2024-10-12 23:43:49.000000,9067.0,201.0,28919.0,The OpenAPI Specification Repository.,0,True,['openapi'],,,,,,,,,,,,,,,,,,,,,,,,,,,,,,,
2,GraphQL Specification,graphql/graphql-spec,graphql,True,https://github.com/graphql/graphql-spec,,,140.0,https://github.com/graphql/graphql-spec,,2015-07-01 01:26:56.000,2026-03-21 21:45:40.000000,1148.0,193.0,14754.0,GraphQL is a query language and execution engine tied to any backend service.,0,True,,,,,,,,,,,,,,,,,,,,,,,,,,,,,,,,
3,best-of-ml-python - DB Clients,ml-tooling/best-of-ml-python,third-party-apis,True,https://github.com/ml-tooling/best-of-ml-python,,,57.0,https://github.com/ml-tooling/best-of-ml-python,CC-BY-SA-4.0,2020-11-29 19:41:36.000,2024-10-03 18:53:57.000000,2360.0,27.0,16330.0,Collection of python database client libraries.,0,True,,,,,,,,,,,,,,,,,,,,,,,,,,,,,,,,
4,django,django/django,web-frameworks,,https://github.com/django/django,2058377.0,2034390.0,3488.0,https://github.com/django/django,BSD-3-Clause,2012-04-28 02:47:18.000,2026-08-24 12:28:58.844000,34148.0,456.0,88474.0,The Web framework for perfectionists with deadlines.,40,True,['django'],conda-forge/django,django,https://pypi.org/project/django,2026-08-05 19:21:47.000,2026-08-04 15:03:59.000,5.2.17,441.0,23987.0,53161848.0,53216441.0,https://anaconda.org/conda-forge/django,2026-08-24 12:28:58.844,4039929.0,1.0,,,,,,,,,,,,,,,,,
5,requests,psf/requests,http-clients,,https://github.com/psf/requests,4510881.0,4340536.0,795.0,https://github.com/psf/requests,Apache-2.0,2011-02-13 18:38:17.000,2026-07-27 17:25:11.000000,10047.0,233.0,54193.0,"A simple, yet elegant, HTTP library.",40,True,,conda-forge/requests,requests,https://pypi.org/project/requests,2026-05-14 19:25:26.000,2026-05-14 19:25:26.000,2.34.2,163.0,170345.0,1783285509.0,1784535694.0,https://anaconda.org/conda-forge/requests,2026-05-15 13:18:42.657,92513734.0,1.0,,,,,,,,,,,,,,,,,
6,fastapi,tiangolo/fastapi,web-frameworks,,https://github.com/fastapi/fastapi,959230.0,924343.0,906.0,,MIT,2020-05-17 19:24:49.206,2026-07-30 01:05:35.247000,9707.0,,101017.0,"FastAPI framework, high performance, easy to learn, fast to code, ready for production.",38,True,"['fastapi', 'openapi']",conda-forge/fastapi,fastapi,https://pypi.org/project/fastapi,2026-07-29 17:18:04.000,2026-07-29 17:18:04.000,0.141.1,317.0,34887.0,590641409.0,590719129.0,https://anaconda.org/conda-forge/fastapi,2026-07-30 01:05:35.247,5829015.0,1.0,,,,,,,,,,,,,,,,,
7,flask,pallets/flask,web-frameworks,,https://github.com/pallets/flask,2779235.0,2760596.0,864.0,https://github.com/pallets/flask,BSD-3-Clause,2010-04-06 11:11:59.000,2026-04-09 04:04:09.000000,16817.0,3.0,71451.0,The Python micro framework for building web applications.,38,True,['flask'],conda-forge/flask,flask,https://pypi.org/project/flask,2026-02-19 05:00:56.000,2026-02-19 05:00:56.000,3.1.3,64.0,18639.0,200130604.0,200354195.0,https://anaconda.org/conda-forge/flask,2026-02-19 08:21:51.563,14086276.0,1.0,,,,,,,,,,,,,,,,,
8,urllib3,urllib3/urllib3,http-clients,,https://github.com/urllib3/urllib3,2547577.0,2522851.0,402.0,https://github.com/urllib3/urllib3,MIT,2011-09-18 18:08:28.000,2026-08-26 15:22:19.000000,1538.0,224.0,4052.0,urllib3 is a user-friendly HTTP client library for Python.,38,True,,conda-forge/urllib3,urllib3,https://pypi.org/project/urllib3,2026-05-07 16:13:17.000,2026-05-07 16:13:17.000,2.7.0,108.0,24726.0,1880502842.0,1881883717.0,https://anaconda.org/conda-forge/urllib3,2026-05-07 21:18:09.992,100803882.0,1.0,,,,,,,,,,,,,,,,,
9,selenium,SeleniumHQ/selenium,testing,,https://github.com/SeleniumHQ/selenium,449995.0,441918.0,943.0,https://github.com/SeleniumHQ/selenium,Apache-2.0,2013-01-14 21:40:56.000,2026-08-28 00:15:02.372000,8717.0,186.0,34403.0,A browser automation framework and ecosystem.,37,True,,conda-forge/selenium,selenium,https://pypi.org/project/selenium,2026-08-27 20:05:48.000,2026-08-10 17:54:09.000,4.47.0,233.0,8077.0,54977026.0,55023992.0,https://anaconda.org/conda-forge/selenium,2026-08-28 00:15:02.372,3334592.0,1.0,,,,,,,,,,,,,,,,,
10,aiohttp,aio-libs/aiohttp,http-clients,,https://github.com/aio-libs/aiohttp,841501.0,808332.0,991.0,https://github.com/aio-libs/aiohttp,Apache-2.0,2013-10-01 23:04:01.000,2026-08-11 19:20:09.000000,2371.0,235.0,16519.0,Asynchronous HTTP client/server framework for asyncio and Python.,37,True,,conda-forge/aiohttp,aiohttp,https://pypi.org/project/aiohttp,2026-07-23 01:52:08.000,2026-07-23 01:52:08.000,3.14.3,312.0,33169.0,655868505.0,656308028.0,https://anaconda.org/conda-forge/aiohttp,2026-07-24 14:13:09.698,30766638.0,2.0,,,,,,,,,,,,,,,,,
11,Streamlit,streamlit/streamlit,web-ui,,https://github.com/streamlit/streamlit,1022769.0,1015590.0,1041.0,https://github.com/streamlit/streamlit,Apache-2.0,2019-08-24 00:14:52.000,2026-08-27 06:46:00.000000,4368.0,1194.0,45621.0,Streamlit A faster way to build and share data apps.,36,True,,,streamlit,https://pypi.org/project/streamlit,2026-08-19 18:31:19.000,2026-08-19 18:31:19.000,1.62.0,271.0,7179.0,29836894.0,29836894.0,,,,1.0,,,,,,,,,,,,,,,,,
12,grpc,grpc/grpc,rpc,,https://github.com/grpc/grpc,14204.0,7401.0,1197.0,https://github.com/grpc/grpc,Apache-2.0,2014-12-08 18:58:53.000,2026-08-27 23:08:09.000000,11365.0,1367.0,45267.0,"C++ based gRPC (C++, Python, Ruby, Objective-C, PHP, C#).",36,True,,conda-forge/grpcio,grpcio,https://pypi.org/project/grpcio,2026-07-23 15:18:53.000,2026-07-23 15:18:53.000,1.83.0,308.0,6803.0,442521341.0,442860934.0,https://anaconda.org/conda-forge/grpcio,2026-07-31 10:44:35.788,25129910.0,1.0,,,,,,,,,,,,,,,,,
13,tornado,tornadoweb/tornado,web-frameworks,,https://github.com/tornadoweb/tornado,709888.0,705649.0,479.0,https://github.com/tornadoweb/tornado,Apache-2.0,2009-09-09 04:55:16.000,2026-08-10 15:31:51.438000,5552.0,254.0,22192.0,"Tornado is a Python web framework and asynchronous networking library, originally developed at FriendFeed.",36,True,,conda-forge/tornado,tornado,https://pypi.org/project/tornado,2026-08-07 02:12:28.000,2026-08-07 02:12:28.000,6.5.8,84.0,4239.0,120675083.0,121796936.0,https://anaconda.org/conda-forge/tornado,2026-08-10 15:31:51.438,78529718.0,1.0,,,,,,,,,,,,,,,,,
14,httpx,encode/httpx,http-clients,,https://github.com/encode/httpx,746649.0,673835.0,247.0,https://github.com/encode/httpx,BSD-3-Clause,2019-04-04 12:27:00.000,2026-08-21 10:59:57.000000,1255.0,143.0,15428.0,A next generation HTTP client for Python.,36,True,,conda-forge/httpx,httpx,https://pypi.org/project/httpx,2026-08-21 10:59:57.000,2024-12-06 15:37:21.000,0.28.1,77.0,72814.0,860718404.0,861028928.0,https://anaconda.org/conda-forge/httpx,2025-04-22 14:57:16.772,23289300.0,2.0,,,,,,,,,,,,,,,,,
15,starlette,encode/starlette,web-frameworks,,https://github.com/Kludex/starlette,447665.0,440019.0,337.0,,BSD-3-Clause,2020-07-19 20:23:45.237,2026-08-09 22:57:40.483000,1258.0,,12541.0,The little ASGI library that shines.,36,True,,conda-forge/starlette,starlette,https://pypi.org/project/starlette,2026-08-08 18:27:56.000,2026-08-08 18:27:56.000,1.6.0,202.0,7646.0,675837616.0,675932181.0,https://anaconda.org/conda-forge/starlette,2026-08-09 22:57:40.483,6903277.0,1.0,,,,,,,,,,,,,,,,,
16,google-api-python-client,googleapis/google-api-python-client,third-party-apis,,https://github.com/googleapis/google-api-python-client,294375.0,289146.0,202.0,https://github.com/googleapis/google-api-python-client,Apache-2.0,2014-01-08 21:55:56.000,2026-08-21 02:26:03.123000,2577.0,44.0,8903.0,The official Python client library for Googles discovery based APIs.,36,True,,conda-forge/google-api-python-client,google-api-python-client,https://pypi.org/project/google-api-python-client,2026-08-20 21:38:37.000,2026-08-20 21:38:37.000,2.199.0,287.0,5229.0,181376135.0,181455596.0,https://anaconda.org/conda-forge/google-api-python-client,2026-08-21 02:26:03.123,5959636.0,1.0,,,,,,,,,,,,,,,,,
17,werkzeug,pallets/werkzeug,web-frameworks,,https://github.com/pallets/werkzeug,1729234.0,1724047.0,514.0,https://github.com/pallets/werkzeug,BSD-3-Clause,2010-10-18 11:42:40.000,2026-04-02 20:02:00.795000,1768.0,5.0,6854.0,The comprehensive WSGI web application library.,36,True,,conda-forge/werkzeug,werkzeug,https://pypi.org/project/werkzeug,2026-04-02 18:49:12.000,2026-04-02 18:49:12.000,3.1.8,109.0,5187.0,257009609.0,257319039.0,https://anaconda.org/conda-forge/werkzeug,2026-04-02 20:02:00.795,19494131.0,1.0,,,,,,,,,,,,,,,,,
18,Scrapy,scrapy/scrapy,web-scraping,,https://github.com/scrapy/scrapy,57413.0,56282.0,743.0,https://github.com/scrapy/scrapy,BSD-3-Clause,2010-02-22 02:01:14.000,2026-08-21 07:10:27.819000,11918.0,472.0,63977.0,"Scrapy, a fast high-level web crawling & scraping framework for Python.",35,True,,conda-forge/scrapy,scrapy,https://pypi.org/project/scrapy,2026-08-20 15:15:37.000,2026-08-20 15:15:37.000,2.18.0,114.0,1131.0,4457240.0,4489830.0,https://anaconda.org/conda-forge/scrapy,2026-08-21 07:10:27.819,2379094.0,1.0,,,,,,,,,,,,,,,,,
19,uvicorn,encode/uvicorn,servers,,https://uvicorn.dev/,942680.0,919524.0,224.0,,BSD-3-Clause,2020-10-11 10:58:35.598,2026-08-19 09:52:02.150000,1014.0,,10910.0,The lightning-fast ASGI server.,35,True,,conda-forge/uvicorn,uvicorn,https://pypi.org/project/uvicorn,2026-08-19 06:27:40.000,2026-08-19 06:27:40.000,0.52.4,202.0,23156.0,684807114.0,684921969.0,https://anaconda.org/conda-forge/uvicorn,2026-08-19 09:52:02.150,8039872.0,1.0,,,,,,,,,,,,,,,,,
20,gunicorn,benoitc/gunicorn,servers,,https://github.com/benoitc/gunicorn,1583433.0,1579560.0,452.0,https://github.com/benoitc/gunicorn,,2009-11-30 18:18:08.000,2026-08-24 20:14:21.072000,1855.0,110.0,10660.0,"gunicorn Green Unicorn is a WSGI HTTP Server for UNIX, fast clients and sleepy applications.",35,False,,conda-forge/gunicorn,gunicorn,https://pypi.org/project/gunicorn,2026-08-24 15:05:57.000,2026-08-18 11:49:38.000,26.1.0,101.0,3873.0,141498649.0,141588742.0,https://anaconda.org/conda-forge/gunicorn,2026-08-24 20:14:21.072,6306556.0,1.0,,,,,,,,,,,,,,,,,
21,pyjwt,jpadilla/pyjwt,auth,,https://github.com/jpadilla/pyjwt,839105.0,830117.0,165.0,https://github.com/jpadilla/pyjwt,MIT,2011-02-24 20:25:09.000,2026-06-01 22:20:47.000000,763.0,56.0,5668.0,JSON Web Token implementation in Python.,35,True,,conda-forge/pyjwt,pyjwt,https://pypi.org/project/pyjwt,2026-05-21 19:54:35.000,2026-05-21 19:54:35.000,2.13.0,55.0,8988.0,705071600.0,705476541.0,https://anaconda.org/conda-forge/pyjwt,2026-05-21 21:51:51.231,27131105.0,1.0,,,,,,,,,,,,,,,,,
22,GitPython,gitpython-developers/GitPython,third-party-apis,,https://github.com/gitpython-developers/GitPython,440244.0,430199.0,391.0,https://github.com/gitpython-developers/GitPython,BSD-3-Clause,2010-11-30 17:34:03.000,2026-08-26 10:22:47.984000,989.0,10.0,5173.0,GitPython is a python library used to interact with Git repositories.,35,True,,conda-forge/gitpython,gitpython,https://pypi.org/project/gitpython,2026-08-25 18:33:44.000,2026-08-25 18:33:44.000,3.1.60,114.0,10045.0,256971796.0,257223803.0,https://anaconda.org/conda-forge/gitpython,2026-08-26 10:22:47.984,18900564.0,1.0,,,,,,,,,,,,,,,,,
23,lxml,lxml/lxml,html-processing,,https://github.com/lxml/lxml,644963.0,622982.0,181.0,https://github.com/lxml/lxml,BSD-3-Clause,2011-02-11 05:43:11.000,2026-08-22 18:03:14.000000,635.0,12.0,3050.0,The lxml XML toolkit for Python.,35,True,,conda-forge/lxml,lxml,https://pypi.org/project/lxml,2026-08-22 18:03:14.000,2026-08-19 04:58:23.000,6.1.2,181.0,21981.0,409889087.0,410193594.0,https://anaconda.org/conda-forge/lxml,2026-08-19 10:09:25.922,22838088.0,1.0,,,,,,,,,,,,,,,,,
24,django-allauth,pennersr/django-allauth,auth,,https://github.com/pennersr/django-allauth,274582.0,274263.0,812.0,https://github.com/pennersr/django-allauth,MIT,2010-10-10 20:10:52.000,2026-08-13 14:38:27.312000,3114.0,2.0,10363.0,"Integrated set of Django applications addressing authentication, registration, account management as well as 3rd party..",34,True,['django'],conda-forge/django-allauth,django-allauth,https://pypi.org/project/django-allauth,2026-08-13 10:02:26.000,2026-08-13 10:02:26.000,65.19.1,134.0,319.0,5050017.0,5058183.0,https://anaconda.org/conda-forge/django-allauth,2026-08-13 14:38:27.312,424664.0,1.0,,,,,,,,,,,,,,,,,
25,markdown,Python-Markdown/markdown,markdown,,https://github.com/Python-Markdown/markdown,528151.0,520697.0,189.0,https://github.com/Python-Markdown/markdown,BSD-3-Clause,2010-05-29 02:59:45.000,2026-07-31 06:26:34.834000,900.0,27.0,4229.0,A Python implementation of John Grubers Markdown with Extension support.,34,True,,conda-forge/markdown,markdown,https://pypi.org/project/markdown,2026-07-30 19:05:27.000,2026-07-30 19:05:27.000,3.10.3,62.0,7454.0,124391211.0,124582316.0,https://anaconda.org/conda-forge/markdown,2026-07-31 06:26:34.834,13377370.0,1.0,,,,,,,,,,,,,,,,,
26,coverage,nedbat/coveragepy,testing,,https://github.com/coveragepy/coveragepy,547781.0,522613.0,214.0,,Apache-2.0,2020-07-06 13:24:29.962,2026-08-09 17:01:59.426000,506.0,,3404.0,Code coverage measurement for Python.,34,True,,conda-forge/coverage,coverage,https://pypi.org/project/coverage,2026-08-06 13:46:55.000,2026-08-06 13:46:55.000,7.15.4,194.0,25168.0,325637683.0,326155896.0,https://anaconda.org/conda-forge/coverage,2026-08-09 17:01:59.426,37829549.0,1.0,,,,,,,,,,,,,,,,,
27,django-rest-framework,encode/django-rest-framework,web-frameworks,,https://github.com/encode/django-rest-framework,858184.0,858075.0,1495.0,https://github.com/encode/django-rest-framework,BSD-3-Clause,2011-03-02 17:13:56.000,2026-08-12 11:26:08.000000,7077.0,56.0,30129.0,Web APIs for Django.,33,True,['django'],conda-forge/djangorestframework,django-rest-framework,https://pypi.org/project/django-rest-framework,2017-07-20 17:14:33.000,2017-07-20 17:14:33.000,0.1.0,49.0,109.0,86810.0,109322.0,https://anaconda.org/conda-forge/djangorestframework,2026-08-08 12:00:08.371,1620867.0,2.0,,,,,,,,,,,,,,,,,
28,python-telegram-bot,python-telegram-bot/python-telegram-bot,third-party-apis,,https://github.com/python-telegram-bot/python-telegram-bot,160298.0,158771.0,212.0,https://github.com/python-telegram-bot/python-telegram-bot,GPL-3.0,2015-07-07 15:30:39.000,2026-06-13 09:58:04.965000,6076.0,25.0,29218.0,We have made you a wrapper you cant refuse.,33,True,,conda-forge/python-telegram-bot,python-telegram-bot,https://pypi.org/project/python-telegram-bot,2026-06-12 08:10:27.000,2025-03-01 11:46:52.000,21.11.1,155.0,1527.0,38557028.0,38560018.0,https://anaconda.org/conda-forge/python-telegram-bot,2026-06-13 09:58:04.965,218275.0,1.0,,,,,,,,,,,,,,,,,
29,Locust,locustio/locust,testing,,https://github.com/locustio/locust,18715.0,18383.0,398.0,https://github.com/locustio/locust,MIT,2011-02-17 11:08:03.000,2026-08-26 17:56:08.000000,3235.0,3.0,28103.0,Write scalable load tests in plain Python.,33,True,,conda-forge/locust,locust,https://pypi.org/project/locust,2026-08-26 17:56:08.000,2026-08-24 09:03:43.000,2.46.4,1032.0,332.0,13923248.0,13928329.0,https://anaconda.org/conda-forge/locust,2026-08-24 14:30:44.799,381129.0,1.0,,,,,,,,,,,,,,,,,
30,jinja,pallets/jinja,others,,https://github.com/pallets/jinja,24474.0,24.0,335.0,https://github.com/pallets/jinja,BSD-3-Clause,2010-10-17 13:41:17.000,2025-11-30 15:40:39.696000,1799.0,101.0,11752.0,A very fast and expressive template engine.,33,True,,conda-forge/jinja2,jinja2,https://pypi.org/project/jinja2,2025-03-05 20:05:00.000,2025-03-05 20:05:00.000,3.1.6,52.0,24450.0,752305420.0,753442404.0,https://anaconda.org/conda-forge/jinja2,2025-11-30 15:40:39.696,76177951.0,1.0,,,,,,,,,,,,,,,,,
31,tweepy,tweepy/tweepy,third-party-apis,,https://github.com/tweepy/tweepy,66343.0,65714.0,250.0,https://github.com/tweepy/tweepy,MIT,2009-07-06 04:15:34.000,2026-07-03 10:25:32.416000,4544.0,104.0,11171.0,Twitter for Python!.,33,True,,conda-forge/tweepy,tweepy,https://pypi.org/project/tweepy,2026-07-02 19:11:29.000,2026-07-02 19:11:29.000,4.17.0,50.0,629.0,5039858.0,5047682.0,https://anaconda.org/conda-forge/tweepy,2026-07-03 10:25:32.416,571185.0,1.0,,,,,,,,,,,,,,,,,
32,django-debug-toolbar,jazzband/django-debug-toolbar,admin-ui,,https://github.com/django-commons/django-debug-toolbar,107829.0,107428.0,333.0,,BSD-3-Clause,2020-09-21 11:45:47.837,2026-08-16 13:00:37.289000,1102.0,,8377.0,A configurable set of panels that display various debug information about the current request/response.,33,True,,conda-forge/django-debug-toolbar,django-debug-toolbar,https://pypi.org/project/django-debug-toolbar,2026-08-14 13:18:45.000,2026-08-14 13:18:45.000,7.1.1,83.0,401.0,9346412.0,9355940.0,https://anaconda.org/conda-forge/django-debug-toolbar,2026-08-16 13:00:37.289,676520.0,1.0,,,,,,,,,,,,,,,,,
33,PyGithub,PyGithub/PyGithub,third-party-apis,,https://github.com/PyGithub/PyGithub,78122.0,75011.0,435.0,https://github.com/PyGithub/PyGithub,LGPL-3.0,2012-02-25 12:53:47.000,2026-08-26 20:01:47.000000,1892.0,397.0,7766.0,Typed interactions with the GitHub API v3.,33,True,,conda-forge/pygithub,pygithub,https://pypi.org/project/pygithub,2026-08-20 10:05:06.000,2026-08-20 10:05:06.000,2.10.0,109.0,3111.0,72765507.0,72891817.0,https://anaconda.org/conda-forge/pygithub,2026-08-20 13:19:46.004,9473251.0,1.0,,,,,,,,,,,,,,,,,
34,websockets,aaugustin/websockets,websocket,,https://github.com/python-websockets/websockets,413757.0,399790.0,90.0,,BSD-3-Clause,2020-09-01 22:27:52.766,2026-08-27 12:29:01.857000,603.0,,5713.0,An implementation of the WebSocket Protocol (RFC 6455 & 7692).,33,True,,conda-forge/websockets,websockets,https://pypi.org/project/websockets,2026-08-26 14:55:20.000,2026-07-31 11:29:04.000,17.0.1,53.0,13967.0,575418385.0,575539359.0,https://anaconda.org/conda-forge/websockets,2026-08-27 12:29:01.857,8589165.0,1.0,,,,,,,,,,,,,,,,,
35,google-auth,googleapis/google-auth-library-python,auth,,https://github.com/googleapis/google-auth-library-python,5057.0,,167.0,https://github.com/googleapis/google-auth-library-python,Apache-2.0,2016-09-26 00:38:59.000,2026-08-26 07:54:08.145000,1760.0,,5376.0,This library has moved to https://github.com/googleapis/google-cloud-python/tree/main/packages/google-auth.,33,True,,conda-forge/google-auth,google-auth,https://pypi.org/project/google-auth,2026-08-24 21:55:08.000,2026-08-24 21:55:08.000,2.57.0,199.0,5057.0,564537172.0,564755796.0,https://anaconda.org/conda-forge/google-auth,2026-08-26 07:54:08.145,16178186.0,1.0,,,,,,,,,,,,,,,,,
36,pyzmq,zeromq/pyzmq,others,,https://github.com/zeromq/pyzmq,525796.0,522664.0,206.0,https://github.com/zeromq/pyzmq,Revised BSD,2010-07-21 07:20:37.000,2026-08-21 08:35:25.492000,666.0,51.0,4163.0,PyZMQ: Python bindings for zeromq.,33,False,,conda-forge/pyzmq,pyzmq,https://pypi.org/project/pyzmq,2026-08-20 19:06:11.000,2026-08-20 19:06:11.000,27.2.0,107.0,3132.0,103737866.0,104377264.0,https://anaconda.org/conda-forge/pyzmq,2026-08-21 08:35:25.492,46676105.0,1.0,2.0,,,,,,,,,,,,,,,,
37,mistune,lepture/mistune,markdown,,https://github.com/lepture/mistune,377859.0,376076.0,66.0,https://github.com/lepture/mistune,BSD-3-Clause,2014-02-18 10:13:04.000,2026-08-21 04:48:29.000000,297.0,21.0,3065.0,A fast yet powerful Python Markdown parser with renderers and plugins.,33,True,,conda-forge/mistune,mistune,https://pypi.org/project/mistune,2026-07-22 05:22:29.000,2026-07-22 05:22:29.000,3.3.4,56.0,1783.0,75064707.0,75480524.0,https://anaconda.org/conda-forge/mistune,2026-07-22 12:43:04.579,29107202.0,1.0,,,,,,,,,,,,,,,,,
38,oauthlib,oauthlib/oauthlib,auth,,https://github.com/oauthlib/oauthlib,656402.0,654672.0,205.0,https://github.com/oauthlib/oauthlib,BSD-3-Clause,2011-11-19 23:08:51.000,2025-10-13 07:41:32.000000,496.0,95.0,2930.0,"A generic, spec-compliant, thorough implementation of the OAuth request-signing logic.",33,True,,conda-forge/oauthlib,oauthlib,https://pypi.org/project/oauthlib,2025-06-19 22:48:06.000,2025-06-19 22:48:06.000,3.3.1,52.0,1730.0,331242492.0,331539458.0,https://anaconda.org/conda-forge/oauthlib,2025-06-20 10:29:41.030,18708876.0,1.0,,,,,,,,,,,,,,,,,
39,asgiref,django/asgiref,servers,,https://github.com/django/asgiref,1152016.0,1150610.0,118.0,https://github.com/django/asgiref,BSD-3-Clause,2015-12-23 17:07:13.000,2026-07-14 09:56:16.000000,251.0,59.0,1622.0,ASGI specification and utilities.,33,True,,conda-forge/asgiref,asgiref,https://pypi.org/project/asgiref,2026-07-14 09:56:16.000,2026-07-14 09:56:16.000,3.12.1,72.0,1406.0,148288912.0,148322367.0,https://anaconda.org/conda-forge/asgiref,2026-02-05 06:33:38.572,2475693.0,2.0,,,,,,,,,,,,,,,,,
40,markdown-it-py,executablebooks/markdown-it-py,markdown,,https://github.com/executablebooks/markdown-it-py,398723.0,396064.0,35.0,https://github.com/executablebooks/markdown-it-py,MIT,2020-03-25 11:10:01.000,2026-08-17 23:09:07.000000,118.0,64.0,1353.0,"Markdown parser, done right. 100% CommonMark support, extensions, syntax plugins & high speed. Now in Python!.",33,True,,conda-forge/markdown-it-py,markdown-it-py,https://pypi.org/project/markdown-it-py,2026-05-07 12:08:27.000,2026-05-07 12:08:27.000,4.2.0,45.0,2659.0,631703366.0,632002722.0,https://anaconda.org/conda-forge/markdown-it-py,2026-05-07 16:01:35.424,22451770.0,1.0,1.0,,,,,,,,,,,,,,,,
41,OpenAPI Generator,OpenAPITools/openapi-generator,openapi-utils,,https://github.com/OpenAPITools/openapi-generator,1568.0,5.0,3879.0,https://github.com/OpenAPITools/openapi-generator,Apache-2.0,2018-05-12 09:57:56.000,2026-08-27 10:07:23.000000,7663.0,5710.0,26687.0,"OpenAPI Generator allows generation of API client libraries (SDK generation), server stubs, documentation and..",32,True,['openapi'],,openapi-generator-cli,https://pypi.org/project/openapi-generator-cli,2026-08-25 01:16:41.000,2026-08-25 01:16:41.000,7.25.0,772.0,25.0,689018.0,7054089.0,,,,1.0,,org.openapitools.openapi-generator,@openapitools/openapi-generator-cli,https://www.npmjs.com/package/@openapitools/openapi-generator-cli,2026-08-24 15:33:53.640,1538.0,6365071.0,https://search.maven.org/artifact/org.openapitools.openapi-generator,,,,,,,,,
42,wagtail,wagtail/wagtail,cms,,https://github.com/wagtail/wagtail,12885.0,11964.0,1111.0,https://github.com/wagtail/wagtail,BSD-3-Clause,2014-02-03 12:41:59.000,2026-08-25 22:44:26.531000,4586.0,1020.0,20452.0,A Django content management system focused on flexibility and user experience.,32,True,['django'],conda-forge/wagtail,wagtail,https://pypi.org/project/wagtail,2026-08-25 12:37:31.000,2026-08-20 15:28:42.000,7.4.3,300.0,921.0,798522.0,803573.0,https://anaconda.org/conda-forge/wagtail,2026-08-25 22:44:26.531,252593.0,1.0,,,,,,,,,,,,,,,,,
43,sanic,sanic-org/sanic,web-frameworks,,https://github.com/sanic-org/sanic,20021.0,19196.0,369.0,https://github.com/sanic-org/sanic,MIT,2016-05-26 04:38:22.000,2026-07-12 07:17:35.000000,1588.0,133.0,18631.0,Accelerate your web app development | Build fast. Run fast.,32,True,,conda-forge/sanic,sanic,https://pypi.org/project/sanic,2026-05-31 19:45:45.000,2026-05-31 19:45:45.000,25.12.1,84.0,825.0,1579480.0,1590210.0,https://anaconda.org/conda-forge/sanic,2026-06-03 22:36:40.108,794077.0,2.0,,,,,,,,,,,,,,,,,
44,discord.py,Rapptz/discord.py,third-party-apis,,https://github.com/Rapptz/discord.py,56610.0,55296.0,459.0,https://github.com/Rapptz/discord.py,MIT,2015-08-21 22:19:08.000,2026-03-03 18:40:44.000000,3930.0,150.0,15941.0,An API wrapper for Discord written in Python.,32,True,,conda-forge/discord.py,discord.py,https://pypi.org/project/discord.py,2026-03-03 18:40:44.000,2026-03-03 18:40:44.000,2.7.1,88.0,1314.0,7703107.0,7703708.0,https://anaconda.org/conda-forge/discord.py,2025-04-22 14:57:44.300,40298.0,1.0,,,,,,,,,,,,,,,,,
45,WeasyPrint,Kozea/WeasyPrint,html-processing,,https://github.com/Kozea/WeasyPrint,32448.0,31080.0,193.0,https://github.com/Kozea/WeasyPrint,BSD-3-Clause,2011-08-09 14:14:24.000,2026-08-17 13:25:28.000000,861.0,137.0,9513.0,The awesome document factory.,32,True,,conda-forge/weasyprint,weasyprint,https://pypi.org/project/weasyprint,2026-06-02 14:42:15.000,2018-03-27 21:00:42.000,0.42.3,119.0,1368.0,38287068.0,38293404.0,https://anaconda.org/conda-forge/weasyprint,2026-06-09 09:47:17.453,456235.0,2.0,,,,,,,,,,,,,,,,,
46,gevent,gevent/gevent,servers,,https://github.com/gevent/gevent,156868.0,154500.0,126.0,https://github.com/gevent/gevent,MIT,2012-09-13 22:03:03.000,2026-08-11 09:01:26.324000,965.0,128.0,6445.0,Coroutine-based concurrency library for Python.,32,True,,conda-forge/gevent,gevent,https://pypi.org/project/gevent,2026-08-10 16:56:19.000,2026-08-10 16:56:19.000,26.8.0,98.0,2368.0,47358872.0,47392864.0,https://anaconda.org/conda-forge/gevent,2026-08-11 09:01:26.324,2549444.0,2.0,,,,,,,,,,,,,,,,,
47,twisted,twisted/twisted,others,,https://github.com/twisted/twisted,108420.0,107130.0,312.0,https://github.com/twisted/twisted,MIT,2011-07-01 20:40:42.000,2026-05-25 20:27:18.000000,1212.0,2800.0,5968.0,Event-driven networking engine written in Python.,32,True,,conda-forge/twisted,twisted,https://pypi.org/project/twisted,2026-05-11 11:24:49.000,2026-05-11 11:24:49.000,26.4.0,112.0,1290.0,14468479.0,14492602.0,https://anaconda.org/conda-forge/twisted,2026-05-11 14:53:54.910,1688617.0,1.0,,,,,,,,,,,,,,,,,
48,responses,getsentry/responses,testing,,https://github.com/getsentry/responses,59383.0,55222.0,153.0,https://github.com/getsentry/responses,Apache-2.0,2013-11-15 23:28:18.000,2026-08-26 22:37:12.694000,375.0,40.0,4345.0,A utility for mocking out the Python Requests library.,32,True,,conda-forge/responses,responses,https://pypi.org/project/responses,2026-08-26 19:17:23.000,2026-08-26 19:17:23.000,0.26.3,65.0,4161.0,68696562.0,68748996.0,https://anaconda.org/conda-forge/responses,2026-08-26 22:37:12.694,3880185.0,1.0,,,,,,,,,,,,,,,,,
49,websocket-client,websocket-client/websocket-client,websocket,,https://github.com/websocket-client/websocket-client,339682.0,335777.0,226.0,https://github.com/websocket-client/websocket-client,Apache-2.0,2010-12-28 06:35:25.000,2026-01-27 13:18:37.000000,776.0,30.0,3700.0,WebSocket client for Python.,32,True,,conda-forge/websocket-client,websocket-client,https://pypi.org/project/websocket-client,2025-10-07 21:16:34.000,2025-10-07 21:16:34.000,1.9.0,88.0,3905.0,223875122.0,224230074.0,https://anaconda.org/conda-forge/websocket-client,2025-10-08 12:56:52.070,25556594.0,1.0,,,,,,,,,,,,,,,,,
50,itsdangerous,pallets/itsdangerous,others,,https://github.com/pallets/itsdangerous,1364705.0,1362902.0,44.0,https://github.com/pallets/itsdangerous,BSD-3-Clause,2011-06-24 00:09:55.000,2025-04-22 14:56:26.703000,223.0,2.0,2933.0,Safely pass trusted data to untrusted environments and back.,32,False,,conda-forge/itsdangerous,itsdangerous,https://pypi.org/project/itsdangerous,2024-04-16 21:28:14.000,2024-04-16 21:28:14.000,2.2.0,28.0,1803.0,216982182.0,217205373.0,https://anaconda.org/conda-forge/itsdangerous,2025-04-22 14:56:26.703,14061087.0,1.0,,,,,,,,,,,,,,,,,
51,dnspython,rthalley/dnspython,others,,https://github.com/rthalley/dnspython,458912.0,456425.0,138.0,https://github.com/rthalley/dnspython,ISC,2011-08-24 11:36:39.000,2026-04-12 17:50:59.000000,557.0,5.0,2653.0,a powerful DNS toolkit for python.,32,True,,conda-forge/dnspython,dnspython,https://pypi.org/project/dnspython,2025-09-07 18:57:58.000,2025-09-07 18:57:58.000,2.8.0,50.0,2487.0,335597306.0,335715810.0,https://anaconda.org/conda-forge/dnspython,2025-09-08 00:54:36.206,8413833.0,1.0,,,,,,,,,,,,,,,,,
52,feedparser,kurtmckee/feedparser,web-scraping,,https://github.com/kurtmckee/feedparser,105980.0,103911.0,62.0,https://github.com/kurtmckee/feedparser,BSD-2-Clause,2010-11-26 02:53:24.000,2026-08-08 10:59:51.608000,367.0,110.0,2407.0,Parse feeds in Python.,32,True,,conda-forge/feedparser,feedparser,https://pypi.org/project/feedparser,2026-07-30 14:07:39.000,2026-07-30 14:07:39.000,6.0.14,27.0,2069.0,26740055.0,26793914.0,https://anaconda.org/conda-forge/feedparser,2026-08-08 10:59:51.608,4039475.0,1.0,,,,,,,,,,,,,,,,,
53,requests-oauthlib,requests/requests-oauthlib,auth,,https://github.com/requests/requests-oauthlib,610176.0,608186.0,121.0,https://github.com/requests/requests-oauthlib,ISC,2012-11-23 10:19:44.000,2025-06-18 06:42:02.000000,424.0,125.0,1773.0,OAuthlib support for Python-Requests!.,32,False,,conda-forge/requests-oauthlib,requests-oauthlib,https://pypi.org/project/requests-oauthlib,2024-03-25 19:31:17.000,2024-03-25 19:31:17.000,1.4.1,23.0,1990.0,355916014.0,356140106.0,https://anaconda.org/conda-forge/requests-oauthlib,2025-04-22 14:56:25.314,16358783.0,2.0,,,,,,,,,,,,,,,,,
54,httptools,MagicStack/httptools,http-clients,,https://github.com/MagicStack/httptools,203937.0,203350.0,24.0,https://github.com/MagicStack/httptools,MIT,2016-04-25 16:13:48.000,2026-08-24 09:47:24.185000,104.0,23.0,1322.0,Fast HTTP parser.,32,True,,conda-forge/httptools,httptools,https://pypi.org/project/httptools,2026-05-25 22:16:50.000,2026-05-25 22:16:50.000,0.8.0,27.0,587.0,274528277.0,274597539.0,https://anaconda.org/conda-forge/httptools,2026-08-24 09:47:24.185,4848363.0,2.0,,,,,,,,,,,,,,,,,
55,pynacl,pyca/pynacl,others,,https://github.com/pyca/pynacl,143623.0,141937.0,78.0,https://github.com/pyca/pynacl,Apache-2.0,2013-02-22 03:52:39.000,2026-07-09 11:11:30.026000,256.0,54.0,1193.0,Python binding to the Networking and Cryptography (NaCl) library.,32,True,,conda-forge/pynacl,pynacl,https://pypi.org/project/pynacl,2026-01-01 17:31:57.000,2026-01-01 17:31:57.000,1.6.2,19.0,1686.0,238058211.0,238288199.0,https://anaconda.org/conda-forge/pynacl,2026-07-09 11:11:30.026,16329179.0,1.0,,,,,,,,,,,,,,,,,
56,pyopenssl,pyca/pyopenssl,others,,https://github.com/pyca/pyopenssl,286896.0,283643.0,118.0,https://github.com/pyca/pyopenssl,Apache-2.0,2014-01-09 20:10:36.000,2026-08-06 10:34:02.000000,436.0,86.0,944.0,A Python wrapper around the OpenSSL library.,32,True,,conda-forge/pyopenssl,pyopenssl,https://pypi.org/project/pyopenssl,2026-08-01 19:50:48.000,2026-08-01 19:50:48.000,26.4.0,47.0,3253.0,268060026.0,268808805.0,https://anaconda.org/conda-forge/pyopenssl,2026-08-02 02:59:44.310,51665785.0,1.0,,,,,,,,,,,,,,,,,
57,flask-cors,corydolphin/flask-cors,flask-utils,,https://github.com/corydolphin/flask-cors,462558.0,461448.0,54.0,https://github.com/corydolphin/flask-cors,MIT,2013-07-28 21:33:57.000,2026-06-09 01:52:38.000000,154.0,39.0,933.0,Cross Origin Resource Sharing ( CORS ) support for Flask.,32,True,['flask'],conda-forge/flask-cors,flask-cors,https://pypi.org/project/flask-cors,2026-06-08 20:20:16.000,2026-06-08 20:20:16.000,6.0.5,58.0,1110.0,56027049.0,56061338.0,https://anaconda.org/conda-forge/flask-cors,2026-06-09 00:55:09.624,2160254.0,1.0,,,,,,,,,,,,,,,,,
58,markupsafe,pallets/markupsafe,html-processing,,https://github.com/pallets/markupsafe,2236832.0,2231570.0,51.0,https://github.com/pallets/markupsafe,BSD-3-Clause,2010-06-22 17:22:58.000,2026-03-02 10:22:07.198000,181.0,14.0,690.0,Safely add untrusted strings to HTML/XML markup.,32,True,,conda-forge/markupsafe,markupsafe,https://pypi.org/project/markupsafe,2025-09-27 18:36:05.000,2025-09-27 18:36:05.000,3.0.3,36.0,5262.0,841682428.0,842876583.0,https://anaconda.org/conda-forge/markupsafe,2026-03-02 10:22:07.198,84785028.0,2.0,,,,,,,,,,,,,,,,,
59,idna,kjd/idna,others,,https://github.com/kjd/idna,2543055.0,2531977.0,47.0,https://github.com/kjd/idna,BSD-3-Clause,2013-05-27 22:22:13.000,2026-08-22 18:47:51.000000,131.0,1.0,292.0,Internationalized Domain Names for Python (IDNA 2008 and UTS #46).,32,True,,conda-forge/idna,idna,https://pypi.org/project/idna,2026-08-18 05:14:22.000,,,42.0,11078.0,1855798151.0,1857074869.0,https://anaconda.org/conda-forge/idna,2026-08-18 13:31:59.717,94477176.0,1.0,,,,,,,,,,,,,,,,,
60,mitmproxy,mitmproxy/mitmproxy,testing,,https://github.com/mitmproxy/mitmproxy,5764.0,5494.0,619.0,https://github.com/mitmproxy/mitmproxy,MIT,2010-02-16 04:10:13.000,2026-05-12 14:09:49.000000,4567.0,432.0,43493.0,An interactive TLS-capable intercepting HTTP proxy for penetration testers and software developers.,31,True,,,mitmproxy,https://pypi.org/project/mitmproxy,2026-05-12 14:09:49.000,2026-05-12 14:09:49.000,12.2.3,88.0,270.0,5884041.0,5884041.0,,,,1.0,,,,,,,,,,,,,,,,,
61,posthog,PostHog/posthog,monitoring,,https://github.com/PostHog/posthog,772.0,15.0,25400.0,https://github.com/PostHog/posthog,,2020-01-23 22:46:58.000,2026-08-27 22:44:59.000000,3296.0,5108.0,39341.0,"PostHog is the leading platform for building self-driving products. Our developer tools AI observability, analytics,..",31,False,,,posthog,https://pypi.org/project/posthog,2026-08-27 08:06:49.000,2026-08-27 08:06:49.000,7.44.2,278.0,757.0,49102193.0,49102193.0,,,,1.0,,,,,,,,,,,,,,,,,
62,playwright,Microsoft/playwright-python,testing,,https://github.com/Microsoft/playwright-python,7483.0,,,https://github.com/Microsoft/playwright-python,Apache-2.0,2021-05-11 20:15:10.832,2026-07-31 17:00:44.000000,1200.0,,14865.0,A high-level API to automate web browsers.,31,True,,microsoft/playwright,playwright,https://pypi.org/project/playwright,2026-07-31 17:00:44.000,2026-07-31 17:00:44.000,1.62.0,131.0,7483.0,106035510.0,106037785.0,https://anaconda.org/microsoft/playwright,2026-05-18 11:41:05.889,143372.0,1.0,,,,,,,,,,,,,,,,,
63,bottle,bottlepy/bottle,web-frameworks,,https://github.com/bottlepy/bottle,38230.0,37425.0,237.0,https://github.com/bottlepy/bottle,MIT,2009-06-30 17:51:30.000,2026-03-23 15:39:32.000000,1499.0,283.0,8766.0,bottle.py is a fast and simple micro-framework for python web-applications.,31,True,,conda-forge/bottle,bottle,https://pypi.org/project/bottle,2025-06-15 10:08:57.000,2025-06-15 10:08:57.000,0.13.4,85.0,805.0,10115487.0,10131137.0,https://anaconda.org/conda-forge/bottle,2025-08-11 01:37:00.120,704263.0,2.0,,,,,,,,,,,,,,,,,
64,pyTelegramBotAPI,eternnoir/pyTelegramBotAPI,third-party-apis,,https://github.com/eternnoir/pyTelegramBotAPI,65109.0,64754.0,273.0,https://github.com/eternnoir/pyTelegramBotAPI,GPL-2.0,2015-06-26 06:56:25.000,2026-08-13 17:27:56.000000,2153.0,2.0,8764.0,Python Telegram bot api.,31,True,,,pytelegrambotapi,https://pypi.org/project/pytelegrambotapi,2026-08-13 17:27:56.000,2026-08-13 17:27:56.000,4.36.1,147.0,355.0,1497217.0,1497217.0,,,,2.0,,,,,,,,,,,,,,,,,
65,graphene,graphql-python/graphene,graphql,,https://github.com/graphql-python/graphene,32173.0,31856.0,212.0,https://github.com/graphql-python/graphene,MIT,2015-09-24 09:18:18.000,2025-09-04 15:43:44.000000,821.0,114.0,8231.0,GraphQL framework for Python.,31,True,['graphql'],conda-forge/graphene,graphene,https://pypi.org/project/graphene,2024-11-09 20:44:23.000,2024-11-09 20:44:23.000,3.4.3,102.0,317.0,41122043.0,41150012.0,https://anaconda.org/conda-forge/graphene,2025-04-22 14:56:40.732,1706134.0,1.0,,,,,,,,,,,,,,,,,
66,gspread,burnash/gspread,third-party-apis,,https://github.com/burnash/gspread,55622.0,55085.0,197.0,https://github.com/burnash/gspread,MIT,2011-12-02 10:46:20.000,2026-06-25 09:09:15.261000,972.0,67.0,7389.0,Google Sheets Python API.,31,True,,conda-forge/gspread,gspread,https://pypi.org/project/gspread,2025-05-14 15:56:24.000,2025-05-14 15:56:24.000,6.2.1,83.0,537.0,45422263.0,45429578.0,https://anaconda.org/conda-forge/gspread,2026-06-25 09:09:15.261,534030.0,2.0,,,,,,,,,,,,,,,,,
67,django-extensions,django-extensions/django-extensions,django-utils,,https://github.com/django-extensions/django-extensions,272316.0,271769.0,607.0,https://github.com/django-extensions/django-extensions,MIT,2009-03-21 16:11:19.000,2025-10-03 07:03:35.000000,1168.0,207.0,6749.0,This is a repository for collecting global custom management extensions for the Django Framework.,31,True,['django'],conda-forge/django-extensions,django-extensions,https://pypi.org/project/django-extensions,2025-04-11 01:15:37.000,2023-06-05 17:10:00.484,3.2.3,128.0,547.0,14396034.0,14414791.0,https://anaconda.org/conda-forge/django-extensions,2025-04-22 14:56:21.386,1369282.0,1.0,,,,,,,,,,,,,,,,,
68,Panel,holoviz/panel,web-ui,,https://github.com/holoviz/panel,19685.0,18970.0,267.0,https://github.com/holoviz/panel,BSD-3-Clause,2018-08-23 12:14:24.000,2026-08-26 16:52:19.000000,624.0,1113.0,5762.0,Panel: The powerful data exploration & web app framework for Python.,31,True,,,panel,https://pypi.org/project/panel,2026-08-26 16:52:19.000,2026-08-17 12:33:30.000,1.9.4,511.0,715.0,3350938.0,3350938.0,,,,1.0,,,,,,,,,,,,,,,,,
69,structlog,hynek/structlog,others,,https://github.com/hynek/structlog,42759.0,37788.0,144.0,https://github.com/hynek/structlog,Apache-2.0,2013-08-13 15:55:58.000,2026-06-06 07:33:38.000000,279.0,31.0,4820.0,"Simple, powerful, and fast logging for Python.",31,True,,,structlog,https://pypi.org/project/structlog,2026-06-06 07:33:38.000,2026-06-06 07:33:38.000,26.1.0,43.0,4971.0,114232372.0,114232372.0,,,,2.0,,,,,,,,,,,,,,,,,
70,django-filter,carltongibson/django-filter,django-utils,,https://github.com/carltongibson/django-filter,205150.0,203936.0,224.0,https://github.com/carltongibson/django-filter,BSD-3-Clause,2009-01-30 00:35:57.000,2026-07-12 12:46:10.751000,774.0,87.0,4683.0,A generic system for filtering Django QuerySets based on user selections.,31,True,['django'],conda-forge/django-filter,django-filter,https://pypi.org/project/django-filter,2026-07-11 09:27:01.000,2020-09-27 09:08:52.000,2.4.0,48.0,1214.0,16889442.0,16894856.0,https://anaconda.org/conda-forge/django-filter,2026-07-12 12:46:10.751,400645.0,1.0,,,,,,,,,,,,,,,,,
71,python-socketio,miguelgrinberg/python-socketio,websocket,,https://github.com/miguelgrinberg/python-socketio,72098.0,70913.0,86.0,https://github.com/miguelgrinberg/python-socketio,MIT,2015-07-15 06:17:03.000,2026-08-09 23:02:03.000000,625.0,13.0,4369.0,Python Socket.IO server and client.,31,True,,conda-forge/python-socketio,python-socketio,https://pypi.org/project/python-socketio,2026-08-06 23:11:19.000,2026-08-06 23:11:19.000,5.16.4,110.0,1185.0,29158912.0,29176663.0,https://anaconda.org/conda-forge/python-socketio,2026-08-09 01:43:15.762,1207122.0,2.0,,,,,,,,,,,,,,,,,
72,Prometheus Client,prometheus/client_python,monitoring,,https://github.com/prometheus/client_python,4794.0,,183.0,https://github.com/prometheus/client_python,Apache-2.0,2015-02-10 22:47:25.000,2026-07-25 21:48:28.068000,867.0,142.0,4347.0,Python client for the Prometheus monitoring system.,31,True,,conda-forge/prometheus_client,prometheus-client,https://pypi.org/project/prometheus-client,2026-07-24 19:36:40.000,2026-07-24 19:36:40.000,0.26.0,60.0,4794.0,176695720.0,177068380.0,https://anaconda.org/conda-forge/prometheus_client,2026-07-25 21:48:28.068,27949531.0,1.0,,,,,,,,,,,,,,,,,
73,django-environ,joke2k/django-environ,django-utils,,https://github.com/joke2k/django-environ,283379.0,282861.0,113.0,https://github.com/joke2k/django-environ,MIT,2013-04-02 13:50:07.000,2026-06-19 00:32:42.284000,340.0,50.0,3159.0,Django-environ allows you to utilize 12factor inspired environment variables to configure your Django application.,31,True,['django'],conda-forge/django-environ,django-environ,https://pypi.org/project/django-environ,2026-06-18 22:49:54.000,2026-06-18 22:49:54.000,0.14.0,25.0,518.0,8266292.0,8272596.0,https://anaconda.org/conda-forge/django-environ,2026-06-19 00:32:42.284,239574.0,1.0,,,,,,,,,,,,,,,,,
74,vcrpy,kevin1024/vcrpy,testing,,https://github.com/kevin1024/vcrpy,13081.0,12394.0,166.0,https://github.com/kevin1024/vcrpy,MIT,2012-05-29 04:52:00.000,2026-07-28 13:34:17.000000,429.0,148.0,2979.0,Automatically mock your HTTP interactions to simplify and speed up testing.,31,True,,conda-forge/vcrpy,vcrpy,https://pypi.org/project/vcrpy,2026-07-04 14:27:00.000,2026-07-04 14:27:00.000,8.3.0,80.0,687.0,26257757.0,26273059.0,https://anaconda.org/conda-forge/vcrpy,2026-07-06 23:51:23.862,1117086.0,1.0,,,,,,,,,,,,,,,,,
75,drf-spectacular,tfranzel/drf-spectacular,openapi-utils,,https://github.com/tfranzel/drf-spectacular,142349.0,141929.0,145.0,https://github.com/tfranzel/drf-spectacular,BSD-3-Clause,2020-03-01 22:36:54.000,2026-07-06 16:51:31.072000,325.0,203.0,2846.0,Sane and flexible OpenAPI 3 schema generation for Django REST framework.,31,True,['openapi'],conda-forge/drf-spectacular,drf-spectacular,https://pypi.org/project/drf-spectacular,2026-07-06 11:29:45.000,2026-07-06 11:29:45.000,0.30.0,67.0,420.0,14325216.0,14326911.0,https://anaconda.org/conda-forge/drf-spectacular,2026-07-06 16:51:31.072,100053.0,1.0,,,,,,,,,,,,,,,,,
76,whitenoise,evansd/whitenoise,servers,,https://github.com/evansd/whitenoise,535508.0,534923.0,70.0,https://github.com/evansd/whitenoise,MIT,2013-08-08 11:02:06.000,2026-08-25 20:58:36.495000,152.0,36.0,2721.0,Radically simplified static file serving for Python web apps.,31,True,,conda-forge/whitenoise,whitenoise,https://pypi.org/project/whitenoise,2026-02-27 00:05:40.000,2026-02-27 00:05:40.000,6.12.0,60.0,585.0,16575606.0,16579834.0,https://anaconda.org/conda-forge/whitenoise,2026-08-25 20:58:36.495,295968.0,2.0,,,,,,,,,,,,,,,,,
77,tldextract,john-kurkowski/tldextract,url-utils,,https://github.com/john-kurkowski/tldextract,46212.0,45136.0,55.0,https://github.com/john-kurkowski/tldextract,BSD-3-Clause,2011-02-26 06:48:00.000,2026-08-09 05:37:53.954000,219.0,18.0,2011.0,"Accurately separates a URLs subdomain, domain, and public suffix, using the Public Suffix List (PSL).",31,True,,conda-forge/tldextract,tldextract,https://pypi.org/project/tldextract,2026-08-08 20:53:12.000,2026-08-08 20:53:12.000,5.3.2,66.0,1076.0,38099863.0,38114457.0,https://anaconda.org/conda-forge/tldextract,2026-08-09 05:37:53.954,919457.0,1.0,,,,,,,,,,,,,,,,,
78,pymdown-extensions,facelessuser/pymdown-extensions,markdown,,https://github.com/facelessuser/pymdown-extensions,65920.0,63167.0,66.0,https://github.com/facelessuser/pymdown-extensions,MIT,2014-11-21 06:08:04.000,2026-08-23 13:45:22.171000,269.0,25.0,1129.0,Extensions for Python Markdown.,31,True,,conda-forge/pymdown-extensions,pymdown-extensions,https://pypi.org/project/pymdown-extensions,2026-08-22 19:28:45.000,2026-08-22 19:28:45.000,11.0.2,121.0,2753.0,25923141.0,25935384.0,https://anaconda.org/conda-forge/pymdown-extensions,2026-08-23 13:45:22.171,881533.0,2.0,,,,,,,,,,,,,,,,,
79,certifi,certifi/python-certifi,others,,https://github.com/certifi/python-certifi,15515.0,5.0,42.0,https://github.com/certifi/python-certifi,MPL-2.0,2011-12-28 05:15:19.000,2026-07-22 10:55:36.266000,296.0,2.0,987.0,(Python Distribution) A carefully curated collection of Root Certificates for validating the trustworthiness of SSL..,31,True,,conda-forge/certifi,certifi,https://pypi.org/project/certifi,2026-07-22 03:35:11.000,2026-07-22 03:35:11.000,2026.7.22,77.0,15510.0,1884877308.0,1887673258.0,https://anaconda.org/conda-forge/certifi,2026-07-22 10:55:36.266,206900325.0,2.0,,,,,,,,,,,,,,,,,
80,httpcore,encode/httpcore,http-clients,,https://github.com/encode/httpcore,445036.0,444065.0,59.0,https://github.com/encode/httpcore,BSD-3-Clause,2020-01-30 12:41:11.000,2026-01-08 03:07:35.000000,170.0,48.0,543.0,A minimal HTTP client.,31,True,,conda-forge/httpcore,httpcore,https://pypi.org/project/httpcore,2025-04-24 22:06:20.000,2025-04-24 22:06:20.000,1.0.9,64.0,971.0,849100392.0,849412792.0,https://anaconda.org/conda-forge/httpcore,2025-04-25 17:42:16.142,23430060.0,2.0,,,,,,,,,,,,,,,,,
81,httplib2,httplib2/httplib2,http-clients,,https://github.com/httplib2/httplib2,272890.0,271645.0,80.0,https://github.com/httplib2/httplib2,MIT,2016-03-02 22:59:52.000,2026-06-26 12:36:29.231000,187.0,62.0,509.0,"Small, fast HTTP client library for Python. Features persistent connections, cache, and Google App Engine support...",31,True,,conda-forge/httplib2,httplib2,https://pypi.org/project/httplib2,2026-06-26 10:13:54.000,2026-06-26 10:13:54.000,0.32.0,45.0,1245.0,172102508.0,172178245.0,https://anaconda.org/conda-forge/httplib2,2026-06-26 12:36:29.231,5680302.0,2.0,,,,,,,,,,,,,,,,,
82,Mako,sqlalchemy/mako,others,,https://github.com/sqlalchemy/mako,339408.0,337962.0,63.0,https://github.com/sqlalchemy/mako,MIT,2018-11-26 22:21:34.000,2026-08-18 17:07:16.000000,83.0,58.0,452.0,Mako Templates for Python.,31,True,,conda-forge/mako,mako,https://pypi.org/project/mako,2026-08-05 06:10:58.000,2026-08-05 06:10:58.000,1.4.1,81.0,1446.0,221118223.0,221313625.0,https://anaconda.org/conda-forge/mako,2026-08-05 14:36:45.828,14264365.0,2.0,,,,,,,,,,,,,,,,,
83,soupsieve,facelessuser/soupsieve,web-scraping,,https://github.com/facelessuser/soupsieve,762250.0,760296.0,18.0,https://github.com/facelessuser/soupsieve,MIT,2018-12-07 07:42:56.000,2026-08-08 15:16:06.113000,52.0,12.0,266.0,A modern CSS selector implementation for BeautifulSoup.,31,True,,conda-forge/soupsieve,soupsieve,https://pypi.org/project/soupsieve,2026-08-07 00:57:23.000,2026-08-07 00:57:23.000,2.9.2,55.0,1954.0,445242539.0,445796582.0,https://anaconda.org/conda-forge/soupsieve,2026-08-08 15:16:06.113,39891099.0,1.0,,,,,,,,,,,,,,,,,
84,pytube,pytube/pytube,third-party-apis,,https://github.com/pytube/pytube,58514.0,57979.0,112.0,https://github.com/pytube/pytube,Unlicense,2012-03-18 19:33:44.000,2026-04-27 15:51:36.772000,2516.0,710.0,12303.0,"A lightweight, dependency-free Python library (and command-line utility) for downloading YouTube Videos.",30,True,,conda-forge/pytube,pytube,https://pypi.org/project/pytube,2023-05-07 19:40:40.414,2023-05-07 19:40:40.414,15.0.0,86.0,535.0,4185044.0,4185638.0,https://anaconda.org/conda-forge/pytube,2026-04-27 15:51:36.772,34475.0,2.0,,,,,,,,,,,,,,,,,
85,scapy,secdev/scapy,others,,https://github.com/secdev/scapy,24566.0,23802.0,548.0,https://github.com/secdev/scapy,GPL-2.0,2015-10-01 17:06:46.000,2026-04-13 20:54:07.000000,2202.0,131.0,12186.0,Scapy: the Python-based interactive packet manipulation program & library.,30,True,,conda-forge/scapy,scapy,https://pypi.org/project/scapy,2026-04-13 20:54:07.000,2025-12-26 22:07:48.000,2.7.0,32.0,764.0,4260226.0,4262836.0,https://anaconda.org/conda-forge/scapy,2025-12-27 00:28:08.944,185347.0,2.0,,,,,,,,,,,,,,,,,
86,Telethon,LonamiWebs/Telethon,third-party-apis,,https://github.com/LonamiWebs/Telethon,737.0,24.0,212.0,https://github.com/LonamiWebs/Telethon,MIT,2016-08-26 10:59:24.000,2026-06-15 15:47:41.000000,1640.0,1.0,12064.0,"Pure Python 3 MTProto API Telegram client library, for bots too!.",30,True,,,telethon,https://pypi.org/project/telethon,2026-06-15 15:47:41.000,2026-04-20 08:06:44.000,1.43.2,244.0,713.0,4110966.0,4110966.0,,,,2.0,,,,,,,,,,,,,,,,,
87,django-cms,django-cms/django-cms,cms,,https://github.com/django-cms/django-cms,5891.0,5521.0,604.0,https://github.com/django-cms/django-cms,BSD-3-Clause,2009-03-05 10:14:18.000,2026-08-27 18:43:55.000000,3191.0,11.0,10665.0,The easy-to-use and developer-friendly enterprise CMS powered by Django.,30,True,['django'],,django-cms,https://pypi.org/project/django-cms,2026-08-27 18:43:55.000,2026-08-27 18:43:55.000,5.0.11,150.0,370.0,122389.0,122389.0,,,,2.0,,,,,,,,,,,,,,,,,
88,falcon,falconry/falcon,web-frameworks,,https://github.com/falconry/falcon,11009.0,10576.0,246.0,https://github.com/falconry/falcon,Apache-2.0,2012-12-06 18:17:51.000,2026-06-16 12:44:37.723000,1002.0,160.0,9794.0,"The no-magic web API and microservices framework for Python developers, with a focus on reliability and performance at..",30,True,,conda-forge/falcon,falcon,https://pypi.org/project/falcon,2026-06-16 05:31:23.000,2026-06-16 05:31:23.000,4.3.1,103.0,433.0,1648360.0,1665250.0,https://anaconda.org/conda-forge/falcon,2026-06-16 12:44:37.723,1182313.0,2.0,,,,,,,,,,,,,,,,,
89,flask-restful,flask-restful/flask-restful,web-frameworks,,https://github.com/flask-restful/flask-restful,124857.0,124129.0,163.0,https://github.com/flask-restful/flask-restful,BSD-3-Clause,2012-10-12 00:08:51.000,2025-04-22 14:56:27.635000,1040.0,143.0,6916.0,Simple framework for creating REST APIs.,30,False,['flask'],conda-forge/flask-restful,flask-restful,https://pypi.org/project/flask-restful,2023-05-21 03:59:07.841,2023-05-21 03:59:07.841,0.3.10,33.0,728.0,3567352.0,3573660.0,https://anaconda.org/conda-forge/flask-restful,2025-04-22 14:56:27.635,397457.0,2.0,,,,,,,,,,,,,,,,,
90,google-resumable-media,googleapis/google-resumable-media-python,third-party-apis,,https://github.com/googleapis/google-resumable-media-python,315.0,,39.0,https://github.com/googleapis/google-resumable-media-python,Apache-2.0,2017-04-12 20:09:20.000,2026-08-26 08:26:25.317000,1760.0,,5376.0,This library has moved to https://github.com/googleapis/google-cloud-python/tree/main/packages/google-resumable-media.,30,True,,conda-forge/google-resumable-media,google-resumable-media,https://pypi.org/project/google-resumable-media,2026-08-25 19:18:07.000,2026-08-25 19:18:07.000,2.10.2,55.0,315.0,189674632.0,189776894.0,https://anaconda.org/conda-forge/google-resumable-media,2026-08-26 08:26:25.317,7567440.0,2.0,,,,,,,,,,,,,,,,,
91,django-crispy-forms,django-crispy-forms/django-crispy-forms,forms,,https://github.com/django-crispy-forms/django-crispy-forms,169897.0,169388.0,232.0,https://github.com/django-crispy-forms/django-crispy-forms,MIT,2011-11-01 11:48:03.000,2026-07-29 11:12:11.000000,730.0,72.0,5161.0,The best way to have DRY Django forms. The app provides a tag and filter that lets you quickly render forms in a div..,30,True,['django'],conda-forge/django-crispy-forms,django-crispy-forms,https://pypi.org/project/django-crispy-forms,2026-07-29 11:12:11.000,2022-01-25 08:08:34.000,1.14.0,47.0,509.0,3001844.0,3005672.0,https://anaconda.org/conda-forge/django-crispy-forms,2026-03-01 11:27:30.459,264135.0,1.0,,,,,,,,,,,,,,,,,
92,Strawberry GraphQL,strawberry-graphql/strawberry,graphql,,https://github.com/strawberry-graphql/strawberry,6266.0,5993.0,365.0,https://github.com/strawberry-graphql/strawberry,MIT,2018-12-21 08:56:55.000,2026-08-10 15:05:48.000000,660.0,309.0,4703.0,A GraphQL library for Python that leverages type annotations.,30,True,['graphql'],,strawberry-graphql,https://pypi.org/project/strawberry-graphql,2026-08-10 15:05:42.000,2026-08-10 15:05:42.000,0.324.0,1098.0,273.0,7378205.0,7378205.0,,,,1.0,,,,,,,,,,,,,,,,,
93,flask-sqlalchemy,pallets/flask-sqlalchemy,flask-utils,,https://flask-sqlalchemy.readthedocs.io,540503.0,539175.0,122.0,,BSD-3-Clause,2020-05-26 01:14:50.708,2025-12-01 16:04:19.932000,904.0,,4312.0,Add SQLAlchemy support to your Flask application.,30,True,['flask'],conda-forge/flask-sqlalchemy,flask-sqlalchemy,https://pypi.org/project/flask-sqlalchemy,2023-09-11 21:42:34.000,2023-09-11 21:42:34.000,3.1.1,35.0,1328.0,27178015.0,27191569.0,https://anaconda.org/conda-forge/flask-sqlalchemy,2025-12-01 16:04:19.932,1016586.0,1.0,,,,,,,,,,,,,,,,,
94,praw,praw-dev/praw,third-party-apis,,https://github.com/praw-dev/praw,28041.0,27600.0,237.0,https://github.com/praw-dev/praw,BSD-2-Clause,2010-08-19 04:00:07.000,2026-08-20 22:15:59.094000,498.0,,4225.0,"PRAW, an acronym for Python Reddit API Wrapper, is a python package that allows for simple access to Reddits API.",30,True,,conda-forge/praw,praw,https://pypi.org/project/praw,2026-08-12 16:57:30.000,2026-08-12 16:57:30.000,8.0.3,136.0,441.0,1964297.0,1966136.0,https://anaconda.org/conda-forge/praw,2026-08-20 22:15:59.094,106694.0,2.0,,,,,,,,,,,,,,,,,
95,python-slack-sdk,slackapi/python-slack-sdk,third-party-apis,,https://github.com/slackapi/python-slack-sdk,1388.0,,196.0,https://github.com/slackapi/python-slack-sdk,MIT,2014-11-10 21:32:02.000,2026-08-27 12:00:55.820000,857.0,55.0,4015.0,Slack Developer Kit for Python.,30,True,,conda-forge/slack-sdk,slack-sdk,https://pypi.org/project/slack-sdk,2026-08-27 07:08:48.000,2026-08-27 07:08:48.000,3.44.0,133.0,1388.0,95301890.0,95316473.0,https://anaconda.org/conda-forge/slack-sdk,2026-08-27 12:00:55.820,962535.0,2.0,,,,,,,,,,,,,,,,,
96,datamodel-code-generator,koxudaxi/datamodel-code-generator,openapi-utils,,https://github.com/koxudaxi/datamodel-code-generator,4636.0,3993.0,248.0,https://github.com/koxudaxi/datamodel-code-generator,MIT,2019-05-29 08:01:32.000,2026-08-24 19:16:35.000000,453.0,23.0,4006.0,"Generate Pydantic v2 models, dataclasses, TypedDict, and msgspec.Struct from OpenAPI, JSON Schema, GraphQL, Avro,..",30,True,['openapi'],,datamodel-code-generator,https://pypi.org/project/datamodel-code-generator,2026-08-24 19:16:35.000,2026-08-24 19:16:35.000,0.75.1,277.0,643.0,18749325.0,18749325.0,,,,1.0,,,,,,,,,,,,,,,,,
97,flask-login,maxcountryman/flask-login,auth,,https://github.com/maxcountryman/flask-login,225885.0,225213.0,119.0,https://github.com/maxcountryman/flask-login,MIT,2012-03-11 14:42:33.000,2025-04-22 14:56:25.112000,803.0,16.0,3582.0,Flask user session management.,30,False,['flask'],conda-forge/flask-login,flask-login,https://pypi.org/project/flask-login,2023-10-30 14:53:19.000,2023-10-30 14:53:19.000,0.6.3,25.0,672.0,25753479.0,25766598.0,https://anaconda.org/conda-forge/flask-login,2025-04-22 14:56:25.112,695337.0,2.0,,,,,,,,,,,,,,,,,
98,django-import-export,django-import-export/django-import-export,django-utils,,https://github.com/django-import-export/django-import-export,133147.0,132932.0,249.0,https://github.com/django-import-export/django-import-export,BSD-2-Clause,2012-11-15 13:12:22.000,2026-05-05 15:44:35.491000,825.0,25.0,3320.0,Django application and library for importing and exporting data with admin integration.,30,True,['django'],conda-forge/django-import-export,django-import-export,https://pypi.org/project/django-import-export,2026-05-05 12:42:42.000,2026-05-05 12:42:42.000,4.4.1,110.0,215.0,2908085.0,2911860.0,https://anaconda.org/conda-forge/django-import-export,2026-05-05 15:44:35.491,279380.0,1.0,,,,,,,,,,,,,,,,,
99,pyotp,pyauth/pyotp,auth,,https://github.com/pyauth/pyotp,28750.0,28291.0,53.0,https://github.com/pyauth/pyotp,MIT,2011-09-23 13:10:31.000,2026-06-14 05:16:26.218000,353.0,5.0,3311.0,Python One-Time Password Library.,30,True,,conda-forge/pyotp,pyotp,https://pypi.org/project/pyotp,2023-07-27 23:41:01.000,2023-07-27 23:41:01.000,2.9.0,24.0,459.0,41822816.0,41824644.0,https://anaconda.org/conda-forge/pyotp,2026-06-14 05:16:26.218,131629.0,2.0,,,,,,,,,,,,,,,,,
100,django-storages,jschneier/django-storages,django-utils,,https://github.com/jschneier/django-storages,225176.0,224952.0,285.0,https://github.com/jschneier/django-storages,BSD-3-Clause,2014-12-09 00:37:09.000,2025-04-22 14:56:39.267000,873.0,134.0,2825.0,Django-storages is a project to provide a variety of storage backends in a single library.,30,False,['django'],conda-forge/django-storages,django-storages,https://pypi.org/project/django-storages,2025-04-02 02:34:53.000,2025-04-02 02:34:53.000,1.14.6,46.0,224.0,13199908.0,13202635.0,https://anaconda.org/conda-forge/django-storages,2025-04-22 14:56:39.267,166396.0,1.0,,,,,,,,,,,,,,,,,
101,daphne,django/daphne,websocket,,https://github.com/django/daphne,40746.0,40538.0,79.0,https://github.com/django/daphne,BSD-3-Clause,2015-12-23 17:06:46.000,2026-07-21 16:05:23.854000,289.0,39.0,2675.0,Django Channels HTTP/WebSocket server.,30,True,['django'],conda-forge/daphne,daphne,https://pypi.org/project/daphne,2026-07-21 13:15:18.000,2026-07-21 13:15:18.000,4.2.3,64.0,208.0,5921014.0,5924386.0,https://anaconda.org/conda-forge/daphne,2026-07-21 16:05:23.854,236055.0,2.0,,,,,,,,,,,,,,,,,
102,rdflib,RDFLib/rdflib,others,,https://github.com/RDFLib/rdflib,31087.0,29291.0,209.0,https://github.com/RDFLib/rdflib,BSD-3-Clause,2012-02-03 05:49:13.000,2026-08-05 05:44:39.000000,599.0,376.0,2486.0,"RDFLib is a Python library for working with RDF, a simple yet powerful language for representing information.",30,True,,conda-forge/rdflib,rdflib,https://pypi.org/project/rdflib,2026-02-13 07:15:46.000,2026-02-13 07:15:46.000,7.6.0,48.0,1796.0,17256628.0,17278198.0,https://anaconda.org/conda-forge/rdflib,2026-02-13 15:07:19.601,1509944.0,2.0,,,,,,,,,,,,,,,,,
103,xhtml2pdf,xhtml2pdf/xhtml2pdf,html-processing,,https://github.com/xhtml2pdf/xhtml2pdf,21545.0,21405.0,173.0,https://github.com/xhtml2pdf/xhtml2pdf,Apache-2.0,2011-05-16 13:45:29.000,2026-07-01 00:37:45.382000,654.0,136.0,2383.0,A library for converting HTML into PDFs using ReportLab.,30,True,,conda-forge/xhtml2pdf,xhtml2pdf,https://pypi.org/project/xhtml2pdf,2025-02-23 23:17:02.000,2025-02-23 23:17:02.000,0.2.17,33.0,140.0,4215681.0,4219341.0,https://anaconda.org/conda-forge/xhtml2pdf,2026-07-01 00:37:45.382,263586.0,2.0,,,,,,,,,,,,,,,,,
104,django-stubs,typeddjango/django-stubs,django-utils,,https://github.com/typeddjango/django-stubs,16112.0,15484.0,346.0,https://github.com/typeddjango/django-stubs,MIT,2018-07-29 17:08:50.000,2026-08-13 17:09:25.288000,562.0,176.0,1964.0,PEP-484 stubs for Django.,30,True,['django'],conda-forge/django-stubs,django-stubs,https://pypi.org/project/django-stubs,2026-08-12 10:55:26.000,2026-08-12 10:55:26.000,6.1.0,83.0,628.0,11447571.0,11449056.0,https://anaconda.org/conda-forge/django-stubs,2026-08-13 17:09:25.288,95053.0,1.0,,,,,,,,,,,,,,,,,
105,pytest-django,pytest-dev/pytest-django,testing,,https://github.com/pytest-dev/pytest-django,102506.0,99054.0,161.0,https://github.com/pytest-dev/pytest-django,,2011-09-29 19:35:55.000,2026-08-10 20:42:59.000000,365.0,185.0,1544.0,A Django plugin for pytest.,30,False,['django'],conda-forge/pytest-django,pytest-django,https://pypi.org/project/pytest-django,2026-08-10 14:13:06.000,2026-08-10 14:13:06.000,4.14.0,70.0,3452.0,22796589.0,22805600.0,https://anaconda.org/conda-forge/pytest-django,2026-08-05 23:25:45.534,639783.0,2.0,,,,,,,,,,,,,,,,,
106,Yarl,aio-libs/yarl,url-utils,,https://github.com/aio-libs/yarl,3462.0,,135.0,https://github.com/aio-libs/yarl,Apache-2.0,2016-08-02 12:56:42.000,2026-07-20 05:56:56.085000,200.0,58.0,1490.0,Yet another URL library.,30,True,,conda-forge/yarl,yarl,https://pypi.org/project/yarl,2026-07-20 02:04:21.000,2026-07-20 02:04:21.000,1.24.5,138.0,3462.0,633749945.0,634169736.0,https://anaconda.org/conda-forge/yarl,2026-07-20 05:56:56.085,29385405.0,2.0,,,,,,,,,,,,,,,,,
107,PySocks,Anorov/PySocks,others,,https://github.com/Anorov/PySocks,247021.0,245882.0,32.0,https://github.com/Anorov/PySocks,BSD-3-Clause,2012-02-21 09:10:49.000,2025-04-22 14:56:26.583000,262.0,60.0,1263.0,A SOCKS proxy client and wrapper for Python.,30,False,,conda-forge/pysocks,pysocks,https://pypi.org/project/pysocks,2019-09-20 02:06:20.000,2019-09-20 02:06:20.000,1.7.1,19.0,1139.0,62263999.0,63511123.0,https://anaconda.org/conda-forge/pysocks,2025-04-22 14:56:26.583,88545823.0,2.0,,,,,,,,,,,,,,,,,
108,requests-toolbelt,requests/toolbelt,http-clients,,https://github.com/requests/toolbelt,197468.0,194833.0,72.0,https://github.com/requests/toolbelt,Apache-2.0,2013-12-29 21:19:08.000,2025-04-22 14:56:21.422000,193.0,92.0,1032.0,A toolbelt of useful classes and functions to be used with python-requests.,30,False,,conda-forge/requests-toolbelt,requests-toolbelt,https://pypi.org/project/requests-toolbelt,2023-05-01 04:12:06.235,2023-05-01 04:12:06.235,1.0.0,21.0,2635.0,279882679.0,280257344.0,https://anaconda.org/conda-forge/requests-toolbelt,2025-04-22 14:56:21.422,17234629.0,2.0,,,,,,,,,,,,,,,,,
109,NiceGUI,zauberzeug/nicegui,web-ui,,https://github.com/zauberzeug/nicegui,3539.0,3023.0,234.0,https://github.com/zauberzeug/nicegui,MIT,2021-05-07 13:55:05.000,2026-08-14 05:30:18.717000,937.0,67.0,16122.0,Create web-based user interfaces with Python. The nice way.,29,True,,conda-forge/nicegui,nicegui,https://pypi.org/project/nicegui,2026-08-12 15:18:28.000,2026-08-12 15:18:28.000,3.16.0,315.0,516.0,1171076.0,1176962.0,https://anaconda.org/conda-forge/nicegui,2026-08-14 05:30:18.717,176954.0,2.0,,,,,,,,,zauberzeug/nicegui,https://hub.docker.com/r/zauberzeug/nicegui,2026-08-12 15:21:43.314927,12.0,92191.0,,,,
110,SeleniumBase,seleniumbase/SeleniumBase,testing,,https://github.com/seleniumbase/SeleniumBase,2907.0,2774.0,40.0,https://github.com/seleniumbase/SeleniumBase,MIT,2014-03-04 23:07:33.000,2026-08-25 18:25:31.000000,1578.0,14.0,12954.0,"APIs for web automation, testing, and bypassing bot-detection.",29,True,,,seleniumbase,https://pypi.org/project/seleniumbase,2026-08-25 18:25:31.000,2026-08-25 18:25:31.000,4.52.4,1199.0,133.0,2952640.0,2952640.0,,,,2.0,,,,,,,,,,,,,,,,,
111,Django-Ninja,vitalik/django-ninja,django-utils,,https://github.com/vitalik/django-ninja,261.0,,187.0,https://github.com/vitalik/django-ninja,MIT,2020-05-19 08:48:53.000,2026-08-24 14:12:52.000000,611.0,220.0,9173.0,"Fast, Async-ready, Openapi, type hints based framework for building APIs.",29,True,,conda-forge/django-ninja,django-ninja,https://pypi.org/project/django-ninja,2026-08-24 14:12:52.000,2026-08-17 08:45:40.000,1.6.3,81.0,261.0,3399057.0,3399952.0,https://anaconda.org/conda-forge/django-ninja,2026-08-18 15:09:36.333,49279.0,1.0,,,,,,,,,,,,,,,,,
112,litestar,litestar-org/litestar,web-frameworks,,https://github.com/litestar-org/litestar,2672.0,2395.0,302.0,https://github.com/litestar-org/litestar,MIT,2021-12-06 19:43:06.000,2026-08-03 14:21:09.000000,593.0,300.0,8374.0,"Light, flexible and extensible ASGI framework | Built to scale.",29,True,['openapi'],,litestar,https://pypi.org/project/litestar,2026-06-11 11:26:58.000,2026-06-11 11:26:58.000,2.24.0,65.0,277.0,2101697.0,2101697.0,,,,2.0,,,,,,,,,,,,,,,,,
113,trafilatura,adbar/trafilatura,web-scraping,,https://github.com/adbar/trafilatura,11203.0,10095.0,71.0,https://github.com/adbar/trafilatura,Apache-2.0,2019-04-08 11:38:48.000,2026-07-31 16:07:10.000000,399.0,67.0,6380.0,"Python & Command-line tool to gather text and metadata on the Web: Crawling, scraping, extraction, output as CSV,..",29,True,,,trafilatura,https://pypi.org/project/trafilatura,2026-07-31 16:06:46.000,2026-07-31 16:06:46.000,2.2.0,52.0,1108.0,14003534.0,14003534.0,,,,1.0,,,,,,,,,,,,,,,,,
114,flask-admin,flask-admin/flask-admin,admin-ui,,https://flask-admin.readthedocs.io,33420.0,33208.0,393.0,,BSD-3-Clause,2020-10-26 07:59:52.860,2026-05-07 12:44:05.353000,1640.0,,6061.0,Simple and extensible admin interface framework for Flask.,29,True,['flask'],conda-forge/flask-admin,flask-admin,https://pypi.org/project/flask-admin,2026-05-07 09:17:59.000,2026-05-07 09:17:59.000,2.2.0,52.0,212.0,2592592.0,2599396.0,https://anaconda.org/conda-forge/flask-admin,2026-05-07 12:44:05.353,476305.0,1.0,,,,,,,,,,,,,,,,,
115,django-cors-headers,adamchainz/django-cors-headers,django-utils,,https://github.com/adamchainz/django-cors-headers,316312.0,315799.0,70.0,https://github.com/adamchainz/django-cors-headers,MIT,2013-01-19 08:39:17.000,2025-09-18 14:25:07.383000,540.0,5.0,5515.0,Django app for handling the server headers required for Cross-Origin Resource Sharing (CORS).,29,True,['django'],conda-forge/django-cors-headers,django-cors-headers,https://pypi.org/project/django-cors-headers,2025-09-18 10:40:50.000,2025-09-18 10:40:50.000,4.9.0,61.0,513.0,21916850.0,21920534.0,https://anaconda.org/conda-forge/django-cors-headers,2025-09-18 14:25:07.383,272681.0,1.0,,,,,,,,,,,,,,,,,
116,authlib,lepture/authlib,auth,,https://authlib.org,58329.0,56737.0,148.0,,BSD-3-Clause,2020-05-18 14:55:23.447,2026-05-19 02:20:36.201000,548.0,,5361.0,The ultimate Python library in building OAuth and OpenID Connect servers and clients.,29,True,,conda-forge/authlib,authlib,https://pypi.org/project/authlib,2026-05-06 08:10:21.000,2026-05-06 08:10:21.000,1.7.2,63.0,1592.0,150680748.0,150685841.0,https://anaconda.org/conda-forge/authlib,2026-05-19 02:20:36.201,381984.0,2.0,,,,,,,,,,,,,,,,,
117,django-silk,jazzband/django-silk,testing,,https://github.com/jazzband/django-silk,6613.0,6566.0,173.0,https://github.com/jazzband/django-silk,MIT,2014-05-21 21:14:45.000,2026-08-26 05:59:53.000000,375.0,126.0,4991.0,Silky smooth profiling for Django.,29,True,['django'],,django-silk,https://pypi.org/project/django-silk,2026-08-13 04:25:29.000,2026-08-13 04:25:29.000,5.5.2,53.0,47.0,2523344.0,2523344.0,,,,2.0,,,,,,,,,,,,,,,,,
118,django-guardian,django-guardian/django-guardian,auth,,https://github.com/django-guardian/django-guardian,7954.0,7836.0,192.0,https://github.com/django-guardian/django-guardian,BSD-2-Clause,2010-06-04 23:15:37.000,2026-08-27 01:28:52.864000,594.0,35.0,3910.0,Per object permissions for Django.,29,True,['django'],conda-forge/django-guardian,django-guardian,https://pypi.org/project/django-guardian,2026-08-27 00:04:53.000,2026-08-27 00:04:53.000,3.3.4,61.0,118.0,1018168.0,1020839.0,https://anaconda.org/conda-forge/django-guardian,2026-08-27 01:28:52.864,171006.0,2.0,,,,,,,,,,,,,,,,,
119,django-reversion,etianen/django-reversion,django-utils,,https://github.com/etianen/django-reversion,8016.0,7922.0,198.0,https://github.com/etianen/django-reversion,BSD-3-Clause,2010-05-31 15:32:25.000,2026-06-12 19:55:45.000000,491.0,24.0,3163.0,django-reversion is an extension to the Django web framework that provides version control for model instances.,29,True,['django'],,django-reversion,https://pypi.org/project/django-reversion,2026-06-12 19:55:45.000,2026-06-12 19:55:45.000,6.3.0,88.0,94.0,2276167.0,2276167.0,,,,1.0,,,,,,,,,,,,,,,,,
120,django-redis,jazzband/django-redis,django-utils,,https://github.com/jazzband/django-redis,48168.0,47774.0,149.0,https://github.com/jazzband/django-redis,,2012-04-17 16:29:49.000,2026-08-24 17:41:25.000000,455.0,77.0,3081.0,Full featured redis cache backend for Django.,29,False,['django'],,django-redis,https://pypi.org/project/django-redis,2026-06-02 14:17:47.000,2026-06-02 14:17:47.000,7.0.0,70.0,394.0,12503776.0,12503776.0,,,,1.0,,,,,,,,,,,,,,,,,
121,django-mptt,django-mptt/django-mptt,django-utils,,https://github.com/django-mptt/django-mptt,23909.0,23638.0,160.0,https://github.com/django-mptt/django-mptt,MIT,2010-08-31 19:12:55.000,2026-06-02 08:19:47.000000,464.0,3.0,2975.0,Utilities for implementing a modified pre-order traversal tree in django.,29,True,['django'],anaconda/django-mptt,django-mptt,https://pypi.org/project/django-mptt,2026-06-02 08:19:47.000,2025-08-26 09:27:02.000,0.18.0,45.0,271.0,1388887.0,1388887.0,https://anaconda.org/anaconda/django-mptt,,,1.0,,,,,,,,,,,,,,,,,
122,bleach,mozilla/bleach,html-processing,,https://github.com/mozilla/bleach,2062.0,,79.0,https://github.com/mozilla/bleach,Apache-2.0,2010-02-19 01:12:41.000,2026-06-05 16:10:54.487000,260.0,,2772.0,Bleach is an allowed-list-based HTML sanitizing library that escapes or strips markup and attributes.,29,True,,conda-forge/bleach,bleach,https://pypi.org/project/bleach,2026-06-05 13:01:12.000,2026-06-05 13:01:12.000,6.4.0,61.0,2062.0,74426364.0,74832898.0,https://anaconda.org/conda-forge/bleach,2026-06-05 16:10:54.487,28863960.0,3.0,,,,,,,,,,,,,,,,,
123,django-model-utils,jazzband/django-model-utils,django-utils,,https://github.com/jazzband/django-model-utils,27865.0,27366.0,143.0,https://github.com/jazzband/django-model-utils,BSD-3-Clause,2009-11-10 06:18:00.000,2026-08-17 17:50:39.000000,372.0,124.0,2762.0,Django model mixins and utilities.,29,True,['django'],,django-model-utils,https://pypi.org/project/django-model-utils,2024-09-04 11:35:22.000,2024-09-04 11:35:22.000,5.0.0,43.0,499.0,5042734.0,5042734.0,,,,1.0,,,,,,,,,,,,,,,,,
124,pyquery,gawel/pyquery,html-processing,,https://github.com/gawel/pyquery,28368.0,27766.0,54.0,https://github.com/gawel/pyquery,BSD-3-Clause,2012-11-28 20:27:39.000,2026-07-27 19:00:11.000000,185.0,58.0,2381.0,A jquery-like library for python.,29,True,,conda-forge/pyquery,pyquery,https://pypi.org/project/pyquery,2026-07-27 19:00:04.000,2026-07-27 19:00:04.000,2.1.0,39.0,602.0,2359168.0,2360882.0,https://anaconda.org/conda-forge/pyquery,2025-04-22 14:56:42.143,118329.0,3.0,,,,,,,,,,,,,,,,,
125,Flask-Migrate,miguelgrinberg/Flask-Migrate,flask-utils,,https://github.com/miguelgrinberg/Flask-Migrate,193261.0,192859.0,51.0,https://github.com/miguelgrinberg/Flask-Migrate,MIT,2013-09-08 19:24:57.000,2025-04-22 14:56:28.718000,228.0,1.0,2369.0,SQLAlchemy database migrations for Flask applications using Alembic.,29,False,['flask'],conda-forge/flask-migrate,flask-migrate,https://pypi.org/project/flask-migrate,2025-01-10 18:51:09.000,2025-01-10 18:51:09.000,4.1.0,48.0,402.0,5232008.0,5242035.0,https://anaconda.org/conda-forge/flask-migrate,2025-04-22 14:56:28.718,701932.0,1.0,,,,,,,,,,,,,,,,,
126,jira,pycontribs/jira,third-party-apis,,https://github.com/pycontribs/jira,11885.0,11435.0,270.0,https://github.com/pycontribs/jira,BSD-2-Clause,2014-06-28 14:06:53.000,2026-08-24 13:46:30.236000,895.0,223.0,2105.0,Python Jira library. Development chat available on https://matrix.to/#/#pycontribs:matrix.org.,29,True,,conda-forge/jira,jira,https://pypi.org/project/jira,2025-07-28 12:18:21.000,2025-07-28 12:18:21.000,3.10.5,71.0,450.0,23154845.0,23159977.0,https://anaconda.org/conda-forge/jira,2026-08-24 13:46:30.236,297705.0,2.0,,,,,,,,,,,,,,,,,
127,stripe,stripe/stripe-python,third-party-apis,,https://github.com/stripe/stripe-python,777.0,,368.0,https://github.com/stripe/stripe-python,MIT,2011-06-25 19:53:04.000,2026-08-27 04:27:25.000000,535.0,20.0,2037.0,Python library for the Stripe API.,29,True,,anaconda/stripe,stripe,https://pypi.org/project/stripe,2026-08-27 04:27:25.000,2026-08-27 04:10:41.000,15.6.0,564.0,777.0,41557677.0,41558051.0,https://anaconda.org/anaconda/stripe,2026-06-11 13:25:32.863,48269.0,2.0,,,,,,,,,,,,,,,,,
128,python-zeep,mvantellingen/python-zeep,http-clients,,https://github.com/mvantellingen/python-zeep,753.0,,149.0,https://github.com/mvantellingen/python-zeep,MIT,2016-02-14 10:31:07.000,2026-07-10 12:45:43.320000,608.0,466.0,2002.0,A Python SOAP client.,29,True,,conda-forge/zeep,zeep,https://pypi.org/project/zeep,2026-06-18 17:17:57.000,2026-06-18 17:17:57.000,4.3.3,69.0,753.0,41533592.0,41542902.0,https://anaconda.org/conda-forge/zeep,2026-07-10 12:45:43.320,651710.0,3.0,,,,,,,,,,,,,,,,,
129,django-autocomplete-light,yourlabs/django-autocomplete-light,django-utils,,https://github.com/yourlabs/django-autocomplete-light,4859.0,4754.0,200.0,https://github.com/yourlabs/django-autocomplete-light,MIT,2012-05-03 11:49:37.000,2026-06-29 15:33:28.000000,465.0,212.0,1871.0,"A fresh approach to autocomplete implementations, specially for Django.",29,True,['django'],,django-autocomplete-light,https://pypi.org/project/django-autocomplete-light,2026-06-29 15:33:02.000,2026-06-18 11:55:00.000,4.0.3,237.0,105.0,694522.0,694522.0,,,,1.0,,,,,,,,,,,,,,,,,
130,dj-rest-auth,iMerica/dj-rest-auth,auth,,https://github.com/iMerica/dj-rest-auth,68105.0,68079.0,214.0,https://github.com/iMerica/dj-rest-auth,MIT,2020-02-28 19:35:48.000,2026-03-16 18:09:36.487000,342.0,247.0,1847.0,Authentication for Django Rest Framework.,29,True,['django'],conda-forge/dj-rest-auth,dj-rest-auth,https://pypi.org/project/dj-rest-auth,2026-03-15 04:05:39.000,2026-03-15 04:05:39.000,7.2.0,55.0,26.0,827966.0,829038.0,https://anaconda.org/conda-forge/dj-rest-auth,2026-03-16 18:09:36.487,65396.0,2.0,,,,,,,,,,,,,,,,,
131,sorl-thumbnail,jazzband/sorl-thumbnail,django-utils,,https://github.com/jazzband/sorl-thumbnail,15989.0,15873.0,170.0,https://github.com/jazzband/sorl-thumbnail,BSD-3-Clause,2010-11-12 00:46:35.000,2026-08-24 17:41:46.000000,495.0,6.0,1794.0,Thumbnails for Django.,29,True,['django'],conda-forge/sorl-thumbnail,sorl-thumbnail,https://pypi.org/project/sorl-thumbnail,2026-08-19 19:31:38.000,2026-08-19 19:31:38.000,13.1.0,36.0,116.0,496592.0,496795.0,https://anaconda.org/conda-forge/sorl-thumbnail,2025-04-22 14:57:33.341,14674.0,1.0,,,,,,,,,,,,,,,,,
132,flask-jwt-extended,vimalloc/flask-jwt-extended,auth,,https://github.com/vimalloc/flask-jwt-extended,67429.0,67047.0,101.0,https://github.com/vimalloc/flask-jwt-extended,MIT,2016-09-13 20:57:28.000,2026-05-14 01:41:59.509000,251.0,18.0,1583.0,An open source Flask extension that provides JWT support (with batteries included)!.,29,True,['flask'],conda-forge/flask-jwt-extended,flask-jwt-extended,https://pypi.org/project/flask-jwt-extended,2026-05-13 15:23:16.000,2026-05-13 15:23:16.000,4.7.4,92.0,382.0,11287454.0,11294245.0,https://anaconda.org/conda-forge/flask-jwt-extended,2026-05-14 01:41:59.509,468593.0,2.0,,,,,,,,,,,,,,,,,
133,wtforms,wtforms/wtforms,forms,,https://wtforms.readthedocs.io,260605.0,259911.0,176.0,,,2020-07-29 22:05:27.989,2026-06-15 12:25:08.000000,407.0,,1576.0,Form validation and rendering for Python web development.,29,False,,conda-forge/wtforms,wtforms,https://pypi.org/project/wtforms,2026-06-15 12:25:08.000,2026-05-03 05:53:46.000,3.2.2,34.0,694.0,17008360.0,17015022.0,https://anaconda.org/conda-forge/wtforms,2026-05-03 12:28:22.519,486368.0,2.0,,,,,,,,,,,,,,,,,
134,django-countries,SmileyChris/django-countries,django-utils,,https://github.com/SmileyChris/django-countries,29900.0,29757.0,58.0,https://github.com/SmileyChris/django-countries,MIT,2013-06-21 20:02:58.000,2026-06-10 00:39:36.000000,301.0,1.0,1526.0,"A Django application that provides country choices for use with forms, flag icons static files, and a country field..",29,True,['django'],,django-countries,https://pypi.org/project/django-countries,2026-06-10 00:39:26.000,2026-06-10 00:39:26.000,9.0.0,77.0,143.0,2188794.0,2188794.0,,,,1.0,,,,,,,,,,,,,,,,,
135,hvac,hvac/hvac,third-party-apis,,https://github.com/hvac/hvac,7919.0,7414.0,207.0,https://github.com/hvac/hvac,Apache-2.0,2015-05-05 21:56:50.000,2025-10-30 13:41:40.018000,393.0,179.0,1289.0,Python 3.X client for HashiCorp Vault.,29,True,,conda-forge/hvac,hvac,https://pypi.org/project/hvac,2025-10-30 12:57:46.000,2025-10-30 12:57:46.000,2.4.0,74.0,505.0,27962353.0,27973792.0,https://anaconda.org/conda-forge/hvac,2025-10-30 13:41:40.018,846541.0,2.0,,,,,,,,,,,,,,,,,
136,apispec,marshmallow-code/apispec,openapi-utils,,https://github.com/marshmallow-code/apispec,20491.0,20103.0,97.0,https://github.com/marshmallow-code/apispec,MIT,2014-10-18 23:48:49.000,2026-03-07 11:24:46.158000,187.0,30.0,1217.0,A pluggable API specification generator. Currently supports the OpenAPI Specification (f.k.a. the Swagger..,29,True,['openapi'],conda-forge/apispec,apispec,https://pypi.org/project/apispec,2026-03-06 21:48:39.000,2026-03-06 21:48:39.000,6.10.0,125.0,388.0,12227243.0,12253724.0,https://anaconda.org/conda-forge/apispec,2026-03-07 11:24:46.158,1959631.0,2.0,,,,,,,,,,,,,,,,,
137,pycurl,pycurl/pycurl,http-clients,,https://github.com/pycurl/pycurl,75387.0,74920.0,121.0,https://github.com/pycurl/pycurl,LGPL-2.1,2013-08-03 20:56:39.000,2026-07-09 21:14:26.000000,325.0,3.0,1159.0,PycURL - Python interface to libcurl.,29,False,,conda-forge/pycurl,pycurl,https://pypi.org/project/pycurl,2026-06-29 18:58:12.000,2026-06-29 18:58:12.000,7.47.0,62.0,467.0,5252811.0,5344903.0,https://anaconda.org/conda-forge/pycurl,2026-07-01 07:58:04.883,6446476.0,3.0,,,,,,,,,,,,,,,,,
138,tifffile,cgohlke/tifffile,others,,https://github.com/cgohlke/tifffile,91424.0,88830.0,1.0,https://github.com/cgohlke/tifffile,BSD-3-Clause,2020-02-22 22:43:58.000,2026-08-24 11:57:17.244000,162.0,,664.0,Read and write TIFF files.,29,True,,conda-forge/tifffile,tifffile,https://pypi.org/project/tifffile,2026-08-23 18:45:04.000,2026-08-23 18:45:04.000,2026.8.23,173.0,2594.0,28941913.0,29075252.0,https://anaconda.org/conda-forge/tifffile,2026-08-24 11:57:17.244,10000490.0,2.0,,,,,,,,,,,,,,,,,
139,graphql-core,graphql-python/graphql-core,graphql,,https://github.com/graphql-python/graphql-core,43799.0,43124.0,46.0,https://github.com/graphql-python/graphql-core,MIT,2018-08-01 20:57:07.000,2026-08-27 20:27:10.000000,146.0,30.0,530.0,A Python 3 port of the GraphQL.js reference implementation of GraphQL.,29,True,,conda-forge/graphql-core,graphql-core,https://pypi.org/project/graphql-core,2026-08-27 20:27:10.000,2026-08-27 20:25:47.000,3.2.12,110.0,675.0,79647479.0,79685970.0,https://anaconda.org/conda-forge/graphql-core,2026-06-05 21:46:15.105,2886858.0,2.0,,,,,,,,,,,,,,,,,
140,youtube-dl,ytdl-org/youtube-dl,third-party-apis,,https://github.com/ytdl-org/youtube-dl,728.0,,1011.0,https://github.com/ytdl-org/youtube-dl,Unlicense,2010-10-31 14:35:07.000,2026-02-19 16:45:25.000000,10667.0,4131.0,140874.0,Command-line program to download videos from YouTube.com and other video sites.,28,True,,conda-forge/youtube-dl,youtube_dl,https://pypi.org/project/youtube_dl,2021-12-16 19:02:14.000,2021-12-16 19:02:14.000,2021.12.17,955.0,728.0,188364.0,220707.0,https://anaconda.org/conda-forge/youtube-dl,2025-04-22 14:56:44.986,2425739.0,2.0,,,,,,,,,,,,,,youtube-dl,,,
141,certbot,certbot/certbot,others,,https://github.com/certbot/certbot,3445.0,2994.0,559.0,https://github.com/certbot/certbot,,2014-11-12 02:52:20.000,2026-07-15 17:40:08.000000,3503.0,211.0,33137.0,Certbot is EFFs tool to obtain certs from Lets Encrypt and (optionally) auto-enable HTTPS on your server. It can also..,28,False,,conda-forge/certbot-apache,certbot,https://pypi.org/project/certbot,2026-07-15 17:40:08.000,2026-07-15 17:40:08.000,5.7.0,133.0,451.0,653542.0,654754.0,https://anaconda.org/conda-forge/certbot-apache,2026-04-12 15:38:04.452,76377.0,2.0,,,,,,,,,,,,,,,,,
142,impacket,SecureAuthCorp/impacket,others,,https://www.coresecurity.com,6831.0,6656.0,327.0,,Apache-2.0,,2026-05-19 15:30:36.000000,3931.0,,15848.0,Network protocols Constructors and Dissectors.,28,True,,,impacket,https://pypi.org/project/impacket,2026-05-19 15:30:36.000,2026-05-19 15:30:36.000,0.13.1,19.0,175.0,797566.0,797566.0,,,,2.0,,,,,,,,,,,,,,,,,
143,tushare,waditu/tushare,third-party-apis,,https://github.com/waditu/tushare,2836.0,2664.0,34.0,https://github.com/waditu/tushare,BSD-3-Clause,2015-01-07 07:51:14.000,2026-03-25 06:33:43.000000,4411.0,704.0,14635.0,TuShare is a utility for crawling historical data of China stocks.,28,True,,,tushare,https://pypi.org/project/tushare,2026-03-25 06:33:43.000,2026-03-25 06:33:43.000,1.4.29,233.0,172.0,491652.0,491652.0,,,,2.0,,,,,,,,,,,,,,,,,
144,httpbin,postmanlabs/httpbin,others,,https://github.com/postmanlabs/httpbin,1807.0,1776.0,108.0,https://github.com/postmanlabs/httpbin,ISC,2011-05-20 21:14:01.000,2026-06-16 21:41:26.000000,1912.0,189.0,13524.0,"HTTP Request & Response Service, written in Python + Flask.",28,True,['flask'],,httpbin,https://pypi.org/project/httpbin,2026-06-16 21:41:26.000,2026-06-16 21:41:26.000,0.10.4,18.0,31.0,439311.0,439311.0,,,,2.0,,,,,,,,,,,,,,,,,
145,pelican,getpelican/pelican,markdown,,https://github.com/getpelican/pelican,9135.0,8860.0,485.0,https://github.com/getpelican/pelican,AGPL-3.0,2010-10-16 18:57:40.000,2026-04-21 12:31:04.243000,1835.0,90.0,13281.0,Static site generator that supports Markdown and reST syntax. Powered by Python.,28,True,,conda-forge/pelican,pelican,https://pypi.org/project/pelican,2026-04-20 15:30:15.000,2026-04-20 15:30:15.000,4.12.0,66.0,275.0,84662.0,91824.0,https://anaconda.org/conda-forge/pelican,2026-04-21 12:31:04.243,515666.0,2.0,,,,,,,,,,,,,,,,,
146,chalice,aws/chalice,serverless,,https://github.com/aws/chalice,3360.0,3290.0,207.0,https://github.com/aws/chalice,Apache-2.0,2016-05-27 23:27:13.000,2026-05-07 22:47:53.697000,1006.0,491.0,11044.0,Python Serverless Microframework for AWS.,28,True,,conda-forge/chalice,chalice,https://pypi.org/project/chalice,2026-05-07 19:02:18.000,2026-05-07 19:02:18.000,1.33.0,96.0,70.0,700811.0,709969.0,https://anaconda.org/conda-forge/chalice,2026-05-07 22:47:53.697,641093.0,1.0,,,,,,,,,,,,,,,,,
147,pywebview,r0x0r/pywebview,others,,https://github.com/r0x0r/pywebview,5538.0,5049.0,191.0,https://github.com/r0x0r/pywebview,BSD-3-Clause,2014-11-20 11:05:46.000,2026-04-20 10:20:17.000000,627.0,14.0,5871.0,"Build GUI for your Python program with JavaScript, HTML, and CSS.",28,True,,,pywebview,https://pypi.org/project/pywebview,2026-04-15 09:02:10.000,2026-04-15 09:02:10.000,6.2.1,79.0,489.0,2332156.0,2332156.0,,,,2.0,,,,,,,,,,,,,,,,,
148,web3.py,ethereum/web3.py,others,,https://github.com/ethereum/web3.py,2237.0,,313.0,,MIT,2020-10-12 21:54:14.577,2026-05-06 13:30:13.795000,1718.0,,5517.0,web3: A Python library for interacting with Ethereum.,28,True,,conda-forge/web3,web3,https://pypi.org/project/web3,2026-05-01 21:22:17.000,2026-05-01 21:22:17.000,7.16.0,254.0,2237.0,7063258.0,7080051.0,https://anaconda.org/conda-forge/web3,2026-05-06 13:30:13.795,1175528.0,2.0,,,,,,,,,,,,,,,,,
149,Flask-SocketIO,miguelgrinberg/Flask-SocketIO,websocket,,https://github.com/miguelgrinberg/Flask-SocketIO,62708.0,61943.0,72.0,https://github.com/miguelgrinberg/Flask-SocketIO,MIT,2014-02-09 07:22:50.000,2026-05-14 22:21:08.000000,903.0,7.0,5512.0,Socket.IO integration for Flask applications.,28,True,['flask'],conda-forge/flask-socketio,flask-socketio,https://pypi.org/project/flask-socketio,2026-02-21 13:07:51.000,2026-02-21 13:07:51.000,5.6.1,95.0,765.0,3762310.0,3773326.0,https://anaconda.org/conda-forge/flask-socketio,2026-02-21 16:48:27.886,804227.0,2.0,,,,,,,,,,,,,,,,,
150,spotipy,plamere/spotipy,third-party-apis,,https://spotipy.readthedocs.org/,44070.0,43561.0,205.0,,MIT,2021-02-27 02:50:00.069,2026-03-03 16:37:38.000000,973.0,,5444.0,A light weight Python library for the Spotify Web API.,28,True,,conda-forge/spotipy,spotipy,https://pypi.org/project/spotipy,2026-03-03 16:37:38.000,2026-03-03 16:37:38.000,2.26.0,53.0,509.0,454278.0,454771.0,https://anaconda.org/conda-forge/spotipy,2026-01-05 22:51:36.717,32550.0,2.0,,,,,,,,,,,,,,,,,
151,aiortc,aiortc/aiortc,others,,https://github.com/aiortc/aiortc,7261.0,6935.0,41.0,https://github.com/aiortc/aiortc,BSD-3-Clause,2018-02-23 22:05:16.000,2026-07-13 19:26:42.000000,881.0,30.0,5074.0,WebRTC and ORTC implementation for Python using asyncio.,28,True,,,aiortc,https://pypi.org/project/aiortc,2026-07-13 19:26:42.000,2026-07-13 19:26:42.000,1.15.0,60.0,326.0,2223215.0,2223215.0,,,,2.0,,,,,,,,,,,,,,,,,
152,connexion,zalando/connexion,openapi-utils,,https://connexion.readthedocs.io/en/latest/,17204.0,16979.0,244.0,,Apache-2.0,2021-02-13 12:55:08.526,2025-12-31 19:01:12.056000,784.0,,4601.0,Connexion - API first applications with OpenAPI/Swagger.,28,True,['openapi'],conda-forge/connexion,connexion,https://pypi.org/project/connexion,2025-10-13 12:41:48.000,2025-10-13 12:41:48.000,3.3.0,165.0,225.0,9968141.0,9979432.0,https://anaconda.org/conda-forge/connexion,2025-12-31 19:01:12.056,745236.0,2.0,,,,,,,,,,,,,,,,,
153,graphene-django,graphql-python/graphene-django,graphql,,https://github.com/graphql-python/graphene-django,16545.0,16328.0,223.0,https://github.com/graphql-python/graphene-django,MIT,2016-09-17 23:26:25.000,2026-06-24 23:46:54.000000,763.0,166.0,4392.0,"Build powerful, efficient, and flexible GraphQL APIs with seamless Django integration.",28,True,"['django', 'graphql']",conda-forge/graphene-django,graphene-django,https://pypi.org/project/graphene-django,2025-03-13 08:33:02.000,2025-03-13 08:33:02.000,3.2.3,68.0,217.0,1140577.0,1141494.0,https://anaconda.org/conda-forge/graphene-django,2025-04-22 14:57:21.125,67890.0,2.0,,,,,,,,,,,,,,,,,
154,schemathesis,schemathesis/schemathesis,testing,,https://github.com/schemathesis/schemathesis,1223.0,1118.0,85.0,https://github.com/schemathesis/schemathesis,MIT,2019-08-19 11:13:01.000,2026-08-24 19:15:51.000000,223.0,8.0,3556.0,Catch API bugs before your users do.,28,True,"['openapi', 'graphql']",,schemathesis,https://pypi.org/project/schemathesis,2026-08-24 19:15:51.000,2026-08-24 19:15:51.000,4.25.2,477.0,105.0,5861095.0,5861095.0,,,,2.0,,,,,,,,,,,,,,,,,
155,Wikipedia,goldsmith/Wikipedia,third-party-apis,,https://github.com/goldsmith/Wikipedia,79213.0,78799.0,23.0,https://github.com/goldsmith/Wikipedia,MIT,2013-08-20 06:39:09.000,2025-04-22 14:56:31.735000,520.0,198.0,2859.0,A Pythonic wrapper for the Wikipedia API.,28,False,,conda-forge/wikipedia,wikipedia,https://pypi.org/project/wikipedia,2014-11-15 15:59:49.000,2014-11-15 15:59:49.000,1.4.0,20.0,414.0,1056293.0,1072159.0,https://anaconda.org/conda-forge/wikipedia,2025-04-22 14:56:31.735,317322.0,2.0,,,,,,,,,,,,,,,,,
156,djoser,sunscrapers/djoser,auth,,https://github.com/sunscrapers/djoser,35855.0,35841.0,114.0,https://github.com/sunscrapers/djoser,MIT,2014-09-30 14:50:08.000,2026-08-01 16:14:52.000000,467.0,200.0,2680.0,REST implementation of Django authentication system.,28,True,['django'],,djoser,https://pypi.org/project/djoser,2026-08-01 16:14:52.000,2026-08-01 16:14:52.000,2.3.4,59.0,14.0,386512.0,386512.0,,,,2.0,,,,,,,,,,,,,,,,,
157,autobahn-python,crossbario/autobahn-python,websocket,,https://github.com/crossbario/autobahn-python,43269.0,42977.0,138.0,https://github.com/crossbario/autobahn-python,,2011-07-27 15:22:13.000,2026-08-21 14:31:46.070000,770.0,186.0,2541.0,WebSocket and WAMP in Python for Twisted and asyncio.,28,False,,conda-forge/autobahn,autobahn,https://pypi.org/project/autobahn,2026-07-15 19:13:21.000,2026-07-15 19:13:21.000,26.7.1,165.0,292.0,6969773.0,6984778.0,https://anaconda.org/conda-forge/autobahn,2026-08-21 14:31:46.070,1110439.0,2.0,,,,,,,,,,,,,,,,,
158,django-simple-history,jazzband/django-simple-history,django-utils,,https://github.com/django-commons/django-simple-history,7482.0,7353.0,192.0,,BSD-3-Clause,,2026-07-22 13:41:28.000000,506.0,,2457.0,Store model history and view/revert changes from admin site.,28,True,['django'],,django-simple-history,https://pypi.org/project/django-simple-history,2026-07-22 13:41:28.000,2026-07-22 13:41:28.000,3.13.0,54.0,129.0,4773039.0,4773039.0,,,,2.0,,,,,,,,,,,,,,,,,
159,slowapi,laurents/slowapi,fastapi-utils,,https://github.com/laurents/slowapi,12705.0,12088.0,28.0,https://github.com/laurents/slowapi,MIT,2020-02-21 12:56:20.000,2026-08-26 19:34:29.000000,129.0,105.0,2052.0,A rate limiter for Starlette and FastAPI.,28,True,['fastapi'],,slowapi,https://pypi.org/project/slowapi,2026-06-13 11:59:30.000,2026-06-13 11:59:30.000,0.1.10,11.0,617.0,22384692.0,22384692.0,,,,1.0,,,,,,,,,,,,,,,,,
160,openapi-python-client,openapi-generators/openapi-python-client,openapi-utils,,https://github.com/openapi-generators/openapi-python-client,1742.0,1590.0,119.0,https://github.com/openapi-generators/openapi-python-client,MIT,2020-02-15 19:33:46.000,2026-08-10 20:50:58.776000,277.0,109.0,1959.0,Generate modern Python clients from OpenAPI.,28,True,['openapi'],conda-forge/openapi-python-client,openapi-python-client,https://pypi.org/project/openapi-python-client,2026-05-30 20:32:09.000,2026-05-30 20:32:09.000,0.29.0,106.0,152.0,3305033.0,3306839.0,https://anaconda.org/conda-forge/openapi-python-client,2026-08-10 20:50:58.776,108371.0,2.0,,,,,,,,,,,,,,,,,
161,django-rq,rq/django-rq,django-utils,,https://github.com/rq/django-rq,4531.0,4412.0,142.0,https://github.com/rq/django-rq,MIT,2012-05-15 10:21:58.000,2026-07-04 15:11:06.000000,295.0,120.0,1947.0,A simple app that provides django integration for RQ (Redis Queue).,28,True,['django'],,django-rq,https://pypi.org/project/django-rq,2026-07-04 15:11:06.000,2026-07-04 15:11:06.000,4.1.1,65.0,119.0,1015465.0,1015465.0,,,,2.0,,,,,,,,,,,,,,,,,
162,CherryPy,cherrypy/cherrypy,web-frameworks,,https://github.com/cherrypy/cherrypy,15398.0,14967.0,149.0,https://github.com/cherrypy/cherrypy,BSD-3-Clause,2015-11-02 23:24:05.416,2026-08-03 17:54:08.000000,367.0,270.0,1945.0,"CherryPy is a pythonic, object-oriented HTTP framework. https://cherrypy.dev.",28,True,,anaconda/cherrypy,cherrypy,https://pypi.org/project/cherrypy,2024-06-14 15:25:34.000,2024-06-14 15:25:34.000,18.10.0,121.0,431.0,737757.0,738026.0,https://anaconda.org/anaconda/cherrypy,2025-12-12 15:39:06.824,34730.0,2.0,,,,,,,,,,,,,,,,,
163,django-constance,jazzband/django-constance,django-utils,,https://github.com/jazzband/django-constance,2543.0,2504.0,162.0,https://github.com/jazzband/django-constance,BSD-3-Clause,2010-09-20 12:42:29.000,2026-08-10 14:08:00.000000,327.0,26.0,1851.0,Dynamic Django settings.,28,True,['django'],,django-constance,https://pypi.org/project/django-constance,2026-03-15 11:23:49.000,2026-03-15 11:23:49.000,4.3.5,44.0,39.0,1200954.0,1200954.0,,,,2.0,,,,,,,,,,,,,,,,,
164,django-polymorphic,django-polymorphic/django-polymorphic,django-utils,,https://github.com/django-commons/django-polymorphic,8098.0,7915.0,152.0,,BSD-3-Clause,2020-08-21 12:53:34.249,2026-08-01 12:24:54.359000,305.0,,1830.0,Seamless polymorphic inheritance for Django models.,28,True,['django'],conda-forge/django_polymorphic,django-polymorphic,https://pypi.org/project/django-polymorphic,2026-08-01 06:40:25.000,2026-08-01 06:40:25.000,4.11.7,70.0,183.0,2795327.0,2798850.0,https://anaconda.org/conda-forge/django_polymorphic,2026-08-01 12:24:54.359,253709.0,2.0,,,,,,,,,,,,,,,,,
165,selectolax,rushter/selectolax,html-processing,,https://github.com/rushter/selectolax,3891.0,3424.0,26.0,https://github.com/rushter/selectolax,MIT,2017-11-26 19:37:37.000,2026-07-15 07:23:41.000000,91.0,10.0,1654.0,Python binding to Modest and Lexbor engines. Fast HTML5 parser with CSS selectors for Python.,28,True,,,selectolax,https://pypi.org/project/selectolax,2026-07-15 07:23:41.000,2026-07-15 07:23:41.000,0.4.11,72.0,467.0,5627521.0,5627521.0,,,,3.0,,,,,,,,,,,,,,,,,
166,django-phonenumber-field,stefanfoulis/django-phonenumber-field,django-utils,,https://github.com/django-phonenumber-field/django-phonenumber-field,32380.0,32221.0,121.0,,MIT,,2026-07-23 12:24:14.000000,322.0,,1548.0,An international phone number field for django models.,28,True,['django'],,django-phonenumber-field,https://pypi.org/project/django-phonenumber-field,2026-07-23 12:24:14.000,2026-07-23 12:24:14.000,8.5.0,41.0,159.0,7015131.0,7015131.0,,,,2.0,,,,,,,,,,,,,,,,,
167,waitress,Pylons/waitress,servers,,https://github.com/Pylons/waitress,235076.0,233950.0,59.0,https://github.com/Pylons/waitress,ZPL-2.1,2011-12-17 06:58:21.000,2026-01-06 19:45:42.145000,182.0,23.0,1541.0,Waitress - A WSGI server for Python 3.,28,False,,conda-forge/waitress,waitress,https://pypi.org/project/waitress,2024-11-16 20:02:33.000,2024-11-16 20:02:33.000,3.0.2,52.0,1126.0,8725422.0,8730392.0,https://anaconda.org/conda-forge/waitress,2026-01-06 19:45:42.145,342961.0,3.0,,,,,,,,,,,,,,,,,
168,parsel,scrapy/parsel,web-scraping,,https://github.com/scrapy/parsel,40849.0,40443.0,55.0,https://github.com/scrapy/parsel,BSD-3-Clause,2015-04-24 15:53:36.000,2026-01-29 15:22:08.257000,155.0,43.0,1306.0,Parsel lets you extract data from XML/HTML documents using XPath or CSS selectors.,28,True,,conda-forge/parsel,parsel,https://pypi.org/project/parsel,2026-01-29 07:19:22.000,2026-01-29 07:19:22.000,1.11.0,26.0,406.0,4623900.0,4628458.0,https://anaconda.org/conda-forge/parsel,2026-01-29 15:22:08.257,337352.0,2.0,,,,,,,,,,,,,,,,,
169,Flask-HTTPAuth,miguelgrinberg/Flask-HTTPAuth,auth,,https://github.com/miguelgrinberg/Flask-HTTPAuth,21856.0,21619.0,34.0,https://github.com/miguelgrinberg/Flask-HTTPAuth,MIT,2013-05-18 05:10:52.000,2026-03-29 01:34:11.175000,233.0,10.0,1290.0,"Simple extension that provides Basic, Digest and Token HTTP authentication for Flask routes.",28,True,['flask'],conda-forge/flask-httpauth,flask-httpauth,https://pypi.org/project/flask-httpauth,2026-03-28 19:45:23.000,2026-03-28 19:45:23.000,4.8.1,35.0,237.0,2223034.0,2229587.0,https://anaconda.org/conda-forge/flask-httpauth,2026-03-29 01:34:11.175,484982.0,2.0,,,,,,,,,,,,,,,,,
170,netaddr,netaddr/netaddr,others,,https://github.com/netaddr/netaddr,43548.0,42821.0,54.0,https://github.com/netaddr/netaddr,BSD-3-Clause,2010-05-24 23:14:56.000,2026-06-24 11:27:48.202000,178.0,43.0,819.0,A network address manipulation library for Python.,28,True,,conda-forge/netaddr,netaddr,https://pypi.org/project/netaddr,2024-05-28 21:30:34.000,2024-05-28 21:30:34.000,1.3.0,40.0,727.0,13112865.0,13126504.0,https://anaconda.org/conda-forge/netaddr,2026-06-24 11:27:48.202,327355.0,2.0,,,,,,,,,,,,,,,,,
171,terminado,jupyter/terminado,others,,https://github.com/jupyter/terminado,342986.0,342615.0,50.0,https://github.com/jupyter/terminado,BSD-2-Clause,2014-09-29 23:44:25.000,2025-12-23 18:17:31.212000,92.0,32.0,374.0,Terminals served by tornado websockets.,28,True,,conda-forge/terminado,terminado,https://pypi.org/project/terminado,2024-03-12 14:34:36.000,2024-03-12 14:34:36.000,0.18.1,36.0,371.0,39066485.0,39412965.0,https://anaconda.org/conda-forge/terminado,2025-12-23 18:17:31.212,24600080.0,2.0,,,,,,,,,,,,,,,,,
172,pwntools,Gallopsled/pwntools,others,,https://github.com/Gallopsled/pwntools,2442.0,2342.0,312.0,https://github.com/Gallopsled/pwntools,MIT,2013-04-29 14:43:03.000,2025-10-12 15:25:25.000000,1780.0,127.0,12954.0,CTF framework and exploit development library.,27,True,,,pwntools,https://pypi.org/project/pwntools,2025-10-12 15:25:25.000,2025-10-12 15:25:25.000,4.15.0,123.0,100.0,399605.0,399605.0,,,,2.0,,,,,,,,,,,,,,,,,
173,cloudscraper,venomous/cloudscraper,web-scraping,,https://github.com/venomous/cloudscraper,32425.0,32143.0,14.0,https://github.com/venomous/cloudscraper,MIT,2019-04-16 02:18:50.000,2025-06-10 03:14:58.000000,638.0,36.0,6722.0,A Python module to bypass Cloudflares anti-bot page.,27,False,,,cloudscraper,https://pypi.org/project/cloudscraper,2023-04-25 23:20:54.756,2023-04-25 23:20:54.756,1.2.71,95.0,282.0,4478397.0,4478397.0,,,,2.0,,,,,,,,,,,,,,,,,
174,django-oscar,django-oscar/django-oscar,django-utils,,https://github.com/django-oscar/django-oscar,1244.0,1197.0,384.0,https://github.com/django-oscar/django-oscar,BSD-3-Clause,2010-12-08 21:30:32.000,2026-08-05 14:13:36.000000,2303.0,160.0,6617.0,Domain-driven e-commerce for Django.,27,True,['django'],,django-oscar,https://pypi.org/project/django-oscar,2026-08-05 14:13:36.000,2025-04-04 14:30:00.000,3.2.6,158.0,47.0,67698.0,67698.0,,,,2.0,,,,,,,,,,,,,,,,,
175,fastapi-users,fastapi-users/fastapi-users,auth,,https://github.com/fastapi-users/fastapi-users,5845.0,5803.0,78.0,https://github.com/fastapi-users/fastapi-users,MIT,2019-10-05 15:40:31.000,2026-03-27 11:21:32.136000,498.0,4.0,6061.0,Ready-to-use and customizable users management for FastAPI.,27,True,['fastapi'],conda-forge/fastapi-users,fastapi-users,https://pypi.org/project/fastapi-users,2026-03-27 09:01:16.000,2026-03-27 09:01:16.000,15.0.5,112.0,42.0,1529772.0,1531911.0,https://anaconda.org/conda-forge/fastapi-users,2026-03-27 11:21:32.136,124067.0,2.0,,,,,,,,,,,,,,,,,
176,Prism,stoplightio/prism,testing,,https://github.com/stoplightio/prism,928.0,829.0,112.0,https://github.com/stoplightio/prism,Apache-2.0,2016-03-18 03:52:09.000,2026-08-13 09:37:03.000000,414.0,149.0,5004.0,"Turn any OpenAPI2/3 and Postman Collection file into an API server with mocking, transformations and validations.",27,True,['openapi'],,,,,2026-07-17 08:02:36.635,5.16.0,215.0,,,789984.0,,,,2.0,,,@stoplight/prism-cli,https://www.npmjs.com/package/@stoplight/prism-cli,2026-07-17 08:02:36.635,99.0,789984.0,,,,,,,,,,
177,Flask-AppBuilder,dpgaspar/Flask-AppBuilder,web-frameworks,,https://github.com/dpgaspar/Flask-AppBuilder,16.0,,228.0,https://github.com/dpgaspar/Flask-AppBuilder,BSD-3-Clause,2013-11-09 21:13:29.000,2026-06-29 13:29:31.239000,1445.0,268.0,4956.0,"Simple and rapid application development framework, built on top of Flask. includes detailed security, auto CRUD..",27,True,['flask'],conda-forge/flask-appbuilder,flask-appbuilder,https://pypi.org/project/flask-appbuilder,2026-06-29 13:29:31.239,2026-06-29 13:29:31.239,1.8.0,385.0,16.0,12054281.0,12065551.0,https://anaconda.org/conda-forge/flask-appbuilder,2026-06-25 09:05:49.175,822722.0,2.0,,,,,,,,,,,,,,,,,
178,slackclient,slackapi/python-slack-sdk,third-party-apis,,https://github.com/slackapi/python-slack-sdk,502.0,,196.0,https://github.com/slackapi/python-slack-sdk,MIT,2014-11-10 21:32:02.000,2026-08-27 07:07:40.000000,857.0,55.0,4015.0,Slack Developer Kit for Python.,27,True,,conda-forge/slackclient,slackclient,https://pypi.org/project/slackclient,2022-04-22 00:25:51.000,2022-04-22 00:25:51.000,2.9.4,52.0,502.0,7810174.0,7822652.0,https://anaconda.org/conda-forge/slackclient,2025-04-22 14:56:26.396,1497438.0,2.0,,,,,,,,,,,,,,,,,
179,django-tastypie,django-tastypie/django-tastypie,web-frameworks,,https://github.com/django-tastypie/django-tastypie,6460.0,6412.0,204.0,https://github.com/django-tastypie/django-tastypie,BSD-3-Clause,2010-03-29 06:01:45.000,2025-09-08 00:14:28.000000,1157.0,412.0,3947.0,Creating delicious APIs for Django apps since 2010.,27,True,['django'],,django-tastypie,https://pypi.org/project/django-tastypie,2025-02-23 19:19:45.000,2025-02-23 19:19:45.000,0.15.1,30.0,48.0,122950.0,122950.0,,,,2.0,,,,,,,,,,,,,,,,,
180,django-haystack,django-haystack/django-haystack,django-utils,,https://github.com/django-haystack/django-haystack,10689.0,10570.0,223.0,https://github.com/django-haystack/django-haystack,,2009-01-29 20:23:57.000,2026-07-02 21:06:27.973000,1311.0,584.0,3738.0,Modular search for Django.,27,False,['django'],conda-forge/django-haystack,django-haystack,https://pypi.org/project/django-haystack,2026-06-04 19:12:33.000,2026-06-04 19:12:33.000,3.4.0,48.0,119.0,193697.0,194132.0,https://anaconda.org/conda-forge/django-haystack,2026-07-02 21:06:27.973,13073.0,2.0,,,,,,,,,,,,,,,,,
181,flasgger,flasgger/flasgger,openapi-utils,,https://github.com/flasgger/flasgger,19925.0,19770.0,114.0,https://github.com/flasgger/flasgger,MIT,2015-07-27 18:21:49.000,2025-04-22 14:56:42.334000,526.0,284.0,3734.0,Easy OpenAPI specs and Swagger UI for your Flask API.,27,False,['flask'],conda-forge/flasgger,flasgger,https://pypi.org/project/flasgger,2023-06-10 21:33:42.214,2020-07-31 23:54:47.000,0.9.5,54.0,155.0,747719.0,750073.0,https://anaconda.org/conda-forge/flasgger,2025-04-22 14:56:42.334,169555.0,2.0,,,,,,,,,,,,,,,,,
182,quart,pgjones/quart,web-frameworks,,https://github.com/pgjones/quart,320.0,,68.0,https://github.com/pgjones/quart,MIT,2020-05-21 11:25:28.304,2026-08-19 19:53:28.000000,204.0,1.0,3658.0,Quart is a Python ASGI web microframework with the same API as Flask.,27,True,,conda-forge/quart,quart,https://pypi.org/project/quart,2026-08-19 19:53:28.000,2026-08-19 19:53:28.000,0.22.0,67.0,320.0,4339722.0,4341681.0,https://anaconda.org/conda-forge/quart,2026-07-28 20:07:49.893,146976.0,2.0,,,,,,,,,,,,,,,,,
183,drf-yasg,axnsan12/drf-yasg,openapi-utils,,https://github.com/axnsan12/drf-yasg,126613.0,126375.0,78.0,https://github.com/axnsan12/drf-yasg,,2017-11-29 10:30:22.000,2026-07-29 15:05:23.229000,440.0,246.0,3544.0,Automated generation of real Swagger/OpenAPI 2.0 schemas from Django REST Framework code.,27,False,"['openapi', 'django']",conda-forge/drf-yasg,drf-yasg,https://pypi.org/project/drf-yasg,2026-02-24 18:09:18.000,2026-02-24 18:09:18.000,1.21.15,70.0,238.0,2716831.0,2717261.0,https://anaconda.org/conda-forge/drf-yasg,2026-07-29 15:05:23.229,31435.0,2.0,,,,,,,,,,,,,,,,,
184,python-markdown2,trentm/python-markdown2,markdown,,https://github.com/trentm/python-markdown2,679.0,,88.0,https://github.com/trentm/python-markdown2,MIT,2011-01-31 00:30:02.000,2026-08-20 23:12:43.000000,454.0,93.0,2821.0,markdown2: A fast and complete implementation of Markdown in Python.,27,True,,,markdown2,https://pypi.org/project/markdown2,2026-03-02 20:46:52.000,2026-03-02 20:46:52.000,2.5.5,60.0,679.0,9405357.0,9405357.0,,,,3.0,,,,,,,,,,,,,,,,,
185,splinter,cobrateam/splinter,testing,,https://github.com/cobrateam/splinter,7242.0,7187.0,182.0,https://github.com/cobrateam/splinter,BSD-3-Clause,2010-09-18 20:59:15.000,2025-08-16 15:08:24.000000,513.0,57.0,2754.0,splinter - python test framework for web applications.,27,True,,,splinter,https://pypi.org/project/splinter,2024-01-16 00:59:02.000,2024-01-16 00:59:02.000,0.21.0,52.0,55.0,445490.0,445490.0,,,,2.0,,,,,,,,,,,,,,,,,
186,django-webpack-loader,django-webpack/django-webpack-loader,django-utils,,https://github.com/django-webpack/django-webpack-loader,10247.0,10177.0,67.0,https://github.com/django-webpack/django-webpack-loader,MIT,2015-05-16 16:33:58.000,2026-05-13 15:48:22.537000,341.0,8.0,2546.0,Transparently use webpack with django.,27,True,['django'],conda-forge/django-webpack-loader,django-webpack-loader,https://pypi.org/project/django-webpack-loader,2026-05-13 13:19:46.000,2026-05-13 13:19:46.000,3.2.4,55.0,70.0,914489.0,915009.0,https://anaconda.org/conda-forge/django-webpack-loader,2026-05-13 15:48:22.537,32263.0,2.0,,,,,,,,,,,,,,,,,
187,django-ckeditor,django-ckeditor/django-ckeditor,django-utils,,https://github.com/django-ckeditor/django-ckeditor,49684.0,49536.0,132.0,https://github.com/django-ckeditor/django-ckeditor,BSD-3-Clause,2010-03-08 19:20:59.000,2025-06-06 10:16:59.000000,687.0,7.0,2466.0,Django admin CKEditor integration.,27,False,['django'],,django-ckeditor,https://pypi.org/project/django-ckeditor,2025-06-06 10:16:40.000,2025-06-06 10:16:40.000,6.7.3,57.0,148.0,751552.0,751552.0,,,,2.0,,,,,,,,,,,,,,,,,
188,ariadne,mirumee/ariadne,graphql,,https://github.com/mirumee/ariadne,2163.0,2060.0,88.0,https://github.com/mirumee/ariadne,BSD-3-Clause,2018-07-09 09:46:17.000,2026-06-15 11:07:35.000000,197.0,32.0,2343.0,Python library for implementing GraphQL servers using schema-first approach. Created with by Mirumee.,27,True,['graphql'],,ariadne,https://pypi.org/project/ariadne,2026-06-15 11:07:35.000,2026-06-15 11:07:35.000,1.1.0,74.0,103.0,1940028.0,1940028.0,,,,2.0,,,,,,,,,,,,,,,,,
189,django-bootstrap3,zostera/django-bootstrap3,django-utils,,https://github.com/zostera/django-bootstrap3,19615.0,19543.0,101.0,https://github.com/zostera/django-bootstrap3,BSD-3-Clause,2013-08-13 13:48:04.000,2026-07-30 11:12:22.000000,672.0,,2333.0,Bootstrap 3 integration with Django.,27,True,['django'],conda-forge/django-bootstrap3,django-bootstrap3,https://pypi.org/project/django-bootstrap3,2026-07-30 11:12:22.000,2021-04-10 05:34:25.000,15.0.0,109.0,72.0,344949.0,347929.0,https://anaconda.org/conda-forge/django-bootstrap3,2025-04-22 14:56:41.415,56630.0,2.0,,,,,,,,,,,,,,,,,
190,django-widget-tweaks,jazzband/django-widget-tweaks,django-utils,,https://github.com/jazzband/django-widget-tweaks,50452.0,50298.0,38.0,https://github.com/jazzband/django-widget-tweaks,MIT,2012-03-05 20:11:03.000,2026-08-24 17:41:35.000000,137.0,48.0,2163.0,"Tweak the form field rendering in templates, not in python-level form definitions. CSS classes and HTML attributes can..",27,True,['django'],,django-widget-tweaks,https://pypi.org/project/django-widget-tweaks,2026-01-02 12:46:02.000,2026-01-02 12:46:02.000,1.5.1,23.0,154.0,1433329.0,1433329.0,,,,2.0,,,,,,,,,,,,,,,,,
191,requests-futures,ross/requests-futures,http-clients,,https://github.com/ross/requests-futures,8245.0,7933.0,28.0,https://github.com/ross/requests-futures,Apache-2.0,2013-03-21 14:20:03.000,2025-04-22 14:56:26.495000,152.0,,2108.0,Asynchronous Python HTTP Requests for Humans using Futures.,27,False,,conda-forge/requests-futures,requests-futures,https://pypi.org/project/requests-futures,2024-11-15 22:14:50.000,2024-11-15 22:14:50.000,1.0.2,12.0,312.0,5040475.0,5048961.0,https://anaconda.org/conda-forge/requests-futures,2025-04-22 14:56:26.495,611000.0,3.0,,,,,,,,,,,,,,,,,
192,twilio,twilio/twilio-python,third-party-apis,,https://github.com/twilio/twilio-python,688.0,,148.0,https://github.com/twilio/twilio-python,MIT,2009-09-15 05:33:57.000,2026-08-12 05:15:09.978000,808.0,61.0,2074.0,A Python module for communicating with the Twilio API and generating TwiML.,27,True,,conda-forge/twilio,twilio,https://pypi.org/project/twilio,2026-08-11 11:34:23.000,2026-08-11 11:34:23.000,9.11.0,372.0,688.0,21903989.0,21910116.0,https://anaconda.org/conda-forge/twilio,2026-08-12 05:15:09.978,459530.0,2.0,-3.0,,,,,,,,,,,,,,,,
193,shortuuid,skorokithakis/shortuuid,url-utils,,https://github.com/skorokithakis/shortuuid,36863.0,36273.0,39.0,https://github.com/skorokithakis/shortuuid,BSD-3-Clause,2011-01-08 13:00:43.000,2025-04-22 14:56:55.305000,109.0,2.0,2049.0,"A generator library for concise, unambiguous and URL-safe UUIDs.",27,False,,conda-forge/shortuuid,shortuuid,https://pypi.org/project/shortuuid,2024-03-11 20:11:04.000,2024-03-11 20:11:04.000,1.0.13,26.0,590.0,21539668.0,21550764.0,https://anaconda.org/conda-forge/shortuuid,2025-04-22 14:56:55.305,776746.0,2.0,,,,,,,,,,,,,,,,,
194,html2text,Alir3z4/html2text,markdown,,https://github.com/Alir3z4/html2text,43533.0,42325.0,82.0,https://github.com/Alir3z4/html2text,GPL-3.0,2014-02-19 22:41:11.000,2025-04-15 04:02:28.000000,286.0,94.0,1945.0,Convert HTML to Markdown-formatted text.,27,False,,,html2text,https://pypi.org/project/html2text,2025-04-15 04:02:28.000,2025-04-15 04:02:28.000,2025.4.15,41.0,1208.0,14789495.0,14789495.0,,,,3.0,,,,,,,,,,,,,,,,,
195,simple-salesforce,simple-salesforce/simple-salesforce,third-party-apis,,https://github.com/simple-salesforce/simple-salesforce,3645.0,3376.0,91.0,https://github.com/simple-salesforce/simple-salesforce,,2013-01-17 20:08:57.000,2026-07-08 20:21:37.000000,724.0,240.0,1886.0,A very simple Salesforce.com REST API client for Python.,27,False,,conda-forge/simple-salesforce,simple-salesforce,https://pypi.org/project/simple-salesforce,2026-07-08 19:43:03.000,2026-07-08 19:43:03.000,1.12.10,52.0,269.0,30605250.0,30607125.0,https://anaconda.org/conda-forge/simple-salesforce,2025-04-22 14:56:36.850,208202.0,2.0,,,,,,,,,,,,,,,,,
196,python-jose,mpdavis/python-jose,auth,,https://github.com/mpdavis/python-jose,1078.0,,62.0,https://github.com/mpdavis/python-jose,MIT,2015-04-20 19:19:35.000,2026-04-14 00:39:48.000000,260.0,107.0,1748.0,A JOSE implementation in Python.,27,True,,conda-forge/python-jose,python-jose,https://pypi.org/project/python-jose,2025-05-28 17:31:52.000,2025-05-28 17:31:52.000,3.5.0,40.0,1078.0,43060927.0,43103419.0,https://anaconda.org/conda-forge/python-jose,2025-05-29 14:57:29.346,2677012.0,2.0,,,,,,,,,,,,,,,,,
197,dj-database-url,jacobian/dj-database-url,django-utils,,https://jazzband.co/projects/dj-database-url,314645.0,314283.0,79.0,,BSD-3-Clause,,2026-02-19 15:30:39.000000,216.0,,1572.0,Use Database URLs in your Django Application.,27,True,['django'],,dj-database-url,https://pypi.org/project/dj-database-url,2026-02-19 15:30:39.000,2026-02-16 15:18:33.000,3.1.1,25.0,362.0,8608930.0,8608930.0,,,,2.0,,,,,,,,,,,,,,,,,
198,webargs,marshmallow-code/webargs,others,,https://github.com/marshmallow-code/webargs,10588.0,10424.0,84.0,https://github.com/marshmallow-code/webargs,MIT,2014-02-17 02:16:12.000,2025-10-29 18:00:17.616000,160.0,6.0,1405.0,"A friendly library for parsing HTTP request arguments, with built-in support for popular web frameworks, including..",27,True,,conda-forge/webargs,webargs,https://pypi.org/project/webargs,2025-10-29 16:07:47.000,2025-10-29 16:07:47.000,8.7.1,105.0,164.0,3399596.0,3406783.0,https://anaconda.org/conda-forge/webargs,2025-10-29 18:00:17.616,510299.0,2.0,,,,,,,,,,,,,,,,,
199,html5lib-python,html5lib/html5lib-python,html-processing,,https://github.com/html5lib/html5lib-python,1729.0,,66.0,https://github.com/html5lib/html5lib-python,MIT,2013-04-09 14:07:42.000,2025-04-22 14:56:31.592000,298.0,92.0,1208.0,Standards-compliant library for parsing and serializing HTML documents and fragments in Python.,27,False,,conda-forge/html5lib,html5lib,https://pypi.org/project/html5lib,2020-06-22 23:32:36.000,2017-12-07 14:10:04.000,1.0.1,27.0,1729.0,38520056.0,38613453.0,https://anaconda.org/conda-forge/html5lib,2025-04-22 14:56:31.592,6911390.0,3.0,,,,,,,,,,,,,,,,,
200,flask-limiter,alisaifee/flask-limiter,flask-utils,,https://github.com/alisaifee/flask-limiter,23673.0,23483.0,46.0,https://github.com/alisaifee/flask-limiter,MIT,2014-02-12 03:37:41.000,2026-05-10 23:07:49.000000,129.0,6.0,1204.0,Rate Limiting extension for Flask.,27,True,['flask'],,flask-limiter,https://pypi.org/project/flask-limiter,2025-12-06 17:38:59.000,2025-12-06 17:38:59.000,4.1.1,113.0,190.0,17407225.0,17407225.0,,,,1.0,,,,,,,,,,,,,,,,,
201,fastapi-mail,sabuhish/fastapi-mail,email,,https://github.com/sabuhish/fastapi-mail,5805.0,5768.0,58.0,https://github.com/sabuhish/fastapi-mail,MIT,2020-01-25 11:52:29.000,2026-08-22 11:59:01.000000,112.0,3.0,1010.0,"Fastapi mail system sending mails(individual, bulk) attachments(individual, bulk).",27,True,['fastapi'],,fastapi-mail,https://pypi.org/project/fastapi-mail,2026-08-22 11:59:01.000,2026-08-22 11:59:01.000,1.6.8,109.0,37.0,4773900.0,4773900.0,,,,1.0,,,,,,,,,,,,,,,,,
202,flask-caching,pallets-eco/flask-caching,flask-utils,,https://github.com/pallets-eco/flask-caching,31348.0,30956.0,138.0,https://github.com/pallets-eco/flask-caching,,2016-07-04 19:53:57.000,2026-08-24 18:52:00.000000,209.0,1.0,935.0,A caching extension for Flask.,27,False,['flask'],conda-forge/flask-caching,flask-caching,https://pypi.org/project/flask-caching,2026-08-24 18:52:00.000,2026-08-24 18:52:00.000,2.5.0,31.0,392.0,8035105.0,8042335.0,https://anaconda.org/conda-forge/flask-caching,2026-07-28 20:04:22.025,433815.0,1.0,,,,,,,,,,,,,,,,,
203,django-formtools,jazzband/django-formtools,forms,,https://github.com/jazzband/django-formtools,12036.0,11932.0,79.0,https://github.com/jazzband/django-formtools,BSD-3-Clause,2014-10-05 15:18:45.000,2026-08-24 17:41:01.000000,144.0,86.0,884.0,A set of high-level abstractions for Django forms.,27,True,['django'],,django-formtools,https://pypi.org/project/django-formtools,2026-07-09 16:06:32.000,2026-05-16 13:30:06.000,2.6.1,10.0,104.0,3913003.0,3913003.0,,,,3.0,,,,,,,,,,,,,,,,,
204,djangorestframework-stubs,typeddjango/djangorestframework-stubs,django-utils,,https://github.com/typeddjango/djangorestframework-stubs,4647.0,4529.0,97.0,https://github.com/typeddjango/djangorestframework-stubs,MIT,2018-11-12 01:07:16.000,2026-08-25 22:49:26.000000,139.0,63.0,538.0,PEP-484 stubs for django-rest-framework.,27,True,['django'],conda-forge/djangorestframework-stubs,djangorestframework-stubs,https://pypi.org/project/djangorestframework-stubs,2026-08-25 22:49:26.000,2026-08-25 22:49:26.000,3.18.1,43.0,118.0,6308109.0,6308856.0,https://anaconda.org/conda-forge/djangorestframework-stubs,2026-08-14 15:34:31.061,47077.0,2.0,,,,,,,,,,,,,,,,,
205,flask-babel,python-babel/flask-babel,flask-utils,,https://github.com/python-babel/flask-babel,30884.0,30731.0,43.0,https://github.com/python-babel/flask-babel,BSD-3-Clause,2010-05-29 14:14:08.000,2025-04-22 14:56:24.883000,163.0,20.0,452.0,i18n and l10n support for Flask based on Babel and pytz.,27,False,['flask'],conda-forge/flask-babel,flask-babel,https://pypi.org/project/flask-babel,2023-10-02 01:10:48.000,2023-10-02 01:10:48.000,4.0.0,18.0,153.0,12504998.0,12511637.0,https://anaconda.org/conda-forge/flask-babel,2025-04-22 14:56:24.883,478067.0,1.0,,,,,,,,,,,,,,,,,
206,sentry,getsentry/sentry,monitoring,,https://github.com/getsentry/sentry,897.0,756.0,1077.0,https://github.com/getsentry/sentry,SSPL-1.0,2010-08-30 22:06:41.000,2026-08-25 08:52:04.937000,4691.0,2095.0,43818.0,Developer-first error tracking and performance monitoring.,26,True,,conda-forge/sentry-sdk,sentry,https://pypi.org/project/sentry,2023-07-25 17:18:50.000,2023-07-25 17:18:50.000,23.7.1,378.0,141.0,2366.0,28828.0,https://anaconda.org/conda-forge/sentry-sdk,2026-08-25 08:52:04.937,1958251.0,2.0,,,,,,,,,,,,,,,,,
207,gallery-dl,mikf/gallery-dl,third-party-apis,,https://github.com/mikf/gallery-dl,62.0,24.0,213.0,https://github.com/mikf/gallery-dl,GPL-2.0,2014-10-12 19:38:05.000,2026-08-01 09:47:00.000000,1450.0,1157.0,19048.0,Command-line program to download image galleries and collections from several image hosting sites.,26,True,,,gallery-dl,https://pypi.org/project/gallery-dl,2026-08-01 09:47:00.000,2026-07-25 08:46:09.000,1.32.8,206.0,38.0,394896.0,394896.0,,,,3.0,,,,,,,,,,,,,,,,,
208,newspaper3k,codelucas/newspaper,web-scraping,,https://github.com/codelucas/newspaper,218.0,24.0,103.0,https://github.com/codelucas/newspaper,MIT,2013-11-25 09:50:50.000,2025-04-22 14:56:43.220000,2109.0,501.0,14003.0,"newspaper3k is a news, full-text, and article metadata extraction in Python 3. Advanced docs:.",26,False,,conda-forge/newspaper3k,newspaper3k,https://pypi.org/project/newspaper3k,2018-09-28 04:58:18.000,2018-09-28 04:58:18.000,0.2.8,18.0,194.0,861868.0,864686.0,https://anaconda.org/conda-forge/newspaper3k,2025-04-22 14:56:43.220,197319.0,2.0,,,,,,,,,,,,,,,,,
209,Zappa,Miserlou/Zappa,serverless,,https://github.com/Miserlou/Zappa,44.0,24.0,262.0,https://github.com/Miserlou/Zappa,MIT,2016-01-20 21:57:04.000,2026-03-11 00:42:24.000000,1206.0,691.0,11886.0,Serverless Python.,26,True,,,zappa,https://pypi.org/project/zappa,2026-03-11 00:42:24.000,2026-03-11 00:42:24.000,0.62.1,145.0,20.0,255090.0,255090.0,,,,2.0,,,,,,,,,,,,,,,,,
210,channels,django/channels,django-utils,,https://github.com/django/channels,467.0,24.0,283.0,https://github.com/django/channels,BSD-3-Clause,2015-06-03 17:16:20.000,2025-11-20 15:53:10.621000,818.0,115.0,6300.0,Developer-friendly asynchrony for Django.,26,True,['django'],conda-forge/channels,channels,https://pypi.org/project/channels,2025-11-20 15:13:02.000,2025-11-20 15:13:02.000,4.3.2,73.0,443.0,6058414.0,6062638.0,https://anaconda.org/conda-forge/channels,2025-11-20 15:53:10.621,295723.0,2.0,,,,,,,,,,,,,,,,,
211,weblate,WeblateOrg/weblate,others,,https://github.com/WeblateOrg/weblate,54.0,54.0,2210.0,https://github.com/WeblateOrg/weblate,GPL-3.0,2012-02-27 09:33:29.000,2026-08-27 15:36:29.000000,1346.0,500.0,6043.0,Web based localization tool with tight version control integration.,26,True,,,weblate,https://pypi.org/project/weblate,2026-08-07 10:56:54.000,2026-08-07 10:56:54.000,2026.8.1,173.0,,185987.0,185987.0,,,,3.0,,,,,,,,,,,,,,,,,
212,django-rest-framework-simplejwt,jazzband/djangorestframework-simplejwt,auth,,https://github.com/jazzband/djangorestframework-simplejwt,314.0,,140.0,https://github.com/jazzband/djangorestframework-simplejwt,MIT,2017-05-05 17:41:35.000,2026-08-24 17:41:39.000000,707.0,160.0,4333.0,A JSON Web Token authentication plugin for the Django REST Framework.,26,True,['django'],,djangorestframework-simplejwt,https://pypi.org/project/djangorestframework-simplejwt,2025-07-21 16:52:07.000,2025-07-21 16:52:07.000,5.5.1,48.0,314.0,7985804.0,7985804.0,,,,2.0,,,,,,,,,,,,,,,,,
213,pyramid,Pylons/pyramid,web-frameworks,,https://github.com/Pylons/pyramid,19595.0,19039.0,353.0,https://github.com/Pylons/pyramid,,2010-10-24 22:00:35.000,2026-03-11 01:23:56.000000,895.0,80.0,4077.0,Pyramid - A Python web framework.,26,False,,pyramid,pyramid,https://pypi.org/project/pyramid,2026-03-11 01:23:56.000,2023-08-25 06:33:20.000,2.0.2,157.0,548.0,2215995.0,2216073.0,https://anaconda.org/anaconda/pyramid,2025-04-22 15:32:19.372,10095.0,3.0,,,,,,,,,,,,,,,8.0,,
214,django-grappelli,sehmaschine/django-grappelli,admin-ui,,https://github.com/sehmaschine/django-grappelli,6962.0,6928.0,91.0,https://github.com/sehmaschine/django-grappelli,BSD-3-Clause,2010-03-26 12:25:59.000,2026-04-29 12:22:42.643000,655.0,8.0,3930.0,A jazzy skin for the Django Admin-Interface (official repository).,26,True,['django'],conda-forge/django-grappelli,django-grappelli,https://pypi.org/project/django-grappelli,2026-04-29 09:29:35.000,2026-04-29 09:29:35.000,5.0.0,87.0,34.0,310681.0,316549.0,https://anaconda.org/conda-forge/django-grappelli,2026-04-29 12:22:42.643,404897.0,2.0,,,,,,,,,,,,,,,,,
215,django-taggit,jazzband/django-taggit,django-utils,,https://github.com/jazzband/django-taggit,218.0,,159.0,https://github.com/jazzband/django-taggit,BSD-3-Clause,2009-12-08 23:40:49.000,2026-08-24 17:41:29.000000,632.0,113.0,3445.0,Simple tagging for django.,26,True,['django'],conda-forge/django-taggit,django-taggit,https://pypi.org/project/django-taggit,2024-09-29 08:07:14.000,2024-09-29 08:07:14.000,6.1.0,69.0,218.0,1768358.0,1775745.0,https://anaconda.org/conda-forge/django-taggit,2025-04-22 14:56:21.123,494988.0,2.0,,,,,,,,,,,,,,,,,
216,django-oauth-toolkit,jazzband/django-oauth-toolkit,auth,,https://django-oauth-toolkit.readthedocs.io/,12011.0,11860.0,299.0,,,,2026-08-21 03:45:34.000000,854.0,,3333.0,OAuth 2.0 authorization server for Django.,26,False,['django'],,django-oauth-toolkit,https://pypi.org/project/django-oauth-toolkit,2026-08-21 03:45:34.000,2026-08-21 03:45:34.000,3.4.1,53.0,151.0,5343114.0,5343114.0,,,,2.0,,,,,,,,,,,,,,,,,
217,django-rest-framework-jwt,jpadilla/django-rest-framework-jwt,auth,,https://github.com/jpadilla/django-rest-framework-jwt,28248.0,28148.0,62.0,https://github.com/jpadilla/django-rest-framework-jwt,MIT,2014-01-16 04:54:06.000,2022-12-06 16:30:54.000000,648.0,163.0,3191.0,JSON Web Token Authentication support for Django REST Framework.,26,False,,,djangorestframework-jwt,https://pypi.org/project/djangorestframework-jwt,2021-12-15 15:59:35.858,2021-12-15 15:59:35.858,1.3.0,26.0,100.0,169884.0,169884.0,,,,2.0,,,,,,,,,,,,,,,,,
218,python-social-auth,omab/python-social-auth,auth,,https://github.com/omab/python-social-auth,6448.0,6408.0,284.0,https://github.com/omab/python-social-auth,BSD-3-Clause,2012-12-12 16:08:42.000,2019-10-03 00:57:30.000000,1140.0,18.0,2800.0,Social auth made simple.,26,False,,,python-social-auth,https://pypi.org/project/python-social-auth,2017-02-03 12:20:08.000,2017-02-03 12:20:08.000,0.3.6,55.0,40.0,55861.0,55861.0,,,,2.0,,,,,,,,,,,,,,,,,
219,facebook-sdk,mobolic/facebook-sdk,third-party-apis,,https://github.com/mobolic/facebook-sdk,5700.0,5662.0,99.0,https://github.com/mobolic/facebook-sdk,Apache-2.0,2011-05-11 13:38:27.000,2024-08-02 05:15:24.000000,939.0,38.0,2786.0,Python SDK for Facebooks Graph API.,26,False,,,facebook-sdk,https://pypi.org/project/facebook-sdk,2018-11-06 06:53:51.000,2018-11-06 06:53:51.000,3.1.0,9.0,38.0,477479.0,477479.0,,,,3.0,,,,,,,,,,,,,,,,,
220,yagmail,kootenpv/yagmail,email,,https://github.com/kootenpv/yagmail,5940.0,5771.0,34.0,https://github.com/kootenpv/yagmail,MIT,2015-04-17 21:39:24.000,2026-05-26 18:40:58.569000,268.0,111.0,2724.0,Send email in Python conveniently for gmail using yagmail.,26,True,,conda-forge/yagmail,yagmail,https://pypi.org/project/yagmail,2026-05-26 10:43:11.000,2026-05-26 10:43:11.000,0.16.0,108.0,169.0,342955.0,343907.0,https://anaconda.org/conda-forge/yagmail,2026-05-26 18:40:58.569,67639.0,1.0,,,,,,,,,,,,,,,,,
221,django-rest-swagger,marcgibbons/django-rest-swagger,openapi-utils,,https://github.com/marcgibbons/django-rest-swagger,21392.0,21316.0,96.0,https://github.com/marcgibbons/django-rest-swagger,BSD-2-Clause,2013-06-13 19:28:32.000,2021-12-15 14:37:49.132000,602.0,166.0,2590.0,Swagger Documentation Generator for Django REST Framework: deprecated.,26,False,['django'],,django-rest-swagger,https://pypi.org/project/django-rest-swagger,2021-12-15 14:37:49.132,2021-12-15 14:37:49.132,0.1.6,50.0,76.0,295271.0,295271.0,,,,2.0,,,,,,,,,,,,,,,,,
222,Js2Py,PiotrDabkowski/Js2Py,others,,https://github.com/PiotrDabkowski/Js2Py,17270.0,17054.0,29.0,https://github.com/PiotrDabkowski/Js2Py,MIT,2014-10-02 21:08:48.000,2025-04-22 14:57:26.868000,274.0,159.0,2553.0,JavaScript to Python Translator & JavaScript interpreter written in 100% pure Python Try it online:.,26,False,,conda-forge/js2py,js2py,https://pypi.org/project/js2py,2022-11-06 10:45:09.851,,,48.0,216.0,779747.0,781233.0,https://anaconda.org/conda-forge/js2py,2025-04-22 14:57:26.868,111499.0,3.0,,,,,,,,,,,,,,,,,
223,django-imagekit,matthewwithanm/django-imagekit,django-utils,,https://github.com/matthewwithanm/django-imagekit,10404.0,10350.0,81.0,https://github.com/matthewwithanm/django-imagekit,BSD-3-Clause,2011-02-10 21:01:29.000,2026-02-22 18:17:02.000000,279.0,92.0,2350.0,Automated image processing for Django. Currently v6.0.,26,True,['django'],,django-imagekit,https://pypi.org/project/django-imagekit,2026-02-22 18:17:02.000,2026-02-22 18:17:02.000,6.1.0,43.0,54.0,465902.0,465902.0,,,,2.0,,,,,,,,,,,,,,,,,
224,notion-sdk-py,ramnes/notion-sdk-py,third-party-apis,,https://github.com/ramnes/notion-sdk-py,290.0,,44.0,https://github.com/ramnes/notion-sdk-py,MIT,2021-05-13 20:17:52.000,2026-05-12 08:54:43.000000,170.0,7.0,2172.0,"Notion API client SDK, rewritten in Python! (sync + async).",26,True,,conda-forge/notion-client,notion-client,https://pypi.org/project/notion-client,2026-05-12 08:54:43.000,2026-05-12 08:54:43.000,3.1.0,23.0,290.0,4831367.0,4831696.0,https://anaconda.org/conda-forge/notion-client,2025-04-22 14:58:05.769,18795.0,3.0,,,,,,,,,,,,,,,,,
225,mangum,jordaneremieff/mangum,servers,,https://github.com/Kludex/mangum,8924.0,8758.0,35.0,,MIT,,2026-08-22 12:54:46.000000,134.0,,2132.0,AWS Lambda support for ASGI applications.,26,True,['fastapi'],,mangum,https://pypi.org/project/mangum,2026-08-22 12:54:46.000,2026-08-22 12:54:46.000,0.22.0,75.0,166.0,6537303.0,6537303.0,,,,3.0,2.0,,,,,,,,,,,,,,,,
226,HTTPretty,gabrielfalcao/HTTPretty,testing,,https://github.com/gabrielfalcao/HTTPretty,16929.0,16655.0,107.0,https://github.com/gabrielfalcao/HTTPretty,MIT,2011-01-28 14:59:02.000,2025-04-22 14:56:20.896000,276.0,125.0,2113.0,Intercept HTTP requests at the Python socket level. Fakes the whole socket module.,26,False,,conda-forge/httpretty,httpretty,https://pypi.org/project/httpretty,2021-08-16 19:35:31.000,2021-08-16 19:35:31.000,1.1.4,59.0,274.0,1071492.0,1081239.0,https://anaconda.org/conda-forge/httpretty,2025-04-22 14:56:20.896,672607.0,2.0,,,,,,,,,,,,,,,,,
227,django-tables2,jieter/django-tables2,django-utils,,https://github.com/jieter/django-tables2,8595.0,8458.0,163.0,https://github.com/jieter/django-tables2,,2010-12-07 05:26:16.000,2026-04-30 14:59:36.030000,439.0,100.0,2007.0,django-tables2 - An app for creating HTML tables.,26,False,['django'],conda-forge/django-tables2,django-tables2,https://pypi.org/project/django-tables2,2026-04-13 07:42:42.000,2026-04-13 07:42:42.000,3.0.0,134.0,137.0,932402.0,932830.0,https://anaconda.org/conda-forge/django-tables2,2026-04-30 14:59:36.030,26575.0,2.0,,,,,,,,,,,,,,,,,
228,Hypercorn,pgjones/hypercorn,servers,,https://github.com/pgjones/hypercorn,13538.0,13379.0,73.0,https://github.com/pgjones/hypercorn,MIT,2018-06-02 17:47:42.000,2025-11-08 13:54:03.000000,142.0,131.0,1563.0,Hypercorn is an ASGI Server based on Hyper libraries and inspired by Gunicorn.,26,True,,,hypercorn,https://pypi.org/project/hypercorn,2025-11-08 13:54:03.000,2024-05-28 20:55:48.000,0.17.3,57.0,159.0,7890689.0,7890689.0,,,,3.0,,,,,,,,,,,,,,,,,
229,django-pipeline,jazzband/django-pipeline,django-utils,,https://github.com/jazzband/django-pipeline,2721.0,2686.0,178.0,https://github.com/jazzband/django-pipeline,MIT,2011-06-03 19:01:34.000,2026-08-15 05:10:06.000000,367.0,157.0,1540.0,Pipeline is an asset packaging library for Django.,26,True,['django'],,django-pipeline,https://pypi.org/project/django-pipeline,2025-09-13 11:42:55.000,2025-09-13 11:42:55.000,4.1.0,135.0,35.0,329301.0,329301.0,,,,2.0,,,,,,,,,,,,,,,,,
230,django-cachalot,noripyt/django-cachalot,django-utils,,https://github.com/noripyt/django-cachalot,1057.0,1045.0,40.0,https://github.com/noripyt/django-cachalot,BSD-3-Clause,2014-09-26 13:08:06.000,2026-08-11 00:45:17.346000,156.0,28.0,1424.0,"No effort, no worry, maximum performance.",26,True,['django'],conda-forge/django-cachalot,django-cachalot,https://pypi.org/project/django-cachalot,2026-08-10 19:37:46.000,2026-08-10 19:37:46.000,2.9.1,49.0,12.0,246775.0,260020.0,https://anaconda.org/conda-forge/django-cachalot,2026-08-11 00:45:17.346,119211.0,2.0,3.0,,,,,,,,,,,,,,,,
231,easy-thumbnails,SmileyChris/easy-thumbnails,django-utils,,https://github.com/SmileyChris/easy-thumbnails,11995.0,11851.0,101.0,https://github.com/SmileyChris/easy-thumbnails,BSD-3-Clause,2009-10-08 03:44:26.000,2026-05-06 21:53:06.000000,325.0,100.0,1409.0,Easy thumbnails for Django.,26,True,['django'],,easy-thumbnails,https://pypi.org/project/easy-thumbnails,2025-08-17 20:49:09.000,2025-08-17 20:49:09.000,2.10.1,54.0,144.0,499329.0,499329.0,,,,2.0,,,,,,,,,,,,,,,,,
232,django-rest-knox,James1345/django-rest-knox,auth,,https://github.com/jazzband/django-rest-knox,11843.0,11797.0,64.0,,MIT,,2026-07-12 12:02:33.000000,226.0,,1259.0,Authentication for django rest framework.,26,True,['django'],,django-rest-knox,https://pypi.org/project/django-rest-knox,2026-07-12 12:02:33.000,2026-07-12 12:02:33.000,5.1.0,30.0,46.0,798872.0,798872.0,,,,2.0,,,,,,,,,,,,,,,,,
233,django-waffle,django-waffle/django-waffle,django-utils,,https://github.com/django-waffle/django-waffle,1893.0,1852.0,164.0,https://github.com/django-waffle/django-waffle,BSD-3-Clause,2011-01-23 17:42:09.000,2025-06-14 17:39:27.000000,261.0,47.0,1173.0,A feature flipper for Django.,26,False,['django'],conda-forge/django-waffle,django-waffle,https://pypi.org/project/django-waffle,2025-06-12 07:38:53.000,2025-06-12 07:38:53.000,5.0.0,50.0,41.0,1765730.0,1766210.0,https://anaconda.org/conda-forge/django-waffle,2025-04-22 14:57:36.310,34149.0,2.0,,,,,,,,,,,,,,,,,
234,jsonfield,rpkilby/jsonfield,django-utils,,https://github.com/rpkilby/jsonfield,14506.0,14230.0,53.0,https://github.com/rpkilby/jsonfield,MIT,2009-05-03 03:42:01.000,2025-07-04 23:06:23.000000,268.0,,1160.0,A reusable Django model field for storing ad-hoc JSON data.,26,False,['django'],,jsonfield,https://pypi.org/project/jsonfield,2025-07-04 23:06:23.000,2025-07-04 23:06:23.000,3.2.0,35.0,276.0,1004113.0,1004113.0,,,,2.0,,,,,,,,,,,,,,,,,
235,tavern,taverntesting/tavern,testing,,https://github.com/taverntesting/tavern,927.0,912.0,70.0,https://github.com/taverntesting/tavern,MIT,2017-11-01 14:51:25.000,2026-08-25 19:51:36.000000,201.0,20.0,1153.0,"A command-line tool and Python library and Pytest plugin for automated testing of RESTful APIs, with a simple, concise..",26,True,,,tavern,https://pypi.org/project/tavern,2026-08-25 19:51:36.000,2026-08-24 20:42:21.000,3.6.2,222.0,15.0,238089.0,238089.0,,,,2.0,,,,,,,,,,,,,,,,,
236,django-bootstrap4,zostera/django-bootstrap4,django-utils,,https://github.com/zostera/django-bootstrap4,194532.0,194443.0,141.0,https://github.com/zostera/django-bootstrap4,BSD-3-Clause,2017-04-25 15:55:15.000,2026-01-03 07:52:32.000000,259.0,17.0,1029.0,Bootstrap 4 integration with Django.,26,True,['django'],conda-forge/django-bootstrap4,django-bootstrap4,https://pypi.org/project/django-bootstrap4,2026-01-03 07:52:32.000,2021-05-01 05:04:56.000,3.0.1,37.0,89.0,303235.0,304032.0,https://anaconda.org/conda-forge/django-bootstrap4,2025-08-09 19:10:09.244,46262.0,2.0,,,,,,,,,,,,,,,,,
237,webassets,miracle2k/webassets,others,,https://github.com/miracle2k/webassets,7705.0,7607.0,165.0,https://github.com/miracle2k/webassets,BSD-2-Clause,2009-12-08 05:40:34.000,2026-07-03 16:34:27.743000,261.0,70.0,929.0,Asset management for Python web development.,26,True,,conda-forge/webassets,webassets,https://pypi.org/project/webassets,2025-08-17 13:03:58.000,2025-08-17 13:03:58.000,3.0.0,15.0,98.0,273179.0,276709.0,https://anaconda.org/conda-forge/webassets,2026-07-03 16:34:27.743,84735.0,3.0,,,,,,,,,,,,,,,,,
238,flask-marshmallow,marshmallow-code/flask-marshmallow,flask-utils,,https://github.com/marshmallow-code/flask-marshmallow,34501.0,34323.0,27.0,https://github.com/marshmallow-code/flask-marshmallow,MIT,2014-04-25 23:35:09.000,2026-04-16 07:00:08.164000,63.0,25.0,890.0,Flask + marshmallow for beautiful APIs.,26,True,['flask'],conda-forge/flask-marshmallow,flask-marshmallow,https://pypi.org/project/flask-marshmallow,2026-04-16 02:58:29.000,2026-04-16 02:58:29.000,1.5.0,26.0,178.0,1483139.0,1486108.0,https://anaconda.org/conda-forge/flask-marshmallow,2026-04-16 07:00:08.164,219714.0,2.0,,,,,,,,,,,,,,,,,
239,oauth2client,googleapis/oauth2client,auth,,https://github.com/googleapis/oauth2client,1056.0,,91.0,https://github.com/googleapis/oauth2client,Apache-2.0,2013-11-07 18:03:04.000,2025-04-22 14:56:25.308000,429.0,2.0,797.0,This is a Python library for accessing resources protected by OAuth 2.0.,26,False,,conda-forge/oauth2client,oauth2client,https://pypi.org/project/oauth2client,2018-09-07 21:38:16.000,2018-09-07 21:38:16.000,4.1.3,44.0,1056.0,35193750.0,35271052.0,https://anaconda.org/conda-forge/oauth2client,2025-04-22 14:56:25.308,1700659.0,2.0,,,,,,,,,,,,,,,,,
240,ghapi,fastai/ghapi,third-party-apis,,https://ghapi.fast.ai/,3746.0,3578.0,23.0,,Apache-2.0,,2026-08-13 03:08:45.000000,70.0,,684.0,A python client for the GitHub API.,26,True,,,ghapi,https://pypi.org/project/ghapi,2026-08-13 03:08:45.000,2026-08-13 03:08:45.000,2.1.2,53.0,168.0,465224543.0,465224543.0,,,,3.0,,,,,,,,,,,,,,,,,
241,flask-mail,mattupstate/flask-mail,email,,https://flask-mail.readthedocs.io,84387.0,84158.0,42.0,,BSD-3-Clause,2025-01-13 02:00:21.471,2025-04-22 14:56:27.215000,178.0,,641.0,Flask extension for sending email.,26,False,,conda-forge/flask-mail,flask-mail,https://pypi.org/project/flask-mail,2024-05-23 22:30:10.000,2024-05-23 22:30:10.000,0.10.0,29.0,229.0,1523004.0,1537371.0,https://anaconda.org/conda-forge/flask-mail,2025-04-22 14:56:27.215,272988.0,1.0,,,,,,,,,,,,,,,,,
242,aioresponses,pnuckowski/aioresponses,testing,,https://github.com/pnuckowski/aioresponses,878.0,,60.0,https://github.com/pnuckowski/aioresponses,MIT,2016-10-16 10:42:14.000,2026-06-23 21:23:22.000000,100.0,63.0,558.0,Aioresponses is a helper for mock/fake web requests in python aiohttp package.,26,True,,,aioresponses,https://pypi.org/project/aioresponses,2026-06-23 21:23:22.000,2026-06-23 21:23:22.000,0.7.9,29.0,878.0,7016814.0,7016814.0,,,,2.0,,,,,,,,,,,,,,,,,
243,pyngrok,alexdlaird/pyngrok,others,,https://github.com/alexdlaird/pyngrok,11954.0,11610.0,34.0,https://github.com/alexdlaird/pyngrok,MIT,2018-12-16 22:12:33.000,2026-08-18 17:40:22.000000,59.0,,464.0,"A Python wrapper for ngrok; programmatic tunnels for ingress, webhooks, demos, and APIs.",26,True,,conda-forge/pyngrok,pyngrok,https://pypi.org/project/pyngrok,2026-04-29 15:16:52.000,2026-04-29 15:16:52.000,8.1.2,121.0,344.0,1488329.0,1491994.0,https://anaconda.org/conda-forge/pyngrok,2026-04-29 16:49:10.470,274947.0,3.0,,,,,,,,,,,,,,,,,
244,OpenAPI Spec validator,p1c2u/openapi-spec-validator,openapi-utils,,https://github.com/python-openapi/openapi-spec-validator,12089.0,11654.0,46.0,,Apache-2.0,2020-07-28 17:07:10.055,2026-05-20 17:31:41.467000,73.0,,406.0,OpenAPI 2.0 (aka Swagger) and OpenAPI 3 spec validator.,26,True,,conda-forge/openapi-spec-validator,openapi-spec-validator,https://pypi.org/project/openapi-spec-validator,2026-05-20 09:23:17.000,2026-05-20 09:23:17.000,0.9.0,49.0,435.0,39418437.0,39438585.0,https://anaconda.org/conda-forge/openapi-spec-validator,2026-05-20 17:31:41.467,1470806.0,2.0,,,,,,,,,,,,,,,,,
245,flask-bcrypt,maxcountryman/flask-bcrypt,flask-utils,,https://github.com/maxcountryman/flask-bcrypt,82003.0,81886.0,25.0,https://github.com/maxcountryman/flask-bcrypt,BSD-3-Clause,2011-06-12 21:20:23.000,2025-09-04 15:38:42.000000,64.0,10.0,328.0,Flask-Bcrypt is a Flask extension that provides bcrypt hashing utilities for your application.,26,True,['flask'],conda-forge/flask-bcrypt,flask-bcrypt,https://pypi.org/project/flask-bcrypt,2022-04-05 03:59:51.000,2022-04-05 03:59:51.000,1.0.1,16.0,117.0,1974359.0,1976081.0,https://anaconda.org/conda-forge/flask-bcrypt,2025-04-22 14:56:24.928,84382.0,2.0,,,,,,,,,,,,,,,,,
246,uritemplate,python-hyper/uritemplate,url-utils,,https://github.com/python-hyper/uritemplate,571.0,,22.0,https://github.com/python-hyper/uritemplate,BSD-3-Clause,2013-05-14 16:52:08.000,2026-07-13 22:09:18.000000,39.0,8.0,246.0,URI template parsing per RFC6570.,26,True,,conda-forge/uritemplate,uritemplate,https://pypi.org/project/uritemplate,2025-06-02 15:12:03.000,2025-06-02 15:12:03.000,4.2.0,13.0,571.0,178754816.0,178898813.0,https://anaconda.org/conda-forge/uritemplate,2025-06-02 19:27:26.762,8351827.0,3.0,,,,,,,,,,,,,,,,,
247,sherlock,sherlock-project/sherlock,third-party-apis,,https://github.com/sherlock-project/sherlock,15.0,,312.0,https://github.com/sherlock-project/sherlock,MIT,2018-12-24 14:30:48.000,2025-11-05 05:09:49.000000,8232.0,170.0,70099.0,Hunt down social media accounts by username across social networks.,25,True,,,sherlock,https://pypi.org/project/sherlock,2023-02-18 14:51:07.497,2023-02-18 14:51:07.497,0.4.1,7.0,15.0,24013.0,24013.0,,,,3.0,,,,,,,,,,,,,,,,,
248,httpie,httpie/httpie,http-clients,,https://httpie.io/,132.0,1.0,173.0,,BSD-3-Clause,2020-10-14 01:42:30.321,2025-04-22 14:56:48.791000,3995.0,,38420.0,"HTTPie: modern, user-friendly command-line HTTP client for the API era.",25,False,,conda-forge/httpie,httpie,https://pypi.org/project/httpie,2024-11-01 17:31:22.000,2024-11-01 17:31:22.000,3.2.4,58.0,131.0,1023709.0,1028365.0,https://anaconda.org/conda-forge/httpie,2025-04-22 14:56:48.791,325952.0,3.0,,,,,,,,,,,,,,,,,
249,dirsearch,maurosoria/dirsearch,web-scraping,,https://github.com/maurosoria/dirsearch,204.0,203.0,113.0,https://github.com/maurosoria/dirsearch,GPL-2.0,2013-04-30 15:57:40.000,2026-08-19 04:36:37.000000,2439.0,26.0,14642.0,Web path scanner.,25,True,,,dirsearch,https://pypi.org/project/dirsearch,2026-08-19 04:36:37.000,2026-08-19 04:36:37.000,0.5.0,9.0,1.0,31735.0,31735.0,,,,2.0,,,,,,,,,,,,,,,,,
250,Requests-HTML,psf/requests-html,html-processing,,https://github.com/psf/requests-html,446.0,,66.0,https://github.com/psf/requests-html,MIT,2018-02-24 20:11:02.000,2024-04-16 18:50:38.000000,998.0,238.0,13856.0,Pythonic HTML Parsing for Humans.,25,False,,,requests-html,https://pypi.org/project/requests-html,2019-02-17 20:14:17.000,2019-02-17 20:14:17.000,0.10.0,36.0,446.0,499679.0,499679.0,,,,3.0,,,,,,,,,,,,,,,,,
251,thumbor,thumbor/thumbor,third-party-apis,,https://github.com/thumbor/thumbor,442.0,389.0,211.0,https://github.com/thumbor/thumbor,MIT,2011-03-16 17:30:05.000,2026-05-30 23:23:57.000000,865.0,21.0,10486.0,thumbor is an open-source photo thumbnail service by globo.com.,25,True,,,thumbor,https://pypi.org/project/thumbor,2026-05-30 23:23:57.000,2026-05-30 23:23:57.000,7.8.0,120.0,53.0,19963.0,19963.0,,,,3.0,,,,,,,,,,,,,,,,,
252,hug,hugapi/hug,web-frameworks,,https://github.com/hugapi/hug,5277.0,5230.0,121.0,https://github.com/hugapi/hug,MIT,2015-07-17 03:33:50.000,2025-04-22 14:56:28.919000,388.0,186.0,6896.0,"Embrace the APIs of the future. Hug aims to make developing APIs as simple as possible, but no simpler.",25,False,,conda-forge/hug,hug,https://pypi.org/project/hug,2020-02-06 18:13:37.000,2020-02-06 18:13:37.000,2.6.1,71.0,47.0,141160.0,144519.0,https://anaconda.org/conda-forge/hug,2025-04-22 14:56:28.919,396437.0,3.0,,,,,,,,,,,,,,,,,
253,eve,pyeve/eve,web-frameworks,,https://github.com/pyeve/eve,1228.0,1182.0,221.0,https://github.com/pyeve/eve,BSD-3-Clause,2012-10-22 07:39:33.000,2026-03-24 08:14:06.000000,734.0,26.0,6745.0,REST API framework designed for human beings.,25,True,,,eve,https://pypi.org/project/eve,2026-03-24 08:14:06.000,2026-03-24 08:14:06.000,2.3.1,61.0,46.0,27833.0,27833.0,,,,3.0,,,,,,,,,,,,,,,,,
254,grequests,spyoungtech/grequests,http-clients,,https://github.com/spyoungtech/grequests,5239.0,5058.0,29.0,https://github.com/spyoungtech/grequests,BSD-2-Clause,2012-05-10 21:50:15.000,2025-04-22 14:56:27.352000,332.0,10.0,4492.0,Requests + Gevent = 3.,25,False,,conda-forge/grequests,grequests,https://pypi.org/project/grequests,2023-06-08 00:06:01.754,2023-06-08 00:06:01.754,0.7.0,7.0,181.0,401901.0,414693.0,https://anaconda.org/conda-forge/grequests,2025-04-22 14:56:27.352,255854.0,3.0,,,,,,,,,,,,,,,,,
255,wechatpy,wechatpy/wechatpy,third-party-apis,,https://github.com/wechatpy/wechatpy,10382.0,10357.0,102.0,https://github.com/wechatpy/wechatpy,MIT,2014-09-12 13:03:28.000,2026-05-19 17:29:46.000000,821.0,58.0,4297.0,WeChat SDK for Python.,25,True,,,wechatpy,https://pypi.org/project/wechatpy,2022-06-19 11:36:01.000,2021-11-11 15:12:31.000,1.8.18,137.0,25.0,161907.0,161907.0,,,,3.0,,,,,,,,,,,,,,,,,
256,py-googletrans,ssut/py-googletrans,third-party-apis,,https://github.com/ssut/py-googletrans,405.0,,31.0,https://github.com/ssut/py-googletrans,MIT,2015-06-05 08:35:11.000,2026-08-08 08:16:00.000000,743.0,10.0,4270.0,(unofficial) Googletrans: Free and Unlimited Google translate API for Python. Translates totally free of charge.,25,True,,,googletrans,https://pypi.org/project/googletrans,2025-01-01 14:12:00.000,2025-01-01 14:12:00.000,4.0.2,15.0,405.0,1685902.0,1685902.0,,,,3.0,,,,,,,,,,,,,,,,,
257,fake-useragent,hellysmile/fake-useragent,others,,https://github.com/fake-useragent/fake-useragent,1175.0,,23.0,,Apache-2.0,2021-06-25 12:14:01.644,2025-08-27 15:15:12.883000,538.0,,4057.0,Up-to-date simple useragent faker with real world database.,25,True,,conda-forge/fake-useragent,fake-useragent,https://pypi.org/project/fake-useragent,2025-04-14 15:32:17.000,2025-04-14 15:32:17.000,2.2.0,40.0,1175.0,10781760.0,10783318.0,https://anaconda.org/conda-forge/fake-useragent,2025-08-27 15:15:12.883,96609.0,3.0,,,,,,,,,,,,,,,,,
258,Radicale,Kozea/Radicale,others,,https://github.com/Kozea/Radicale,246.0,203.0,172.0,https://github.com/Kozea/Radicale,GPL-3.0,2011-08-11 08:27:37.000,2026-08-06 06:47:42.000000,478.0,7.0,3880.0,A simple CalDAV (calendar) and CardDAV (contact) server.,25,True,,,radicale,https://pypi.org/project/radicale,2026-08-06 06:47:42.000,2026-08-06 06:47:42.000,3.7.8,93.0,43.0,63669.0,63669.0,,,,3.0,,,,,,,,,,,,,,,,,
259,factory_boy,FactoryBoy/factory_boy,testing,,https://github.com/FactoryBoy/factory_boy,647.0,,134.0,https://github.com/FactoryBoy/factory_boy,MIT,2011-05-11 08:26:59.000,2025-04-25 02:28:32.370000,401.0,190.0,3639.0,A test fixtures replacement for Python.,25,False,['django'],conda-forge/factory_boy,factory_boy,https://pypi.org/project/factory_boy,2025-02-03 09:49:01.000,2025-02-03 09:49:01.000,3.3.3,46.0,647.0,23240834.0,23246565.0,https://anaconda.org/conda-forge/factory_boy,2025-04-25 02:28:32.370,406954.0,2.0,,,,,,,,,,,,,,,,,
260,sqladmin,aminalaee/sqladmin,fastapi-utils,,https://smithyhq.github.io/sqladmin/,1961.0,1910.0,105.0,,BSD-3-Clause,,2026-08-06 08:50:35.000000,295.0,,2806.0,SQLAlchemy admin for FastAPI and Starlette.,25,True,['fastapi'],,sqladmin,https://pypi.org/project/sqladmin,2026-08-06 08:50:35.000,2026-08-06 08:50:35.000,0.31.0,57.0,51.0,957881.0,957881.0,,,,1.0,,,,,,,,,,,,,,,,,
261,flask-restplus,noirbizarre/flask-restplus,web-frameworks,,https://github.com/noirbizarre/flask-restplus,14877.0,14696.0,88.0,https://github.com/noirbizarre/flask-restplus,BSD-3-Clause,2014-08-14 13:26:03.000,2025-04-22 14:56:29.180000,507.0,372.0,2734.0,"Fully featured framework for fast, easy and documented API development with Flask.",25,False,['flask'],conda-forge/flask-restplus,flask-restplus,https://pypi.org/project/flask-restplus,2019-08-12 21:51:40.000,2019-08-12 21:51:40.000,0.13.0,35.0,181.0,89296.0,93074.0,https://anaconda.org/conda-forge/flask-restplus,2025-04-22 14:56:29.180,445868.0,3.0,,,,,,,,,,,,,,,,,
262,django-fsm,viewflow/django-fsm,django-utils,,https://github.com/viewflow/django-fsm,1962.0,1898.0,70.0,https://github.com/viewflow/django-fsm,MIT,2010-05-31 14:03:48.000,2025-10-07 17:44:28.580000,309.0,1.0,2348.0,Django friendly finite state machine support.,25,True,['django'],conda-forge/django-fsm,django-fsm,https://pypi.org/project/django-fsm,2025-10-07 16:33:26.000,2025-10-07 16:33:26.000,3.0.1,26.0,64.0,654389.0,656543.0,https://anaconda.org/conda-forge/django-fsm,2025-10-07 17:44:28.580,96952.0,3.0,,,,,,,,,,,,,,,,,
263,django-cacheops,Suor/django-cacheops,django-utils,,https://github.com/Suor/django-cacheops,1607.0,1594.0,74.0,https://github.com/Suor/django-cacheops,BSD-3-Clause,2011-06-04 12:25:47.000,2025-04-20 04:36:16.000000,231.0,19.0,2179.0,A slick ORM cache with automatic granular event-driven invalidation.,25,False,['django'],,django-cacheops,https://pypi.org/project/django-cacheops,2025-04-20 04:36:16.000,2023-10-24 10:23:43.000,7.0.2,65.0,13.0,1947306.0,1947306.0,,,,3.0,,,,,,,,,,,,,,,,,
264,django-admin-interface,fabiocaccamo/django-admin-interface,admin-ui,,https://github.com/fabiocaccamo/django-admin-interface,5317.0,5308.0,46.0,https://github.com/fabiocaccamo/django-admin-interface,MIT,2015-10-26 14:46:36.000,2026-01-03 22:15:29.000000,200.0,13.0,2028.0,"djangos default admin interface with superpowers - customizable themes, popup windows replaced by modals and many..",25,True,['django'],,django-admin-interface,https://pypi.org/project/django-admin-interface,2025-12-19 01:34:35.000,2025-12-19 01:34:35.000,0.32.0,128.0,9.0,254478.0,254478.0,,,,2.0,,,,,,,,,,,,,,,,,
265,django-braces,brack3t/django-braces,django-utils,,https://github.com/brack3t/django-braces,16278.0,16205.0,83.0,https://github.com/brack3t/django-braces,BSD-3-Clause,2012-03-02 20:02:51.000,2025-04-22 14:56:39.215000,218.0,6.0,1992.0,"Reusable, generic mixins for Django.",25,False,['django'],conda-forge/django-braces,django-braces,https://pypi.org/project/django-braces,2025-03-18 02:03:01.000,2025-03-18 02:03:01.000,1.17.0,33.0,73.0,388499.0,392379.0,https://anaconda.org/conda-forge/django-braces,2025-04-22 14:56:39.215,112540.0,3.0,,,,,,,,,,,,,,,,,
266,twython,ryanmcgrath/twython,third-party-apis,,https://github.com/ryanmcgrath/twython,7933.0,7873.0,103.0,https://github.com/ryanmcgrath/twython,MIT,2009-04-02 05:01:31.000,2025-04-22 14:56:37.419000,397.0,27.0,1855.0,"Actively maintained, pure Python wrapper for the Twitter API. Supports both normal and streaming Twitter APIs.",25,False,,conda-forge/twython,twython,https://pypi.org/project/twython,2021-07-16 22:35:20.000,2021-07-16 22:35:20.000,3.9.1,61.0,60.0,119302.0,127270.0,https://anaconda.org/conda-forge/twython,2025-04-22 14:56:37.419,502018.0,3.0,,,,,,,,,,,,,,,,,
267,django-money,django-money/django-money,django-utils,,https://github.com/django-money/django-money,50.0,,127.0,https://github.com/django-money/django-money,BSD-3-Clause,2011-05-15 12:13:19.000,2026-06-07 10:52:33.000000,322.0,90.0,1777.0,Money fields for Django forms and models.,25,True,['django'],,django-money,https://pypi.org/project/django-money,2026-06-07 10:52:33.000,2026-06-07 10:52:33.000,3.6.1,77.0,50.0,808620.0,808620.0,,,,3.0,,,,,,,,,,,,,,,,,
268,rpyc,tomerfiliba-org/rpyc,rpc,,https://github.com/tomerfiliba-org/rpyc,3690.0,3461.0,86.0,https://github.com/tomerfiliba-org/rpyc,MIT,2009-03-08 11:23:29.000,2025-10-21 22:22:09.860000,250.0,95.0,1686.0,RPyC (Remote Python Call) - A transparent and symmetric RPC library for python.,25,True,,conda-forge/rpyc,rpyc,https://pypi.org/project/rpyc,2025-04-18 16:33:20.000,2025-04-18 16:33:20.000,6.0.2,31.0,229.0,1322877.0,1334318.0,https://anaconda.org/conda-forge/rpyc,2025-10-21 22:22:09.860,812338.0,2.0,,,,,,,,,,,,,,,,,
269,slacker,os/slacker,third-party-apis,,https://github.com/os/slacker,3337.0,3220.0,45.0,https://github.com/os/slacker,Apache-2.0,2014-03-12 15:13:32.000,2025-04-22 14:56:24.345000,246.0,30.0,1604.0,Full-featured Python interface for the Slack API.,25,False,,conda-forge/slacker,slacker,https://pypi.org/project/slacker,2020-02-15 09:06:13.000,2020-02-15 09:06:13.000,0.14.0,57.0,117.0,432455.0,476128.0,https://anaconda.org/conda-forge/slacker,2025-04-22 14:56:24.345,873462.0,3.0,,,,,,,,,,,,,,,,,
270,flask-api,flask-api/flask-api,flask-utils,,https://github.com/flask-api/flask-api,6646.0,6589.0,35.0,https://github.com/flask-api/flask-api,BSD-3-Clause,2014-02-15 12:27:34.000,2025-05-13 06:12:16.000000,194.0,18.0,1469.0,Browsable web APIs for Flask.,25,False,['flask'],,flask-api,https://pypi.org/project/flask-api,2023-06-05 16:50:38.084,2017-04-13 01:12:37.000,0.7.1,33.0,57.0,62565.0,62565.0,,,,2.0,,,,,,,,,,,,,,,,,
271,python-user-agents,selwin/python-user-agents,others,,https://github.com/selwin/python-user-agents,200.0,,32.0,https://github.com/selwin/python-user-agents,MIT,2013-01-05 00:44:11.000,2025-04-22 14:56:26.410000,197.0,44.0,1432.0,"A Python library that provides an easy way to identify devices like mobile phones, tablets and their capabilities by..",25,False,,conda-forge/user-agents,user-agents,https://pypi.org/project/user-agents,2020-08-23 06:01:54.000,2020-08-23 06:01:54.000,2.2.0,12.0,200.0,11452470.0,11455409.0,https://anaconda.org/conda-forge/user-agents,2025-04-22 14:56:26.410,211669.0,3.0,,,,,,,,,,,,,,,,,
272,django-organizations,bennylope/django-organizations,django-utils,,https://github.com/bennylope/django-organizations,329.0,322.0,54.0,https://github.com/bennylope/django-organizations,BSD-2-Clause,2012-02-02 02:38:49.000,2026-07-03 19:58:44.000000,223.0,19.0,1358.0,Multi-user accounts for Django projects.,25,True,['django'],conda-forge/django-organizations,django-organizations,https://pypi.org/project/django-organizations,2026-07-03 19:58:44.000,2026-07-03 19:58:44.000,2.7.0,59.0,7.0,88745.0,88929.0,https://anaconda.org/conda-forge/django-organizations,2026-03-08 19:07:07.860,13814.0,3.0,,,,,,,,,,,,,,,,,
273,django-rosetta,mbi/django-rosetta,django-utils,,https://github.com/mbi/django-rosetta,3999.0,3966.0,87.0,https://github.com/mbi/django-rosetta,MIT,2011-06-16 09:19:42.000,2025-12-07 18:04:16.000000,204.0,56.0,1156.0,Rosetta is a Django application that eases the translation process of your Django projects.,25,True,['django'],conda-forge/django-rosetta,django-rosetta,https://pypi.org/project/django-rosetta,2025-12-07 18:04:16.000,2025-12-07 18:04:16.000,0.10.3,40.0,33.0,207153.0,207419.0,https://anaconda.org/conda-forge/django-rosetta,2025-04-22 14:57:33.082,19432.0,3.0,,,,,,,,,,,,,,,,,
274,mistletoe,miyuchina/mistletoe,markdown,,https://github.com/miyuchina/mistletoe,2022.0,1784.0,45.0,https://github.com/miyuchina/mistletoe,MIT,2017-07-09 10:57:29.000,2026-07-11 14:14:17.000000,134.0,40.0,1056.0,"A fast, extensible and spec-compliant Markdown parser in pure Python.",25,True,,,mistletoe,https://pypi.org/project/mistletoe,2026-07-11 14:14:17.000,2026-07-11 14:14:17.000,1.6.0,33.0,238.0,2177234.0,2177234.0,,,,3.0,,,,,,,,,,,,,,,,,
275,flask-dance,singingwolfboy/flask-dance,auth,,https://github.com/singingwolfboy/flask-dance,6103.0,6074.0,58.0,https://github.com/singingwolfboy/flask-dance,MIT,2014-09-09 11:53:06.000,2025-04-22 14:57:04.024000,158.0,47.0,1008.0,"Doing the OAuth dance with style using Flask, requests, and oauthlib.",25,False,['flask'],conda-forge/flask-dance,flask-dance,https://pypi.org/project/flask-dance,2024-03-05 12:43:19.000,2024-03-05 12:43:19.000,7.1.0,52.0,29.0,1074332.0,1074809.0,https://anaconda.org/conda-forge/flask-dance,2025-04-22 14:57:04.024,16705.0,3.0,,,,,,,,,,,,,,,,,
276,parameterized,wolever/parameterized,testing,,https://github.com/wolever/parameterized,27287.0,26544.0,30.0,https://github.com/wolever/parameterized,BSD-2-Clause-FreeBSD,2012-03-10 04:56:31.000,2025-04-22 14:56:44.336000,106.0,44.0,841.0,Parameterized testing with any Python test framework.,25,False,,conda-forge/parameterized,parameterized,https://pypi.org/project/parameterized,2023-03-27 02:02:06.801,2023-03-27 02:02:06.801,0.9.0,12.0,743.0,20015002.0,20071116.0,https://anaconda.org/conda-forge/parameterized,2025-04-22 14:56:44.336,3759699.0,2.0,,,,,,,,,,,,,,,,,
277,flask-security,mattupstate/flask-security,flask-utils,,https://github.com/pallets-eco/flask-security,8724.0,8651.0,129.0,,MIT,2024-11-18 12:30:14.722,2026-08-14 10:51:42.746000,170.0,,698.0,Quickly add security features to your Flask application.,25,True,['flask'],conda-forge/flask-security,flask-security,https://pypi.org/project/flask-security,2026-08-12 00:23:06.000,2026-08-12 00:23:06.000,5.8.2,36.0,73.0,132343.0,141997.0,https://anaconda.org/conda-forge/flask-security,2026-08-14 10:51:42.746,202751.0,2.0,,,,,,,,,,,,,,,,,
278,django-csp,mozilla/django-csp,django-utils,,https://github.com/mozilla/django-csp,5161.0,5107.0,67.0,https://github.com/mozilla/django-csp,BSD-3-Clause,2010-07-14 18:00:59.000,2025-11-14 14:39:37.000000,107.0,10.0,625.0,Content Security Policy for Django.,25,True,['django'],,django-csp,https://pypi.org/project/django-csp,2025-04-02 16:41:45.000,2013-11-19 23:16:37.000,2.0.3,23.0,54.0,4373239.0,4373239.0,,,,3.0,,,,,,,,,,,,,,,,,
279,aiodns,saghul/aiodns,others,,https://pypi.org/p/aiodns,1003.0,,36.0,,MIT,2021-11-25 09:55:32.824,2026-08-03 12:59:13.152000,75.0,,593.0,Simple DNS resolver for asyncio.,25,True,,conda-forge/aiodns,aiodns,https://pypi.org/project/aiodns,2026-05-20 01:54:14.000,2026-05-20 01:54:14.000,4.0.4,27.0,1003.0,20697455.0,20706989.0,https://anaconda.org/conda-forge/aiodns,2026-08-03 12:59:13.152,543440.0,3.0,,,,,,,,,,,,,,,,,
280,flask-testing,jarus/flask-testing,testing,,https://github.com/jarus/flask-testing,25059.0,24951.0,33.0,https://github.com/jarus/flask-testing,BSD-3-Clause,2012-02-29 16:34:28.000,2025-04-22 14:56:27.629000,110.0,56.0,501.0,Unittest extensions for Flask.,25,False,['flask'],conda-forge/flask-testing,flask-testing,https://pypi.org/project/flask-testing,2020-12-24 16:51:48.000,2020-12-24 16:51:48.000,0.8.1,18.0,108.0,631416.0,633506.0,https://anaconda.org/conda-forge/flask-testing,2025-04-22 14:56:27.629,248805.0,2.0,,,,,,,,,,,,,,,,,
281,httpagentparser,shon/httpagentparser,others,,https://github.com/shon/httpagentparser,6362.0,6311.0,37.0,https://github.com/shon/httpagentparser,MIT,2011-03-11 09:13:11.000,2026-03-08 10:13:30.000000,57.0,21.0,225.0,Python HTTP Agent Parser.,25,True,,,httpagentparser,https://pypi.org/project/httpagentparser,2026-03-08 10:13:30.000,2026-03-08 10:13:30.000,1.9.9,59.0,51.0,561750.0,561750.0,,,,3.0,,,,,,,,,,,,,,,,,
282,You-Get,soimort/you-get,web-scraping,,https://github.com/soimort/you-get,42.0,24.0,264.0,https://github.com/soimort/you-get,MIT,2012-08-20 15:53:36.000,2025-04-22 14:57:26.663000,9598.0,377.0,53274.0,Dumb downloader that scrapes the web.,24,False,,conda-forge/you-get,you-get,https://pypi.org/project/you-get,2025-01-04 01:51:10.000,2025-01-04 01:51:10.000,0.4.1743,174.0,18.0,17280.0,18049.0,https://anaconda.org/conda-forge/you-get,2025-04-22 14:57:26.663,56189.0,2.0,,,,,,,,,,,,,,you-get,,,
283,Kong,kong/kong,api-proxies,,https://github.com/kong/kong,25.0,25.0,452.0,https://github.com/kong/kong,Apache-2.0,2014-11-17 23:56:08.000,2026-08-18 22:51:29.625874,5205.0,191.0,44876.0,The API and AI Gateway.,24,True,,,,,,,,,,,2543683.0,,,,1.0,,,,,,,,,kong,https://hub.docker.com/r/_/kong,2026-08-18 22:51:29.625874,833.0,358659391.0,,,,
284,swagger-ui,swagger-api/swagger-ui,openapi-utils,,https://github.com/swagger-api/swagger-ui,38365.0,38365.0,628.0,https://github.com/swagger-api/swagger-ui,Apache-2.0,2011-07-15 22:56:39.000,2026-08-27 11:43:27.000000,9259.0,1139.0,28993.0,"Swagger UI is a collection of HTML, JavaScript, and CSS assets that dynamically generate beautiful documentation from..",24,True,['openapi'],,,,,,,,,,,,,,3.0,,,,,,,,,,,,,,,,,
285,speedtest-cli,sivel/speedtest-cli,others,,https://github.com/sivel/speedtest-cli,211.0,24.0,10.0,https://github.com/sivel/speedtest-cli,Apache-2.0,2012-09-10 19:17:53.000,2025-04-22 14:58:04.715000,1911.0,70.0,13529.0,Command line interface for testing internet bandwidth using speedtest.net.,24,False,,conda-forge/speedtest-cli,speedtest-cli,https://pypi.org/project/speedtest-cli,2021-04-08 13:51:32.000,2021-04-08 13:51:32.000,2.1.3,28.0,187.0,374431.0,374928.0,https://anaconda.org/conda-forge/speedtest-cli,2025-04-22 14:58:04.715,28335.0,3.0,,,,,,,,,,,,,,,,,
286,grip,joeyespo/grip,markdown,,https://github.com/joeyespo/grip,2302.0,2268.0,40.0,https://github.com/joeyespo/grip,MIT,2012-11-17 07:27:16.000,2024-07-10 06:39:28.000000,423.0,113.0,6440.0,Preview GitHub README.md files locally before committing them.,24,False,,,grip,https://pypi.org/project/grip,2023-10-12 05:07:59.000,2023-10-12 05:07:59.000,4.6.2,27.0,34.0,85492.0,85492.0,,,,3.0,,,,,,,,,,,,,,,,,
287,google-maps-services-python,googlemaps/google-maps-services-python,third-party-apis,,https://github.com/googlemaps/google-maps-services-python,113.0,,67.0,https://github.com/googlemaps/google-maps-services-python,Apache-2.0,2014-08-15 04:35:30.000,2025-03-09 02:22:08.000000,1334.0,69.0,4804.0,Python client library for Google Maps API Web Services.,24,False,,,googlemaps,https://pypi.org/project/googlemaps,2023-01-26 16:46:28.581,2023-01-26 16:46:28.581,4.10.0,51.0,113.0,2966822.0,2966822.0,,,,3.0,,,,,,,,,,,,,,,,,
288,mezzanine,stephenmcd/mezzanine,cms,,https://github.com/stephenmcd/mezzanine,2491.0,2466.0,329.0,https://github.com/stephenmcd/mezzanine,BSD-2-Clause,2010-05-29 12:16:55.000,2025-06-04 17:21:14.000000,1645.0,62.0,4755.0,CMS framework for Django.,24,False,['django'],,mezzanine,https://pypi.org/project/mezzanine,2025-06-04 17:21:14.000,2025-06-04 17:21:14.000,6.1.1,141.0,25.0,4806.0,4806.0,,,,2.0,,,,,,,,,,,,,,,,,
289,Dredd,apiaryio/dredd,testing,,https://github.com/apiaryio/dredd,1278.0,1237.0,111.0,https://github.com/apiaryio/dredd,MIT,2013-09-04 12:21:35.000,2024-05-11 13:19:25.000000,282.0,260.0,4215.0,Language-agnostic HTTP API Testing Tool.,24,False,['openapi'],,dredd_hooks,https://pypi.org/project/dredd_hooks,2018-04-09 12:47:29.000,2021-11-16 12:36:05.644,14.1.0,223.0,,6745.0,63237.0,,,,2.0,,,dredd,https://www.npmjs.com/package/dredd,2021-11-16 12:36:05.644,41.0,56492.0,,,,,,,,,,
290,lektor,lektor/lektor,cms,,https://github.com/lektor/lektor,541.0,500.0,100.0,https://github.com/lektor/lektor,BSD-3-Clause,2015-12-19 09:18:36.000,2026-08-09 02:15:50.856000,318.0,250.0,3947.0,The lektor static file content management system.,24,True,,conda-forge/lektor,lektor,https://pypi.org/project/lektor,2026-08-07 23:48:06.000,2026-08-07 23:48:06.000,3.3.14,55.0,41.0,6875.0,10769.0,https://anaconda.org/conda-forge/lektor,2026-08-09 02:15:50.856,280392.0,2.0,,,,,,,,,,,,,,,,,
291,pyppeteer,miyakogi/pyppeteer,testing,,https://github.com/miyakogi/pyppeteer,359.0,,24.0,https://github.com/miyakogi/pyppeteer,MIT,2017-08-28 16:39:17.000,2025-04-22 14:57:00.898000,367.0,154.0,3917.0,Headless chrome/chromium automation library (unofficial port of puppeteer).,24,False,,conda-forge/pyppeteer,pyppeteer,https://pypi.org/project/pyppeteer,2024-02-18 03:02:41.000,2024-02-18 03:02:41.000,2.0.0,35.0,359.0,1317272.0,1323386.0,https://anaconda.org/conda-forge/pyppeteer,2025-04-22 14:57:00.898,434105.0,2.0,,,,,,,,,,,,,,,,,
292,viewflow,viewflow/viewflow,django-utils,,https://github.com/viewflow/viewflow,381.0,378.0,27.0,https://github.com/viewflow/viewflow,AGPL-3.0,2013-09-10 10:16:35.000,2026-07-30 13:45:18.000000,412.0,14.0,2868.0,Reusable workflow library for Django.,24,True,['django'],,django-viewflow,https://pypi.org/project/django-viewflow,2026-07-30 13:45:07.000,2026-07-30 13:45:07.000,2.4.0,70.0,3.0,202765.0,202765.0,,,,3.0,,,,,,,,,,,,,,,,,
293,furl,gruns/furl,url-utils,,https://github.com/gruns/furl,504.0,,16.0,https://github.com/gruns/furl,Unlicense,2011-11-17 01:08:16.000,2025-04-22 14:56:38.781000,156.0,40.0,2706.0,URL parsing and manipulation made easy.,24,False,,conda-forge/furl,furl,https://pypi.org/project/furl,2025-03-09 05:36:19.000,2025-03-09 05:36:19.000,2.1.4,52.0,504.0,6075115.0,6089738.0,https://anaconda.org/conda-forge/furl,2025-04-22 14:56:38.781,921309.0,3.0,,,,,,,,,,,,,,,,,
294,django-activity-stream,justquick/django-activity-stream,django-utils,,https://github.com/justquick/django-activity-stream,1353.0,1342.0,114.0,https://github.com/justquick/django-activity-stream,BSD-3-Clause,2010-02-24 21:16:51.000,2024-03-26 18:06:03.000000,486.0,25.0,2342.0,Generate generic activity streams from the actions on your site. Users can follow any actors activities for..,24,False,['django'],,django-activity-stream,https://pypi.org/project/django-activity-stream,2023-10-04 07:51:20.000,2023-10-04 07:51:20.000,2.0.0,41.0,11.0,148713.0,148713.0,,,,3.0,,,,,,,,,,,,,,,,,
295,flask-wtf,wtforms/flask-wtf,forms,,https://flask-wtf.readthedocs.io,903.0,,106.0,,,2021-05-25 08:06:31.676,2026-04-23 13:19:35.479000,312.0,,1506.0,"Form rendering, validation, and CSRF protection for Flask with WTForms.",24,False,['flask'],conda-forge/flask-wtf,flask-wtf,https://pypi.org/project/flask-wtf,2026-04-23 07:41:53.000,2026-04-23 07:41:53.000,1.3.0,52.0,903.0,17141707.0,17150674.0,https://anaconda.org/conda-forge/flask-wtf,2026-04-23 13:19:35.479,564954.0,3.0,,,,,,,,,,,,,,,,,
296,SeleniumLibrary,robotframework/SeleniumLibrary,testing,,https://github.com/robotframework/SeleniumLibrary,162.0,,129.0,https://github.com/robotframework/SeleniumLibrary,Apache-2.0,2011-10-22 08:01:34.000,2026-05-17 19:15:42.253000,785.0,64.0,1468.0,Web testing library for Robot Framework.,24,True,,conda-forge/robotframework-seleniumlibrary,robotframework-seleniumlibrary,https://pypi.org/project/robotframework-seleniumlibrary,2026-05-17 15:13:51.000,2026-05-17 15:13:51.000,6.9.0,76.0,162.0,1911636.0,1913510.0,https://anaconda.org/conda-forge/robotframework-seleniumlibrary,2026-05-17 19:15:42.253,136831.0,2.0,,,,,,,,,,,,,,,,,
297,django-lifecycle,rsinger86/django-lifecycle,django-utils,,https://github.com/rsinger86/django-lifecycle,515.0,489.0,42.0,https://github.com/rsinger86/django-lifecycle,MIT,2018-03-18 20:53:33.000,2026-06-14 10:05:47.000000,96.0,18.0,1406.0,"Declarative model lifecycle hooks, an alternative to Signals.",24,True,['django'],,django-lifecycle,https://pypi.org/project/django-lifecycle,2026-06-14 10:05:47.000,2026-06-14 10:05:47.000,1.3.0,48.0,26.0,252911.0,252911.0,,,,3.0,,,,,,,,,,,,,,,,,
298,django-extra-views,AndrewIngram/django-extra-views,django-utils,,https://github.com/AndrewIngram/django-extra-views,2517.0,2477.0,64.0,https://github.com/AndrewIngram/django-extra-views,MIT,2011-05-16 21:47:47.000,2025-04-22 15:10:56.000000,173.0,16.0,1397.0,"Djangos class-based generic views are awesome, lets have more of them.",24,False,['django'],,django-extra-views,https://pypi.org/project/django-extra-views,2025-04-22 15:10:56.000,2025-04-22 15:10:56.000,0.16.0,28.0,40.0,273850.0,273850.0,,,,3.0,,,,,,,,,,,,,,,,,
299,fastapi-code-generator,koxudaxi/fastapi-code-generator,fastapi-utils,,https://github.com/koxudaxi/fastapi-code-generator,265.0,255.0,36.0,https://github.com/koxudaxi/fastapi-code-generator,MIT,2020-06-14 10:49:14.000,2026-07-01 09:39:52.000000,152.0,47.0,1395.0,This code generator creates FastAPI app from an openapi file.,24,True,"['fastapi', 'openapi']",,fastapi-code-generator,https://pypi.org/project/fastapi-code-generator,2026-07-01 09:39:52.000,2026-07-01 09:39:52.000,0.8.1,51.0,10.0,42386.0,42386.0,,,,2.0,,,,,,,,,,,,,,,,,
300,flask-graphql,graphql-python/flask-graphql,graphql,,https://github.com/graphql-python/flask-graphql,3831.0,3791.0,15.0,https://github.com/graphql-python/flask-graphql,MIT,2016-01-23 09:20:02.000,2025-04-22 14:57:12.186000,139.0,41.0,1338.0,Adds GraphQL support to your Flask application.,24,False,"['flask', 'graphql']",conda-forge/flask-graphql,flask-graphql,https://pypi.org/project/flask-graphql,2019-12-05 15:32:32.000,2019-12-05 15:32:32.000,2.0.1,10.0,40.0,965438.0,965805.0,https://anaconda.org/conda-forge/flask-graphql,2025-04-22 14:57:12.186,30510.0,2.0,,,,,,,,,,,,,,,,,
301,django-cleanup,un1t/django-cleanup,django-utils,,https://github.com/un1t/django-cleanup,17296.0,17259.0,18.0,https://github.com/un1t/django-cleanup,MIT,2012-08-14 09:27:02.000,2025-04-22 14:57:10.039000,78.0,1.0,1093.0,Automatically deletes old file for FileField and ImageField. It also deletes files on models instance deletion.,24,False,['django'],conda-forge/django-cleanup,django-cleanup,https://pypi.org/project/django-cleanup,2024-09-18 21:58:04.000,2024-09-18 21:58:04.000,9.0.0,40.0,37.0,598767.0,599165.0,https://anaconda.org/conda-forge/django-cleanup,2025-04-22 14:57:10.039,29466.0,3.0,,,,,,,,,,,,,,,,,
302,dpkt,kbandla/dpkt,others,,https://github.com/kbandla/dpkt,2551.0,2445.0,67.0,https://github.com/kbandla/dpkt,BSD-3-Clause,2012-06-06 18:39:31.000,2025-04-22 14:57:01.034000,270.0,83.0,1084.0,"fast, simple packet creation / parsing, with definitions for the basic TCP/IP protocols.",24,False,,conda-forge/dpkt,dpkt,https://pypi.org/project/dpkt,2022-08-18 05:55:29.977,2022-08-18 05:55:29.977,1.9.8,22.0,106.0,1276957.0,1279944.0,https://anaconda.org/conda-forge/dpkt,2025-04-22 14:57:01.034,218106.0,3.0,,,,,,,,,,,,,,,,,
303,django-redis-cache,sebleier/django-redis-cache,django-utils,,https://github.com/sebleier/django-redis-cache,4438.0,4402.0,46.0,https://github.com/sebleier/django-redis-cache,BSD-3-Clause,2009-07-03 17:51:56.000,2025-04-22 14:56:21.111000,223.0,74.0,1035.0,A Redis cache backend for django.,24,False,['django'],conda-forge/django-redis-cache,django-redis-cache,https://pypi.org/project/django-redis-cache,2022-03-09 18:49:10.000,2022-03-09 18:49:10.000,3.0.1,53.0,36.0,64232.0,66810.0,https://anaconda.org/conda-forge/django-redis-cache,2025-04-22 14:56:21.111,180523.0,3.0,,,,,,,,,,,,,,,,,
304,starlette-admin,jowilf/starlette-admin,admin-ui,,https://github.com/jowilf/starlette-admin,1142.0,1105.0,33.0,https://github.com/jowilf/starlette-admin,MIT,2022-08-29 15:22:50.000,2026-08-25 02:59:15.000000,95.0,1.0,1017.0,"Fast, beautiful and extensible administrative interface framework for FastApi & Starlette applications.",24,True,['fastapi'],conda-forge/starlette-admin,starlette-admin,https://pypi.org/project/starlette-admin,2026-08-25 02:59:15.000,2026-08-25 02:59:15.000,1.0.1,88.0,37.0,211975.0,212513.0,https://anaconda.org/conda-forge/starlette-admin,2026-07-22 20:49:36.091,19908.0,2.0,,,,,,,,,,,,,,,,,
305,django-filebrowser,sehmaschine/django-filebrowser,django-utils,,https://github.com/sehmaschine/django-filebrowser,1026.0,1022.0,38.0,https://github.com/sehmaschine/django-filebrowser,BSD-3-Clause,2011-03-07 20:38:23.000,2026-07-27 14:06:23.000000,408.0,18.0,997.0,Media-Management with Grappelli.,24,True,['django'],,django-filebrowser,https://pypi.org/project/django-filebrowser,2026-07-27 14:06:23.000,2026-07-27 14:06:23.000,5.0.0,42.0,4.0,23094.0,23094.0,,,,3.0,,,,,,,,,,,,,,,,,
306,django-markdownx,neutronX/django-markdownx,markdown,,https://github.com/neutronX/django-markdownx,2941.0,2920.0,41.0,https://github.com/neutronX/django-markdownx,BSD-3-Clause,2014-11-01 14:15:37.000,2026-05-23 14:19:23.000000,158.0,47.0,939.0,Comprehensive Markdown plugin built for Django.,24,True,['django'],,django-markdownx,https://pypi.org/project/django-markdownx,2026-05-23 14:19:23.000,2026-05-23 14:19:23.000,4.0.11,65.0,21.0,135433.0,135433.0,,,,3.0,,,,,,,,,,,,,,,,,
307,django-markdown-editor,agusmakmun/django-markdown-editor,markdown,,https://github.com/agusmakmun/django-markdown-editor,1219.0,1197.0,46.0,https://github.com/agusmakmun/django-markdown-editor,GPL-3.0,2016-12-27 18:33:34.000,2026-06-22 15:00:39.000000,1291.0,37.0,895.0,"Awesome Django Markdown Editor, supported for Bootstrap & Semantic-UI.",24,True,['django'],,martor,https://pypi.org/project/martor,2026-06-22 15:00:39.000,2026-06-22 15:00:39.000,1.8.2,92.0,22.0,57688.0,57688.0,,,,3.0,,,,,,,,,,,,,,,,,
308,django-nose,jazzband/django-nose,testing,,https://github.com/jazzband/django-nose,10111.0,10034.0,63.0,https://github.com/jazzband/django-nose,BSD-3-Clause,2009-10-01 17:53:27.000,2023-08-25 15:56:54.000000,236.0,102.0,884.0,Django test runner using nose.,24,False,['django'],,django-nose,https://pypi.org/project/django-nose,2020-08-20 02:49:13.000,2020-08-20 02:49:13.000,1.4.7,18.0,77.0,277142.0,277142.0,,,,2.0,,,,,,,,,,,,,,,,,
309,flask-mongoengine,MongoEngine/flask-mongoengine,flask-utils,,https://github.com/MongoEngine/flask-mongoengine,10410.0,10356.0,90.0,https://github.com/MongoEngine/flask-mongoengine,BSD-3-Clause,2012-05-15 11:33:26.000,2024-01-18 13:35:22.000000,248.0,45.0,833.0,MongoEngine flask extension with WTF model forms support.,24,False,['flask'],,flask-mongoengine,https://pypi.org/project/flask-mongoengine,2020-11-21 06:02:04.000,2020-11-21 06:02:04.000,1.0.0,21.0,54.0,86183.0,86183.0,,,,2.0,,,,,,,,,,,,,,,,,
310,micawber,coleifer/micawber,web-scraping,,https://github.com/coleifer/micawber,3188.0,3162.0,29.0,https://github.com/coleifer/micawber,MIT,2012-03-27 21:42:46.000,2026-07-05 02:14:48.000000,89.0,,679.0,a small library for extracting rich content from urls.,24,True,,conda-forge/micawber,micawber,https://pypi.org/project/micawber,2026-07-05 02:14:48.000,2026-07-05 02:14:48.000,0.7.0,30.0,26.0,201451.0,201838.0,https://anaconda.org/conda-forge/micawber,2025-04-22 14:57:44.753,25941.0,2.0,,,,,,,,,,,,,,,,,
311,trame,Kitware/trame,web-ui,,https://github.com/Kitware/trame,1027.0,833.0,32.0,https://github.com/Kitware/trame,Apache-2.0,2021-09-24 21:38:47.000,2026-05-15 03:50:49.000000,80.0,28.0,671.0,Trame lets you weave various components and technologies into a Web Application solely written in Python.,24,True,,,trame,https://pypi.org/project/trame,2026-05-15 03:50:49.000,2026-05-15 03:50:49.000,3.13.2,162.0,194.0,1449505.0,1449505.0,,,,2.0,,,,,,,,,,,,,,,,,
312,django-test-plus,revsys/django-test-plus,testing,,https://github.com/revsys/django-test-plus,3502.0,3494.0,38.0,https://github.com/revsys/django-test-plus,BSD-3-Clause,2015-05-23 16:08:52.000,2026-08-02 03:56:06.180000,63.0,4.0,632.0,Useful additions to Djangos default TestCase.,24,True,['django'],conda-forge/django-test-plus,django-test-plus,https://pypi.org/project/django-test-plus,2026-08-02 00:38:40.000,2026-08-02 00:38:40.000,2.6.2,45.0,8.0,144616.0,148853.0,https://anaconda.org/conda-forge/django-test-plus,2026-08-02 03:56:06.180,118646.0,2.0,,,,,,,,,,,,,,,,,
313,treq,twisted/treq,http-clients,,https://github.com/twisted/treq,1930.0,1803.0,59.0,https://github.com/twisted/treq,MIT,2012-05-18 18:57:21.000,2026-07-02 14:22:35.135000,141.0,57.0,604.0,Python requests like API built on top of Twisteds HTTP client.,24,True,,conda-forge/treq,treq,https://pypi.org/project/treq,2026-07-02 00:07:52.000,2026-07-02 00:07:52.000,26.7.0,25.0,127.0,221931.0,226390.0,https://anaconda.org/conda-forge/treq,2026-07-02 14:22:35.135,316592.0,3.0,,,,,,,,,,,,,,,,,
314,flask-session,fengsp/flask-session,flask-utils,,https://flask-session.readthedocs.io,55306.0,55136.0,20.0,,BSD-3-Clause,,2024-03-26 07:56:11.000000,249.0,,536.0,Server-side session support for Flask.,24,False,['flask'],,flask-session,https://pypi.org/project/flask-session,2024-03-26 07:56:11.000,2024-03-26 07:56:11.000,0.8.0,18.0,170.0,12388595.0,12388595.0,,,,2.0,,,,,,,,,,,,,,,,,
315,Flask-Moment,miguelgrinberg/Flask-Moment,flask-utils,,https://github.com/miguelgrinberg/Flask-Moment,25418.0,25388.0,22.0,https://github.com/miguelgrinberg/Flask-Moment,MIT,2013-10-24 04:17:57.000,2025-04-22 14:56:27.804000,49.0,1.0,368.0,Formatting of dates and times in Flask templates using moment.js.,24,False,['flask'],conda-forge/flask-moment,flask-moment,https://pypi.org/project/flask-moment,2024-05-28 22:20:40.000,2024-05-28 22:20:40.000,1.0.6,24.0,30.0,131785.0,134533.0,https://anaconda.org/conda-forge/flask-moment,2025-04-22 14:56:27.804,173140.0,2.0,,,,,,,,,,,,,,,,,
316,openapi-core,p1c2u/openapi-core,openapi-utils,,https://github.com/python-openapi/openapi-core,2805.0,2674.0,73.0,,BSD-3-Clause,2021-04-27 11:30:21.328,2026-04-03 02:23:59.206000,137.0,,367.0,client-side and server-side support for the OpenAPI Specification v3.,24,True,,conda-forge/openapi-core,openapi-core,https://pypi.org/project/openapi-core,2026-04-02 23:47:57.000,2026-04-02 23:47:57.000,0.23.1,77.0,131.0,3737464.0,3738652.0,https://anaconda.org/conda-forge/openapi-core,2026-04-03 02:23:59.206,76036.0,3.0,,,,,,,,,,,,,,,,,
317,webtest,Pylons/webtest,testing,,https://github.com/Pylons/webtest,13490.0,13140.0,98.0,https://github.com/Pylons/webtest,MIT,2012-11-12 23:19:10.000,2025-10-12 21:19:28.345000,113.0,30.0,342.0,"Wraps any WSGI application and makes it easy to send test requests to that application, without starting up an HTTP..",24,True,,conda-forge/webtest,webtest,https://pypi.org/project/webtest,2025-10-06 20:38:57.000,2025-10-06 20:38:57.000,3.0.7,62.0,350.0,1532723.0,1533215.0,https://anaconda.org/conda-forge/webtest,2025-10-12 21:19:28.345,29551.0,2.0,,,,,,,,,,,,,,,,,
318,flask-paginate,lixxu/flask-paginate,flask-utils,,https://github.com/lixxu/flask-paginate,3905.0,3890.0,28.0,https://github.com/lixxu/flask-paginate,BSD-3-Clause,2012-10-07 12:21:45.000,2025-04-22 14:57:10.373000,79.0,10.0,281.0,Pagination support for flask.,24,False,['flask'],conda-forge/flask-paginate,flask-paginate,https://pypi.org/project/flask-paginate,2024-04-12 02:17:43.000,2024-04-12 02:17:43.000,2024.4.12,38.0,15.0,505351.0,505992.0,https://anaconda.org/conda-forge/flask-paginate,2025-04-22 14:57:10.373,44920.0,2.0,,,,,,,,,,,,,,,,,
319,asgi-lifespan,florimondmanca/asgi-lifespan,others,,https://github.com/florimondmanca/asgi-lifespan,17697.0,17629.0,7.0,https://github.com/florimondmanca/asgi-lifespan,MIT,2019-09-27 19:42:10.000,2025-04-22 14:57:49.740000,13.0,1.0,214.0,Programmatic startup/shutdown of ASGI apps.,24,False,,conda-forge/asgi-lifespan,asgi-lifespan,https://pypi.org/project/asgi-lifespan,2023-03-28 17:37:00.954,2023-03-28 17:37:00.954,2.1.0,15.0,68.0,12395079.0,12398920.0,https://anaconda.org/conda-forge/asgi-lifespan,2025-04-22 14:57:49.740,245845.0,3.0,,,,,,,,,,,,,,,,,
320,streaming-form-data,siddhantgoel/streaming-form-data,others,,https://github.com/siddhantgoel/streaming-form-data,236.0,212.0,22.0,https://github.com/siddhantgoel/streaming-form-data,MIT,2017-02-09 19:43:21.000,2026-06-10 19:35:36.000000,35.0,2.0,184.0,Streaming (and fast!) parser for multipart/form-data written in Cython.,24,True,,,streaming-form-data,https://pypi.org/project/streaming-form-data,2026-06-10 19:35:36.000,2026-06-10 19:35:36.000,2.1.0,49.0,24.0,452015.0,452015.0,,,,3.0,,,,,,,,,,,,,,,,,
321,ipaddress,phihag/ipaddress,others,,https://github.com/phihag/ipaddress,41776.0,41116.0,7.0,https://github.com/phihag/ipaddress,PSF-2.0,2013-02-03 20:45:43.000,2025-04-22 14:56:26.258000,53.0,14.0,104.0,Python 3.3+s ipaddress for older Python versions.,24,False,,conda-forge/ipaddress,ipaddress,https://pypi.org/project/ipaddress,2019-10-18 01:30:27.000,2019-10-18 01:30:27.000,1.0.23,22.0,660.0,5000320.0,5008758.0,https://anaconda.org/conda-forge/ipaddress,2025-04-22 14:56:26.258,1012601.0,3.0,,,,,,,,,,,,,,,,,
322,Pattern,clips/pattern,web-scraping,,https://github.com/clips/pattern,1966.0,1964.0,31.0,https://github.com/clips/pattern,BSD-3-Clause,2011-05-03 15:29:01.000,2025-04-22 14:57:14.078000,1570.0,178.0,8856.0,"Web mining module for Python, with tools for scraping, natural language processing, machine learning, network analysis..",23,False,,conda-forge/pattern,pattern,https://pypi.org/project/pattern,2024-12-23 17:40:25.000,,,1.0,2.0,18609.0,18858.0,https://anaconda.org/conda-forge/pattern,2025-04-22 14:57:14.078,20455.0,2.0,,,,,,,,,,,,,,,,,
323,robyn,sansyrox/robyn,web-frameworks,,https://github.com/sparckles/robyn,282.0,262.0,91.0,,BSD-3-Clause,2021-09-29 19:57:08.371,2026-06-25 03:08:33.000000,333.0,,7267.0,A Super Fast Async Python Web Framework with a Rust runtime.,23,True,,conda-forge/robyn,robyn,https://pypi.org/project/robyn,2026-06-25 03:08:33.000,2026-06-25 03:08:33.000,0.88.0,165.0,20.0,19004.0,39595.0,https://anaconda.org/conda-forge/robyn,2025-10-18 16:41:50.525,1214913.0,3.0,,,,,,,,,,,,,,,,,
324,webpy,webpy/webpy,web-frameworks,,https://github.com/webpy/webpy,77.0,24.0,98.0,https://github.com/webpy/webpy,Unlicense,2008-09-29 03:42:56.000,2026-06-08 13:35:48.000000,1295.0,52.0,5920.0,web.py is a web framework for python that is as simple as it is powerful.,23,True,,conda-forge/web.py,web.py,https://pypi.org/project/web.py,2020-11-09 11:24:34.000,,,22.0,53.0,78351.0,80367.0,https://anaconda.org/conda-forge/web.py,2025-04-22 14:56:39.114,147240.0,3.0,,,,,,,,,,,,,,,,,
325,notion-py,jamalex/notion-py,third-party-apis,,https://github.com/jamalex/notion-py,61.0,,36.0,https://github.com/jamalex/notion-py,MIT,2018-11-26 03:08:41.000,2026-02-16 23:02:32.000000,473.0,166.0,4386.0,Unofficial Python API client for Notion.so.,23,True,,,notion,https://pypi.org/project/notion,2026-02-16 23:02:32.000,2026-02-16 23:02:32.000,0.1.0,22.0,61.0,878261.0,878261.0,,,,3.0,,,,,,,,,,,,,,,,,
326,wave,h2oai/wave,web-ui,,https://github.com/h2oai/wave,115.0,,65.0,https://github.com/h2oai/wave,Apache-2.0,2020-05-16 20:07:18.000,2026-08-14 15:21:22.000000,368.0,222.0,4248.0,Realtime Web Apps and Dashboards for Python and R.,23,True,,,wave,https://pypi.org/project/wave,2024-03-15 17:05:53.000,2024-03-15 17:05:53.000,0.1.0,3.0,115.0,61054.0,61054.0,,,,2.0,,,,,,,,,,,,,,,,,
327,python-goose,grangier/python-goose,web-scraping,,https://github.com/grangier/python-goose,33.0,,36.0,https://github.com/grangier/python-goose,Apache-2.0,2012-01-08 20:52:44.000,2026-07-23 01:54:46.000000,831.0,107.0,3923.0,"Html Content / Article Extractor, web scrapping lib in Python.",23,True,,,goose3,https://pypi.org/project/goose3,2026-07-23 01:54:46.000,2026-07-23 01:54:46.000,3.1.22,33.0,33.0,82392.0,82392.0,,,,2.0,,,,,,,,,,,,,,,,,
328,responder,taoufik07/responder,web-frameworks,,https://responder.kennethreitz.org,610.0,595.0,87.0,,Apache-2.0,2018-11-14 09:55:42.605,2026-07-14 04:14:55.000000,218.0,,3620.0,A familiar HTTP Service Framework for Python.,23,True,,conda-forge/responder,responder,https://pypi.org/project/responder,2026-07-14 04:14:55.000,2026-07-14 04:14:55.000,9.2.0,114.0,15.0,8454.0,9895.0,https://anaconda.org/conda-forge/responder,2025-04-22 14:56:57.171,134072.0,3.0,,,,,,,,,,,,,,,,,
329,sync-engine,nylas/sync-engine,email,,https://github.com/nylas/sync-engine,10.0,,80.0,https://github.com/nylas/sync-engine,AGPL-3.0,2014-01-15 18:18:17.000,2026-07-21 21:11:26.000000,347.0,69.0,3505.0,IMAP/SMTP sync system with modern APIs.,23,True,,,nylas,https://pypi.org/project/nylas,2026-07-21 21:11:26.000,2026-07-21 21:11:26.000,6.17.0,96.0,10.0,451046.0,451046.0,,,,2.0,,,,,,,,,,,,,,,,,
330,python-twitter,bear/python-twitter,third-party-apis,,https://github.com/bear/python-twitter,99.0,,171.0,https://github.com/bear/python-twitter,Apache-2.0,2012-09-12 06:51:02.000,2024-08-07 23:14:50.000000,955.0,102.0,3410.0,A Python wrapper around the Twitter API.,23,False,,,python-twitter,https://pypi.org/project/python-twitter,2018-11-03 12:32:06.000,2018-06-07 17:34:52.000,3.4.2,24.0,99.0,93063.0,93063.0,,,,3.0,,,,,,,,,,,,,,,,,
331,pytrends,GeneralMills/pytrends,web-scraping,,https://github.com/GeneralMills/pytrends,67.0,,85.0,https://github.com/GeneralMills/pytrends,Apache-2.0,2014-10-08 17:47:24.000,2025-04-22 14:57:40.707000,807.0,145.0,3181.0,Pseudo API for Google Trends.,23,False,,conda-forge/pytrends,pytrends,https://pypi.org/project/pytrends,2023-04-13 23:18:01.543,2023-04-13 23:18:01.543,4.9.2,30.0,67.0,1376468.0,1376914.0,https://anaconda.org/conda-forge/pytrends,2025-04-22 14:57:40.707,30777.0,2.0,,,,,,,,,,,,,,,,,
332,bjoern,jonashaag/bjoern,servers,,https://github.com/jonashaag/bjoern,917.0,850.0,44.0,https://github.com/jonashaag/bjoern,BSD-2-Clause,2010-03-01 23:46:47.000,2025-08-29 07:26:11.018000,188.0,37.0,3044.0,A screamingly fast Python 2/3 WSGI server written in C.,23,True,,conda-forge/bjoern,bjoern,https://pypi.org/project/bjoern,2022-09-19 16:03:06.582,2022-09-19 16:03:06.582,3.2.2,30.0,67.0,50077.0,54199.0,https://anaconda.org/conda-forge/bjoern,2025-08-29 07:26:11.018,288544.0,3.0,,,,,,,,,,,,,,,,,
333,opentelemetry-python,open-telemetry/opentelemetry-python,monitoring,,https://github.com/open-telemetry/opentelemetry-python,9.0,,387.0,https://github.com/open-telemetry/opentelemetry-python,Apache-2.0,2019-05-07 21:13:30.000,2026-08-17 19:39:29.000000,974.0,398.0,2591.0,OpenTelemetry Python API and SDK.,23,True,,conda-forge/opentelemetry-api,timing-asgi,https://pypi.org/project/timing-asgi,2026-02-17 11:24:46.000,2026-02-17 11:24:46.000,0.3.2,58.0,9.0,530528.0,598356.0,https://anaconda.org/conda-forge/opentelemetry-api,2026-07-16 18:17:05.044,4815824.0,2.0,,,,,,,,,,,,,,,,,
334,masonite,MasoniteFramework/masonite,web-frameworks,,https://github.com/MasoniteFramework/masonite,600.0,547.0,89.0,https://github.com/MasoniteFramework/masonite,MIT,2017-12-06 00:30:22.000,2026-06-07 01:28:12.000000,138.0,30.0,2362.0,The Modern And Developer Centric Python Web Framework. Be sure to read the documentation and join the Discord channel..,23,True,,,masonite,https://pypi.org/project/masonite,2026-06-07 01:28:12.000,2026-06-07 01:28:12.000,4.20.4,316.0,53.0,19324.0,19324.0,,,,3.0,,,,,,,,,,,,,,,,,
335,django-rules,dfunckt/django-rules,auth,,https://github.com/dfunckt/django-rules,56.0,,34.0,https://github.com/dfunckt/django-rules,MIT,2014-03-06 20:46:57.000,2025-10-11 06:42:08.000000,152.0,41.0,1977.0,"Awesome Django authorization, without the database.",23,True,['django'],,rules,https://pypi.org/project/rules,2024-09-02 16:01:44.000,2022-03-02 09:42:48.000,3.2.1,22.0,56.0,543697.0,543697.0,,,,3.0,,,,,,,,,,,,,,,,,
336,fastapi-utils,dmontagu/fastapi-utils,fastapi-utils,,https://fastapiutils.github.io/fastapi-utils/,5290.0,5178.0,6.0,,MIT,,2024-11-11 08:30:01.000000,167.0,,1952.0,Reusable utilities for FastAPI.,23,False,['fastapi'],,fastapi-utils,https://pypi.org/project/fastapi-utils,2024-11-11 08:30:01.000,2024-11-11 08:30:01.000,0.8.0,7.0,112.0,1082279.0,1082279.0,,,,2.0,,,,,,,,,,,,,,,,,
337,django-q,Koed00/django-q,django-utils,,https://github.com/Koed00/django-q,2038.0,2012.0,62.0,https://github.com/Koed00/django-q,MIT,2015-06-14 12:37:08.000,2024-08-13 12:14:42.000000,280.0,332.0,1814.0,A multiprocessing distributed task queue for Django.,23,False,['django'],,django-q,https://pypi.org/project/django-q,2021-06-27 12:04:53.000,2021-06-27 12:04:53.000,1.3.9,78.0,26.0,49510.0,49510.0,,,,3.0,,,,,,,,,,,,,,,,,
338,OpenAPI-to-GraphQL,IBM/openapi-to-graphql,openapi-utils,,https://github.com/IBM/openapi-to-graphql,882.0,877.0,43.0,https://github.com/IBM/openapi-to-graphql,MIT,2018-09-05 18:52:16.000,2023-12-26 06:13:42.000000,212.0,140.0,1618.0,Translate APIs described by OpenAPI Specifications (OAS) into GraphQL.,23,False,"['openapi', 'graphql']",,,,,2023-12-26 06:12:53.413,3.0.7,41.0,,,19617.0,,,,3.0,,,openapi-to-graphql-cli,https://www.npmjs.com/package/openapi-to-graphql-cli,2023-12-26 06:12:53.413,5.0,19617.0,,,,,,,,,,
339,rauth,litl/rauth,auth,,https://github.com/litl/rauth,61.0,,42.0,https://github.com/litl/rauth,MIT,2012-03-02 14:18:54.000,2022-06-26 18:20:47.000000,174.0,39.0,1601.0,"A Python library for OAuth 1.0/a, 2.0, and Ofly.",23,False,,,rauth,https://pypi.org/project/rauth,2017-01-22 16:51:43.000,2017-01-22 16:51:43.000,0.7.3,36.0,61.0,989159.0,989159.0,,,,3.0,,,,,,,,,,,,,,,,,
340,spyne,arskom/spyne,rpc,,https://github.com/arskom/spyne,1014.0,993.0,131.0,https://github.com/arskom/spyne,LGPL-2.1,2010-07-23 06:26:28.000,2025-04-22 14:56:21.754000,324.0,84.0,1142.0,A transport agnostic sync/async RPC library that focuses on exposing services with a well-defined API using popular..,23,False,,conda-forge/spyne,spyne,https://pypi.org/project/spyne,2022-02-03 02:53:36.000,2022-02-03 02:53:36.000,2.14.0,47.0,21.0,153433.0,155953.0,https://anaconda.org/conda-forge/spyne,2025-04-22 14:56:21.754,312487.0,3.0,,,,,,,,,,,,,,,,,
341,django-configurations,jazzband/django-configurations,django-utils,,https://github.com/jazzband/django-configurations,3467.0,3398.0,74.0,https://github.com/jazzband/django-configurations,BSD-3-Clause,2012-07-21 13:56:20.000,2025-12-15 20:21:25.000000,143.0,64.0,1134.0,A helper for organizing Django project settings by relying on well established programming patterns.,23,True,['django'],conda-forge/django-configurations,django-configurations,https://pypi.org/project/django-configurations,2024-03-27 11:40:53.000,2024-03-27 11:40:53.000,2.5.1,25.0,69.0,355126.0,356638.0,https://anaconda.org/conda-forge/django-configurations,2025-04-22 14:56:40.604,105900.0,3.0,,,,,,,,,,,,,,,,,
342,django-dbbackup,jazzband/django-dbbackup,django-utils,,http://archmonger.github.io/django-dbbackup/,2646.0,2623.0,84.0,,BSD-3-Clause,,2026-04-10 01:49:41.000000,219.0,,1100.0,Management commands to help backup and restore a project database and media.,23,True,['django'],,django-dbbackup,https://pypi.org/project/django-dbbackup,2026-04-10 01:49:41.000,2026-04-10 01:49:41.000,5.3.0,55.0,23.0,259251.0,259251.0,,,,3.0,,,,,,,,,,,,,,,,,
343,hyper,python-hyper/hyper,http-clients,,https://github.com/python-hyper/hyper,1477.0,1411.0,43.0,https://github.com/python-hyper/hyper,MIT,2014-01-23 07:53:47.000,2025-04-22 14:56:45.221000,197.0,100.0,1050.0,HTTP/2 for Python.,23,False,,conda-forge/hyper,hyper,https://pypi.org/project/hyper,2016-09-27 13:03:52.800,2016-09-27 13:03:52.800,0.7.0,18.0,66.0,228863.0,229805.0,https://anaconda.org/conda-forge/hyper,2025-04-22 14:56:45.221,97106.0,3.0,,,,,,,,,,,,,,,,,
344,livereload,lepture/python-livereload,servers,,https://github.com/lepture/python-livereload,354.0,,62.0,https://github.com/lepture/python-livereload,BSD-3-Clause,2012-05-03 16:38:39.000,2026-02-01 06:25:57.000000,151.0,58.0,1049.0,livereload server in python.,23,True,,conda-forge/livereload,livereload,https://pypi.org/project/livereload,2024-12-18 13:41:56.000,2024-12-18 13:41:56.000,2.7.1,33.0,354.0,574892.0,587648.0,https://anaconda.org/conda-forge/livereload,2025-04-22 14:56:22.067,944013.0,3.0,,,,,,,,,,,,,,,,,
345,Model Bakery,model-bakers/model_bakery,testing,,https://github.com/model-bakers/model_bakery,116.0,,70.0,https://github.com/model-bakers/model_bakery,Apache-2.0,2019-10-08 12:49:08.000,2026-07-28 19:50:28.172000,106.0,15.0,992.0,Object factory for Django.,23,True,['django'],conda-forge/model_bakery,model_bakery,https://pypi.org/project/model_bakery,2026-06-23 21:55:21.000,2026-06-23 21:55:21.000,1.24.0,54.0,116.0,2085295.0,2085891.0,https://anaconda.org/conda-forge/model_bakery,2026-07-28 19:50:28.172,43508.0,3.0,,,,,,,,,,,,,,,,,
346,extruct,scrapinghub/extruct,web-scraping,,https://github.com/scrapinghub/extruct,1514.0,1476.0,40.0,https://github.com/scrapinghub/extruct,BSD-3-Clause,2015-10-26 11:51:21.000,2026-04-01 23:30:09.000000,120.0,55.0,966.0,Extract embedded metadata from HTML markup.,23,True,,,extruct,https://pypi.org/project/extruct,2024-11-08 14:59:22.000,2024-11-08 14:59:22.000,0.18.0,26.0,38.0,650029.0,650029.0,,,,2.0,,,,,,,,,,,,,,,,,
347,django-easy-audit,soynatan/django-easy-audit,django-utils,,https://github.com/soynatan/django-easy-audit,379.0,374.0,58.0,https://github.com/soynatan/django-easy-audit,GPL-3.0,2016-10-23 06:55:16.000,2026-08-11 02:50:42.000000,202.0,109.0,844.0,"Yet another Django audit log app, hopefully the simplest one.",23,True,['django'],,django-easy-audit,https://pypi.org/project/django-easy-audit,2026-08-11 02:50:42.000,2026-06-30 03:07:29.000,1.3.9,71.0,5.0,115499.0,115499.0,,,,3.0,,,,,,,,,,,,,,,,,
348,selene,yashaka/selene,testing,,https://github.com/yashaka/selene,5963.0,5960.0,45.0,https://github.com/yashaka/selene,MIT,2015-04-17 08:52:14.000,2026-05-20 19:55:46.000000,176.0,134.0,733.0,User-oriented Web UI browser tests in Python.,23,True,,,selene,https://pypi.org/project/selene,2026-05-20 19:55:46.000,2020-02-17 13:32:07.000,1.0.2,91.0,3.0,18753.0,18753.0,,,,3.0,,,,,,,,,,,,,,,,,
349,django-paypal,spookylukey/django-paypal,django-utils,,https://github.com/spookylukey/django-paypal,4251.0,4249.0,73.0,https://github.com/spookylukey/django-paypal,MIT,2012-06-09 14:04:06.000,2024-07-29 17:00:43.000000,206.0,14.0,721.0,A pluggable Django application for integrating PayPal Payments Standard or Payments Pro.,23,False,['django'],,django-paypal,https://pypi.org/project/django-paypal,2024-04-30 19:52:35.000,2021-12-15 15:40:40.554,0.1.4,29.0,2.0,31494.0,31494.0,,,,3.0,,,,,,,,,,,,,,,,,
350,flask-apispec,jmcarp/flask-apispec,flask-utils,,https://github.com/jmcarp/flask-apispec,1893.0,1865.0,32.0,https://github.com/jmcarp/flask-apispec,MIT,2015-07-13 02:46:44.000,2025-05-04 14:03:06.000000,152.0,116.0,653.0,Build and document REST APIs with Flask and apispec.,23,False,['flask'],conda-forge/flask-apispec,flask-apispec,https://pypi.org/project/flask-apispec,2022-08-11 23:33:04.168,2022-08-11 23:33:04.168,0.11.4,30.0,28.0,287506.0,292721.0,https://anaconda.org/conda-forge/flask-apispec,2025-04-22 14:56:31.952,391155.0,2.0,,,,,,,,,,,,,,,,,
351,trustme,python-trio/trustme,others,,https://github.com/python-trio/trustme,2016.0,1964.0,25.0,https://github.com/python-trio/trustme,MIT,2017-07-17 18:13:54.000,2025-11-03 06:20:04.000000,30.0,4.0,593.0,"#1 quality TLS certs while you wait, for the discerning tester.",23,True,,conda-forge/trustme,trustme,https://pypi.org/project/trustme,2025-01-02 01:55:30.000,2025-01-02 01:55:30.000,1.2.1,16.0,52.0,1029644.0,1030269.0,https://anaconda.org/conda-forge/trustme,2025-04-22 14:57:39.232,43188.0,3.0,,,,,,,,,,,,,,,,,
352,django-robots,jazzband/django-robots,django-utils,,https://github.com/jazzband/django-robots,1615.0,1602.0,45.0,https://github.com/jazzband/django-robots,BSD-3-Clause,2009-09-20 15:27:41.000,2026-08-17 17:50:51.000000,102.0,22.0,475.0,A Django app for managing robots.txt files following the robots exclusion protocol.,23,True,['django'],,django-robots,https://pypi.org/project/django-robots,2023-12-09 13:03:38.000,2018-07-17 15:29:32.000,3.1.0,29.0,13.0,150784.0,150784.0,,,,3.0,,,,,,,,,,,,,,,,,
353,httmock,patrys/httmock,testing,,https://github.com/patrys/httmock,3185.0,3128.0,29.0,https://github.com/patrys/httmock,Apache-2.0,2013-03-19 23:35:33.000,2023-09-29 20:58:48.000000,57.0,17.0,466.0,A mocking library for requests.,23,False,,,httmock,https://pypi.org/project/httmock,2020-10-28 12:01:29.000,2020-10-28 12:01:29.000,1.4.0,19.0,57.0,1596814.0,1596814.0,,,,3.0,,,,,,,,,,,,,,,,,
354,flask-swagger,getsling/flask-swagger,openapi-utils,,https://github.com/getsling/flask-swagger,15017.0,14968.0,24.0,https://github.com/getsling/flask-swagger,MIT,2015-03-01 01:08:16.000,2025-04-22 14:56:35.632000,88.0,21.0,457.0,A swagger 2.0 spec extractor for flask.,23,False,['flask'],conda-forge/flask-swagger,flask-swagger,https://pypi.org/project/flask-swagger,2019-03-26 11:27:48.000,2019-03-26 11:27:48.000,0.2.14,17.0,49.0,183465.0,190960.0,https://anaconda.org/conda-forge/flask-swagger,2025-04-22 14:56:35.632,142418.0,3.0,,,,,,,,,,,,,,,,,
355,flask-assets,miracle2k/flask-assets,flask-utils,,https://github.com/miracle2k/flask-assets,8313.0,8238.0,43.0,https://github.com/miracle2k/flask-assets,BSD-2-Clause,2010-08-06 11:51:29.000,2025-04-22 14:56:29.104000,100.0,22.0,452.0,Flask webassets integration.,23,False,['flask'],conda-forge/flask-assets,flask-assets,https://pypi.org/project/flask-assets,2023-10-22 14:01:03.000,2023-10-22 14:01:03.000,2.1.0,16.0,75.0,174425.0,178448.0,https://anaconda.org/conda-forge/flask-assets,2025-04-22 14:56:29.104,132760.0,2.0,,,,,,,,,,,,,,,,,
356,pyshorteners,ellisonleao/pyshorteners,third-party-apis,,https://github.com/ellisonleao/pyshorteners,18390.0,18338.0,24.0,https://github.com/ellisonleao/pyshorteners,GPL-3.0,2013-09-30 18:33:24.000,2022-06-06 19:18:46.000000,64.0,,381.0,Generating short urls with python has never been easier.,23,False,,,pyshorteners,https://pypi.org/project/pyshorteners,2020-03-19 17:54:24.000,2020-03-19 17:54:24.000,1.0.1,27.0,52.0,117073.0,117073.0,,,,3.0,,,,,,,,,,,,,,,,,
357,purl,codeinthehole/purl,url-utils,,https://github.com/codeinthehole/purl,4190.0,4155.0,18.0,https://github.com/codeinthehole/purl,MIT,2012-03-27 21:18:43.000,2023-08-04 07:41:28.000000,39.0,14.0,297.0,"A simple, immutable URL class with a clean API for interrogation and manipulation.",23,False,,,purl,https://pypi.org/project/purl,2021-05-15 21:05:39.000,2017-05-12 14:54:05.000,1.3.1,25.0,35.0,460392.0,460392.0,,,,3.0,,,,,,,,,,,,,,,,,
358,Flask-OpenID,pallets-eco/flask-openid,auth,,https://github.com/pallets-eco/flask-openid,7686.0,7655.0,16.0,https://github.com/pallets-eco/flask-openid,BSD-3-Clause,2010-05-06 11:08:54.000,2025-04-22 14:56:29.543000,75.0,5.0,234.0,Flask-OpenID adds openid support to flask applications.,23,False,['flask'],conda-forge/flask-openid,flask-openid,https://pypi.org/project/flask-openid,2024-05-26 15:49:11.000,2024-05-26 15:49:11.000,1.3.1,14.0,31.0,1193239.0,1195433.0,https://anaconda.org/conda-forge/flask-openid,2025-04-22 14:56:29.543,256742.0,3.0,,,,,,,,,,,,,,,,,
359,httpx-ws,frankie567/httpx-ws,websocket,,https://github.com/frankie567/httpx-ws,1670.0,1562.0,18.0,https://github.com/frankie567/httpx-ws,MIT,2022-11-22 08:06:40.000,2026-03-28 19:06:07.397000,29.0,2.0,147.0,WebSocket support for HTTPX.,23,True,,conda-forge/httpx-ws,httpx-ws,https://pypi.org/project/httpx-ws,2026-03-28 14:11:11.000,2026-03-28 14:11:11.000,0.9.0,28.0,108.0,11002785.0,11004230.0,https://anaconda.org/conda-forge/httpx-ws,2026-03-28 19:06:07.397,60713.0,3.0,,,,,,,,,,,,,,,,,
360,redoc,Redocly/redoc,openapi-utils,,https://github.com/Redocly/redoc,14258.0,14258.0,232.0,https://github.com/Redocly/redoc,MIT,2015-10-30 12:53:02.000,2026-07-23 08:10:53.000000,2388.0,446.0,25822.0,OpenAPI/Swagger-generated API Reference Documentation.,22,True,['openapi'],,,,,,,,,,,,,,3.0,,,,,,,,,,,,,,,,,
361,pyspider,binux/pyspider,web-scraping,,https://github.com/binux/pyspider,359.0,355.0,62.0,https://github.com/binux/pyspider,Apache-2.0,2014-02-21 19:18:47.000,2024-04-30 19:43:29.000000,3672.0,301.0,17031.0,A Powerful Spider(Web Crawler) System in Python.,22,False,,,pyspider,https://pypi.org/project/pyspider,2018-04-18 04:17:18.000,2018-04-18 04:17:18.000,0.3.10,17.0,4.0,331.0,331.0,,,,3.0,,,,,,,,,,,,,,,,,
362,coursera-dl,coursera-dl/coursera-dl,third-party-apis,,https://github.com/coursera-dl/coursera-dl,260.0,256.0,85.0,https://github.com/coursera-dl/coursera-dl,LGPL-3.0,2012-03-21 21:07:15.000,2025-04-22 14:56:29.257000,2255.0,216.0,9630.0,Script for downloading Coursera.org videos and naming them.,22,False,,conda-forge/coursera-dl,coursera-dl,https://pypi.org/project/coursera-dl,2018-06-03 08:31:25.000,2019-12-16 21:11:03.021,0.11.5,12.0,4.0,1033.0,5490.0,https://anaconda.org/conda-forge/coursera-dl,2025-04-22 14:56:29.257,84693.0,3.0,,,,,,,,,,,,,,,,,
363,selenium-python-helium,mherrmann/selenium-python-helium,testing,,https://github.com/mherrmann/helium,796.0,759.0,13.0,,MIT,,2026-07-07 15:52:52.000000,513.0,,8314.0,Lighter browser automation based on Selenium.,22,True,,,helium,https://pypi.org/project/helium,2026-07-07 15:52:52.000,2026-07-07 15:52:52.000,7.0.3,52.0,37.0,20274.0,20274.0,,,,3.0,,,,,,,,,,,,,,,,,
364,apistar,encode/apistar,openapi-utils,,https://github.com/encode/apistar,844.0,789.0,91.0,https://github.com/encode/apistar,BSD-3-Clause,2017-03-17 15:42:12.000,2026-01-07 09:32:09.056000,411.0,32.0,5571.0,The Web API toolkit.,22,True,['openapi'],conda-forge/apistar,apistar,https://pypi.org/project/apistar,2023-11-30 00:45:19.885,2023-11-30 00:45:19.885,0.1.0,95.0,55.0,8415.0,34680.0,https://anaconda.org/conda-forge/apistar,2026-01-07 09:32:09.056,183855.0,3.0,,,,,,,,,,,,,,,,,
365,MechanicalSoup,MechanicalSoup/MechanicalSoup,web-scraping,,https://github.com/MechanicalSoup/MechanicalSoup,116.0,,59.0,https://github.com/MechanicalSoup/MechanicalSoup,MIT,2014-05-26 09:06:11.000,2025-10-08 07:33:58.000000,385.0,42.0,4802.0,A Python library for automating interaction with websites.,22,True,,conda-forge/mechanicalsoup,MechanicalSoup,https://pypi.org/project/MechanicalSoup,2025-05-30 04:09:55.000,2025-05-30 04:09:55.000,1.4.0,29.0,116.0,151108.0,156254.0,https://anaconda.org/conda-forge/mechanicalsoup,2025-05-30 12:52:17.348,344828.0,3.0,,,,,,,,,,,,,,,,,
366,robobrowser,jmcarp/robobrowser,web-scraping,,https://github.com/jmcarp/robobrowser,1035.0,986.0,10.0,https://github.com/jmcarp/robobrowser,BSD-3-Clause,2014-02-08 21:29:49.000,2020-09-10 18:41:47.000000,339.0,59.0,3701.0,Your friendly neighborhood web scraper.,22,False,,,robobrowser,https://pypi.org/project/robobrowser,2015-06-07 19:47:05.000,2015-06-07 19:47:05.000,0.5.3,13.0,49.0,16263.0,16263.0,,,,3.0,,,,,,,,,,,,,,,,,
367,django-jet,geex-arts/django-jet,admin-ui,,https://github.com/geex-arts/django-jet,3404.0,3396.0,29.0,https://github.com/geex-arts/django-jet,AGPL-3.0,2015-07-29 21:35:35.000,2025-11-26 22:21:07.000000,769.0,304.0,3623.0,Modern responsive template for the Django admin interface with improved functionality. We are proud to announce..,22,True,['django'],,django-jet,https://pypi.org/project/django-jet,2018-10-18 06:34:50.000,2018-10-18 06:34:50.000,1.0.8,25.0,8.0,18887.0,18887.0,,,,3.0,4.0,,,,,,,,,,,,,,,,
368,modoboa,modoboa/modoboa,email,,https://github.com/modoboa/modoboa,77.0,62.0,133.0,https://github.com/modoboa/modoboa,ISC,2013-04-16 09:43:55.000,2026-08-05 15:40:23.000000,477.0,47.0,3532.0,Mail hosting made simple.,22,True,,,modoboa,https://pypi.org/project/modoboa,2026-08-05 15:40:23.000,2026-08-05 15:40:23.000,2.9.3,116.0,15.0,3518.0,3518.0,,,,2.0,,,,,,,,,,,,,,,,,
369,proxy.py,abhinavsingh/proxy.py,others,,https://github.com/abhinavsingh/proxy.py,37.0,,23.0,https://github.com/abhinavsingh/proxy.py,BSD-3-Clause,2013-08-19 21:33:51.000,2025-02-18 16:36:50.000000,590.0,81.0,3164.0,Ngrok FRP Alternative Fast Lightweight 0 Dependency Pluggable TLS interception DNS-over-HTTPS Poor Mans VPN Reverse &..,22,False,,,proxy.py,https://pypi.org/project/proxy.py,2025-02-18 16:36:35.000,2025-02-18 16:36:35.000,2.4.10,45.0,37.0,927863.0,927863.0,,,,3.0,,,,,,,,,,,,,,,,,
370,django-compressor,django-compressor/django-compressor,django-utils,,https://github.com/django-compressor/django-compressor,183.0,,226.0,https://github.com/django-compressor/django-compressor,,2010-02-05 15:48:14.000,2026-02-14 07:39:02.000000,609.0,122.0,2871.0,Compresses linked and inline javascript or CSS into a single cached file.,22,False,['django'],,django-compressor,https://pypi.org/project/django-compressor,2025-11-10 13:12:10.000,2025-11-10 13:12:10.000,4.6.0,41.0,183.0,2579910.0,2579910.0,,,,3.0,,,,,,,,,,,,,,,,,
371,telepot,nickoala/telepot,third-party-apis,,https://github.com/nickoala/telepot,4292.0,4269.0,10.0,https://github.com/nickoala/telepot,MIT,2015-07-09 03:06:53.000,2021-03-09 06:27:24.000000,476.0,107.0,2425.0,Python framework for Telegram Bot API.,22,False,,,telepot,https://pypi.org/project/telepot,2018-05-26 16:26:54.000,,,78.0,23.0,18102.0,18102.0,,,,3.0,,,,,,,,,,,,,,,,,
372,django-push-notifications,jazzband/django-push-notifications,django-utils,,https://github.com/jazzband/django-push-notifications,12.0,,116.0,https://github.com/jazzband/django-push-notifications,MIT,2013-03-15 00:57:33.000,2026-07-20 16:04:01.000000,634.0,126.0,2388.0,Send push notifications to mobile devices through GCM or APNS in Django.,22,True,['django'],,django-push-notifications,https://pypi.org/project/django-push-notifications,2025-11-16 06:45:50.000,2025-11-16 06:45:50.000,3.3.0,22.0,12.0,269457.0,269457.0,,,,3.0,,,,,,,,,,,,,,,,,
373,django-suit,darklow/django-suit,admin-ui,,https://github.com/darklow/django-suit,3370.0,3359.0,60.0,https://github.com/darklow/django-suit,AFL-3.0,2013-02-17 11:59:33.000,2024-02-12 15:05:34.000000,705.0,299.0,2313.0,Modern theme for Django admin interface.,22,False,['django'],,django-suit,https://pypi.org/project/django-suit,2022-11-29 19:58:01.176,2019-10-02 08:36:30.000,0.2.28,47.0,11.0,22068.0,22068.0,,,,3.0,,,,,,,,,,,,,,,,,
374,fastapi-crudrouter,awtkns/fastapi-crudrouter,fastapi-utils,,https://github.com/awtkns/fastapi-crudrouter,276.0,265.0,21.0,https://github.com/awtkns/fastapi-crudrouter,MIT,2020-12-19 20:58:44.000,2023-11-01 12:10:38.000000,178.0,65.0,1694.0,A dynamic FastAPI router that automatically creates CRUD routes for your models.,22,False,['fastapi'],,fastapi-crudrouter,https://pypi.org/project/fastapi-crudrouter,2023-01-28 08:46:00.463,2023-01-28 08:46:00.463,0.8.6,27.0,11.0,9551.0,9551.0,,,,2.0,,,,,,,,,,,,,,,,,
375,flanker,mailgun/flanker,email,,https://github.com/mailgun/flanker,577.0,570.0,58.0,https://github.com/mailgun/flanker,Apache-2.0,2013-11-14 01:07:11.000,2024-05-03 19:55:11.000000,206.0,75.0,1642.0,Python email address and Mime parsing library.,22,False,,,flanker,https://pypi.org/project/flanker,2019-12-05 16:08:20.000,2019-12-05 16:08:20.000,0.9.11,62.0,7.0,24326.0,24326.0,,,,2.0,,,,,,,,,,,,,,,,,
376,django-admin-bootstrapped,django-admin-bootstrapped/django-admin-bootstrapped,admin-ui,,https://github.com/django-admin-bootstrapped/django-admin-bootstrapped,1622.0,1618.0,65.0,https://github.com/django-admin-bootstrapped/django-admin-bootstrapped,Apache-2.0,2012-10-23 06:35:27.000,2021-08-15 05:01:34.000000,386.0,35.0,1580.0,"A Django admin theme using Twitter Bootstrap. It doesnt need any kind of modification on your side, just add it to the..",22,False,['django'],,django-admin-bootstrapped,https://pypi.org/project/django-admin-bootstrapped,2015-12-15 08:51:59.000,2015-12-15 08:51:59.000,2.5.7,45.0,4.0,1541.0,1541.0,,,,3.0,,,,,,,,,,,,,,,,,
377,django-watson,etianen/django-watson,django-utils,,https://github.com/etianen/django-watson,851.0,841.0,45.0,https://github.com/etianen/django-watson,BSD-3-Clause,2011-08-20 17:50:53.000,2024-08-14 11:09:08.000000,128.0,23.0,1219.0,"Full-text multi-table search application for Django. Easy to install and use, with good performance.",22,False,['django'],,django-watson,https://pypi.org/project/django-watson,2023-01-14 14:30:02.448,2023-01-14 14:30:02.448,1.6.3,35.0,10.0,134085.0,134085.0,,,,3.0,,,,,,,,,,,,,,,,,
378,gevent-socketio,abourget/gevent-socketio,websocket,,https://github.com/abourget/gevent-socketio,1414.0,1408.0,60.0,https://github.com/abourget/gevent-socketio,BSD-3-Clause,2012-01-11 15:18:14.000,2022-09-17 20:57:58.000000,331.0,108.0,1214.0,Official repository for gevent-socketio.,22,False,,,gevent-socketio,https://pypi.org/project/gevent-socketio,2014-02-03 05:14:23.000,2014-02-03 05:14:23.000,0.3.6,9.0,6.0,2448.0,2448.0,,,,3.0,,,,,,,,,,,,,,,,,
379,Flask-User,lingthio/Flask-User,auth,,https://github.com/lingthio/Flask-User,2899.0,2889.0,39.0,https://github.com/lingthio/Flask-User,MIT,2014-02-19 23:57:57.000,2025-04-22 14:56:27.652000,293.0,125.0,1075.0,"Customizable User Authorization & User Management: Register, Confirm, Login, Change username/password, Forgot password..",22,False,['flask'],conda-forge/flask-user,flask-user,https://pypi.org/project/flask-user,2019-11-30 11:59:14.000,2018-04-16 17:42:06.000,0.6.21,54.0,10.0,6033.0,9908.0,https://anaconda.org/conda-forge/flask-user,2025-04-22 14:56:27.652,244143.0,3.0,,,,,,,,,,,,,,,,,
380,sockjs-tornado,mrjoes/sockjs-tornado,websocket,,https://github.com/mrjoes/sockjs-tornado,2318.0,2303.0,36.0,https://github.com/mrjoes/sockjs-tornado,MIT,2011-12-06 20:41:39.000,2025-04-22 14:57:56.501000,162.0,37.0,849.0,WebSocket emulation - Python server.,22,False,,conda-forge/sockjs-tornado,sockjs-tornado,https://pypi.org/project/sockjs-tornado,2020-04-24 15:02:06.000,2020-04-24 15:02:06.000,1.0.7,11.0,15.0,47784.0,47841.0,https://anaconda.org/conda-forge/sockjs-tornado,2025-04-22 14:57:56.501,3528.0,3.0,,,,,,,,,,,,,,,,,
381,opentracing-python,opentracing/opentracing-python,monitoring,,https://github.com/opentracing/opentracing-python,167.0,,34.0,https://github.com/opentracing/opentracing-python,Apache-2.0,2016-01-06 22:57:00.000,2025-10-13 13:52:59.062000,161.0,28.0,755.0,OpenTracing API for Python. This library is DEPRECATED! https://github.com/opentracing/specification/issues/163.,22,True,,conda-forge/opentracing,opentracing,https://pypi.org/project/opentracing,2020-11-19 17:10:42.000,2020-11-19 17:10:42.000,2.4.0,27.0,167.0,847466.0,855211.0,https://anaconda.org/conda-forge/opentracing,2025-10-13 13:52:59.062,542207.0,2.0,,,,,,,,,,,,,,,,,
382,prometheus-flask-exporter,rycus86/prometheus_flask_exporter,monitoring,,https://github.com/rycus86/prometheus_flask_exporter,81.0,,29.0,https://github.com/rycus86/prometheus_flask_exporter,MIT,2017-11-23 20:04:19.000,2025-04-22 14:57:19.448000,164.0,42.0,674.0,Prometheus exporter for Flask applications.,22,False,['flask'],conda-forge/prometheus_flask_exporter,prometheus-flask-exporter,https://pypi.org/project/prometheus-flask-exporter,2025-03-11 23:05:29.000,2025-03-11 23:05:29.000,0.23.2,73.0,81.0,2772167.0,2815163.0,https://anaconda.org/conda-forge/prometheus_flask_exporter,2025-04-22 14:57:19.448,3138776.0,2.0,,,,,,,,,,,,,,,,,
383,starlette context,tomwojcik/starlette-context,monitoring,,https://github.com/tomwojcik/starlette-context,1715.0,1622.0,11.0,https://github.com/tomwojcik/starlette-context,MIT,2019-11-01 16:32:04.000,2026-02-28 11:32:01.000000,29.0,2.0,610.0,Middleware for Starlette that allows you to store and access the context data of a request. Can be used with logging..,22,True,['fastapi'],,starlette-context,https://pypi.org/project/starlette-context,2026-02-28 11:32:01.000,2026-02-28 11:32:01.000,0.5.1,20.0,93.0,2117521.0,2117521.0,,,,2.0,,,,,,,,,,,,,,,,,
384,pytest-flask,pytest-dev/pytest-flask,testing,,https://github.com/pytest-dev/pytest-flask,201.0,,39.0,https://github.com/pytest-dev/pytest-flask,MIT,2014-09-03 12:51:29.000,2025-08-18 20:45:09.000000,89.0,16.0,497.0,A set of pytest fixtures to test Flask applications.,22,True,['flask'],conda-forge/pytest-flask,pytest-flask,https://pypi.org/project/pytest-flask,2023-10-23 14:53:18.000,2023-10-23 14:53:18.000,1.3.0,30.0,201.0,1399777.0,1402450.0,https://anaconda.org/conda-forge/pytest-flask,2025-04-22 14:56:38.362,184475.0,3.0,,,,,,,,,,,,,,,,,
385,deform,Pylons/deform,forms,,https://github.com/Pylons/deform,884.0,854.0,104.0,https://github.com/Pylons/deform,BSD-3-Clause,2011-02-16 06:29:46.000,2026-02-26 11:31:20.000000,162.0,52.0,418.0,A Python HTML form library.,22,True,,,deform,https://pypi.org/project/deform,2026-02-26 11:31:20.000,2026-02-26 11:31:20.000,3.0.1,43.0,30.0,37086.0,37086.0,,,,3.0,,,,,,,,,,,,,,,,,
386,starlette_exporter,stephenhillier/starlette_exporter,fastapi-utils,,https://github.com/stephenhillier/starlette_exporter,41.0,,27.0,https://github.com/stephenhillier/starlette_exporter,Apache-2.0,2019-10-26 22:04:25.000,2026-07-29 04:04:06.000000,38.0,10.0,415.0,Prometheus exporter for Starlette and FastAPI.,22,True,['fastapi'],,starlette_exporter,https://pypi.org/project/starlette_exporter,2026-07-29 04:04:06.000,2026-07-29 04:04:06.000,0.24.0,29.0,41.0,1820554.0,1820554.0,,,,2.0,,,,,,,,,,,,,,,,,
387,flask-seasurf,maxcountryman/flask-seasurf,flask-utils,,https://github.com/maxcountryman/flask-seasurf,2851.0,2830.0,34.0,https://github.com/maxcountryman/flask-seasurf,BSD-3-Clause,2011-12-06 18:51:00.000,2025-04-22 14:56:27.624000,50.0,13.0,190.0,SeaSurf is a Flask extension for preventing cross-site request forgery (CSRF).,22,False,['flask'],conda-forge/flask-seasurf,flask-seasurf,https://pypi.org/project/flask-seasurf,2024-07-29 14:05:16.000,2024-07-29 14:05:16.000,2.0.0,30.0,21.0,66208.0,68898.0,https://anaconda.org/conda-forge/flask-seasurf,2025-04-22 14:56:27.624,185645.0,3.0,,,,,,,,,,,,,,,,,
388,http-prompt,httpie/http-prompt,http-clients,,https://github.com/httpie/http-prompt,63.0,60.0,29.0,https://github.com/httpie/http-prompt,MIT,2016-04-06 07:24:35.000,2024-05-21 06:03:21.000000,345.0,56.0,9108.0,"An interactive command-line HTTP and API testing client built on top of HTTPie featuring autocomplete, syntax..",21,False,,,http-prompt,https://pypi.org/project/http-prompt,2021-03-05 14:02:14.000,2021-03-05 14:02:14.000,2.0.0,24.0,3.0,1113.0,1113.0,,,,3.0,,,,,,,,,,,,,,,,,
389,PyWebIO,pywebio/PyWebIO,web-ui,,https://github.com/pywebio/PyWebIO,2021.0,1974.0,19.0,https://github.com/pywebio/PyWebIO,MIT,2020-02-29 10:28:10.000,2025-04-08 13:35:34.000000,392.0,31.0,4825.0,Write interactive web app in script way.,21,False,,,pywebio,https://pypi.org/project/pywebio,2025-04-04 15:25:46.000,2025-04-04 15:25:46.000,1.8.4,35.0,47.0,7118.0,7118.0,,,,3.0,,,,,,,,,,,,,,,,,
390,websockify,novnc/websockify,websocket,,https://github.com/novnc/websockify,67.0,45.0,104.0,https://github.com/novnc/websockify,LGPL-3.0,2011-01-12 22:51:17.000,2026-02-11 16:10:56.000000,834.0,40.0,4357.0,Websockify is a WebSocket to TCP proxy/bridge. This allows a browser to connect to any application/server/service.,21,True,,conda-forge/websockify,websockify,https://pypi.org/project/websockify,2025-05-26 14:40:12.000,2025-05-26 14:40:12.000,0.13.0,13.0,22.0,276241.0,280194.0,https://anaconda.org/conda-forge/websockify,2025-09-04 22:04:57.628,288632.0,3.0,,,,,,,,,,,,,,,,,
391,fastapi-admin,fastapi-admin/fastapi-admin,admin-ui,,https://github.com/fastapi-admin/fastapi-admin,518.0,512.0,19.0,https://github.com/fastapi-admin/fastapi-admin,Apache-2.0,2020-04-06 05:09:44.000,2025-04-05 06:11:16.000000,461.0,75.0,3757.0,"A fast admin dashboard based on FastAPI and TortoiseORM with tabler ui, inspired by Django admin.",21,False,['fastapi'],,fastapi-admin,https://pypi.org/project/fastapi-admin,2022-06-08 00:52:23.000,2022-06-08 00:52:23.000,1.0.4,27.0,6.0,30777.0,30777.0,,,,3.0,,,,,,,,,,,,,,,,,
392,fastapi-admin/fastapi-admin,fastapi-admin/fastapi-admin,fastapi-utils,,https://github.com/fastapi-admin/fastapi-admin,518.0,512.0,19.0,https://github.com/fastapi-admin/fastapi-admin,Apache-2.0,2020-04-06 05:09:44.000,2025-04-05 06:11:16.000000,461.0,75.0,3757.0,"A fast admin dashboard based on FastAPI and TortoiseORM with tabler ui, inspired by Django admin.",21,False,['fastapi'],,fastapi-admin,https://pypi.org/project/fastapi-admin,2022-06-08 00:52:23.000,2022-06-08 00:52:23.000,1.0.4,27.0,6.0,30777.0,30777.0,,,,2.0,,,,,,,,,,,,,,,,,
393,sslyze,nabla-c0d3/sslyze,others,,https://github.com/nabla-c0d3/sslyze,16.0,,81.0,https://github.com/nabla-c0d3/sslyze,AGPL-3.0,2014-08-18 04:33:30.000,2026-03-29 09:58:58.000000,493.0,19.0,3743.0,Fast and powerful SSL/TLS scanning library.,21,True,,,sslyze,https://pypi.org/project/sslyze,2026-03-29 09:58:58.000,2026-03-29 09:58:58.000,6.3.1,72.0,16.0,155989.0,155989.0,,,,3.0,,,,,,,,,,,,,,,,,
394,Cactus,eudicots/Cactus,others,,https://github.com/eudicots/Cactus,1275.0,1275.0,52.0,https://github.com/eudicots/Cactus,BSD-3-Clause,2011-02-28 11:56:43.000,2023-08-28 12:33:33.000000,313.0,100.0,3472.0,Static site generator for designers. Uses Python and Django templates.,21,False,['django'],,cactus,https://pypi.org/project/cactus,2021-12-15 15:49:39.278,2021-12-15 15:49:39.278,3.0.0,20.0,,402.0,402.0,,,,3.0,,,,,,,,,,,,,,,,,
395,django-sql-explorer,groveco/django-sql-explorer,django-utils,,https://www.sqlexplorer.io,542.0,534.0,109.0,,MIT,,2024-09-24 20:47:32.000000,371.0,,2785.0,"SQL Reporting that Just Works. Fast, simple, and confusion-free.Write and share queries in a delightful SQL editor,..",21,False,['django'],,django-sql-explorer,https://pypi.org/project/django-sql-explorer,2024-09-24 20:47:32.000,2024-08-02 17:24:42.000,5.1.1,68.0,8.0,262436.0,262436.0,,,,3.0,,,,,,,,,,,,,,,,,
396,twitterscraper,taspinar/twitterscraper,third-party-apis,,https://github.com/taspinar/twitterscraper,532.0,530.0,34.0,https://github.com/taspinar/twitterscraper,MIT,2016-06-16 06:51:10.000,2022-10-05 15:48:52.000000,591.0,144.0,2351.0,Scrape Twitter for Tweets.,21,False,,,twitterscraper,https://pypi.org/project/twitterscraper,2020-07-28 11:38:17.000,2020-07-28 11:38:17.000,1.6.1,47.0,2.0,1167.0,1167.0,,,,3.0,,,,,,,,,,,,,,,,,
397,django-blog-zinnia,Fantomas42/django-blog-zinnia,django-utils,,https://github.com/Fantomas42/django-blog-zinnia,876.0,875.0,71.0,https://github.com/Fantomas42/django-blog-zinnia,BSD-3-Clause,2009-07-13 14:58:26.000,2024-05-03 19:19:17.000000,730.0,40.0,2129.0,Simple yet powerful and really extendable application for managing a blog within your Django Web site.,21,False,['django'],,django-blog-zinnia,https://pypi.org/project/django-blog-zinnia,2018-03-10 21:22:04.000,2016-09-27 13:25:46.000,0.18.1,29.0,1.0,1018.0,1018.0,,,,3.0,,,,,,,,,,,,,,,,,
398,python-react,markfinger/python-react,web-ui,,https://github.com/markfinger/python-react,1947.0,1947.0,23.0,https://github.com/markfinger/python-react,MIT,2014-12-02 00:12:53.000,2023-06-29 15:16:48.000000,115.0,10.0,1614.0,Server-side rendering of React components.,21,False,,,react,https://pypi.org/project/react,2018-10-08 09:55:41.000,2018-10-08 09:55:41.000,4.3.0,15.0,,7184.0,7184.0,,,,3.0,,,,,,,,,,,,,,,,,
399,flask-bootstrap,esbullington/flask-bootstrap,flask-utils,,https://github.com/esbullington/flask-bootstrap,150.0,,6.0,https://github.com/esbullington/flask-bootstrap,BSD-3-Clause,2012-03-06 17:53:29.000,2025-04-22 14:56:52.700000,724.0,1.0,1577.0,"A Flask app template with integrated SQLAlchemy, authentication, and Bootstrap frontend.",21,False,['flask'],conda-forge/flask-bootstrap,flask-bootstrap,https://pypi.org/project/flask-bootstrap,2017-01-11 23:28:23.000,,,36.0,150.0,711346.0,711586.0,https://anaconda.org/conda-forge/flask-bootstrap,2025-04-22 14:56:52.700,23327.0,3.0,,,,,,,,,,,,,,,,,
400,Django Facebook,tschellenbach/Django-facebook,third-party-apis,,https://github.com/tschellenbach/Django-facebook,408.0,408.0,89.0,https://github.com/tschellenbach/Django-facebook,BSD-3-Clause,2010-05-05 10:00:50.000,2021-11-28 03:00:31.000000,561.0,134.0,1429.0,Facebook open graph api implementation using the Django web framework in python.,21,False,,,django-facebook,https://pypi.org/project/django-facebook,2015-05-26 19:01:35.000,2015-05-26 19:01:35.000,6.0.3,152.0,,1963.0,1963.0,,,,3.0,,,,,,,,,,,,,,,,,
401,Meinheld,mopemope/meinheld,servers,,https://github.com/mopemope/meinheld,1258.0,1248.0,20.0,https://github.com/mopemope/meinheld,BSD-3-Clause,2010-07-30 01:38:27.000,2025-04-22 14:57:24.884000,90.0,23.0,1347.0,Meinheld is a high performance asynchronous WSGI Web Server (based on picoev).,21,False,,conda-forge/meinheld,meinheld,https://pypi.org/project/meinheld,2020-05-17 13:09:14.000,2020-05-17 13:09:14.000,1.0.2,40.0,10.0,8722.0,9253.0,https://anaconda.org/conda-forge/meinheld,2025-04-22 14:57:24.884,40369.0,3.0,,,,,,,,,,,,,,,,,
402,imdbpy,alberanid/imdbpy,third-party-apis,,https://cinemagoer.github.io/,7839.0,7804.0,87.0,,GPL-2.0,,2022-07-09 12:09:01.903000,375.0,,1323.0,IMDbPY is now cinemagoer.,21,False,,,imdbpy,https://pypi.org/project/imdbpy,2022-07-09 12:09:01.903,2022-07-09 12:09:01.903,2022.7.9,45.0,35.0,9590.0,9590.0,,,,3.0,,,,,,,,,,,,,,,,,
403,django-devserver,dcramer/django-devserver,servers,,https://github.com/dcramer/django-devserver,427.0,427.0,39.0,https://github.com/dcramer/django-devserver,BSD-3-Clause,2010-02-09 20:35:52.000,2020-02-26 17:37:11.000000,158.0,59.0,1269.0,A drop-in replacement for Djangos runserver.,21,False,['django'],,django-devserver,https://pypi.org/project/django-devserver,2014-05-02 19:10:18.000,2014-05-02 19:10:18.000,0.8.0,24.0,,6928.0,6928.0,,,,3.0,,,,,,,,,,,,,,,,,
404,django-angular,jrief/django-angular,django-utils,,https://github.com/jrief/django-angular,687.0,677.0,67.0,https://github.com/jrief/django-angular,MIT,2013-03-11 09:12:53.000,2023-11-13 22:42:39.000000,294.0,22.0,1232.0,Let AngularJS play well with Django.,21,False,['django'],,django-angular,https://pypi.org/project/django-angular,2023-11-13 22:42:39.000,2023-11-13 22:42:39.000,2.3.1,56.0,10.0,7576.0,7576.0,,,,3.0,,,,,,,,,,,,,,,,,
405,django-split-settings,sobolevn/django-split-settings,django-utils,,https://django-split-settings.readthedocs.io,3513.0,3501.0,29.0,,BSD-3-Clause,,2024-07-05 14:29:59.000000,68.0,,1131.0,Organize Django settings into multiple files and directories. Easily override and modify settings. Use wildcards and..,21,False,['django'],,django-split-settings,https://pypi.org/project/django-split-settings,2024-07-05 14:29:59.000,2024-07-05 14:29:59.000,1.3.2,18.0,12.0,374486.0,374486.0,,,,3.0,,,,,,,,,,,,,,,,,
406,django-jenkins,kmmbvnr/django-jenkins,django-utils,,https://github.com/kmmbvnr/django-jenkins,1448.0,1439.0,72.0,https://github.com/kmmbvnr/django-jenkins,LGPL-3.0,2010-07-02 08:55:14.000,2022-03-29 15:06:39.000000,279.0,19.0,946.0,Plug and play continuous integration with django and jenkins.,21,False,['django'],,django-jenkins,https://pypi.org/project/django-jenkins,2016-09-15 09:54:04.000,2016-09-15 09:54:04.000,0.110.0,19.0,9.0,21900.0,21900.0,,,,3.0,,,,,,,,,,,,,,,,,
407,django-cache-machine,django-cache-machine/django-cache-machine,django-utils,,https://github.com/django-cache-machine/django-cache-machine,323.0,322.0,29.0,https://github.com/django-cache-machine/django-cache-machine,BSD-3-Clause,2010-02-09 23:01:12.000,2023-02-20 18:13:51.000000,159.0,23.0,885.0,Automatic caching and invalidation for Django models through the ORM.,21,False,['django'],,django-cache-machine,https://pypi.org/project/django-cache-machine,2022-07-06 18:41:15.000,2022-07-06 18:41:15.000,1.2.0,10.0,1.0,8228.0,8228.0,,,,3.0,,,,,,,,,,,,,,,,,
408,klein,twisted/klein,others,,https://github.com/twisted/klein,1963.0,1909.0,58.0,https://github.com/twisted/klein,MIT,2012-02-10 17:55:04.000,2025-08-19 09:57:08.000000,120.0,88.0,840.0,werkzeug + twisted.web.,21,True,,,klein,https://pypi.org/project/klein,2024-08-12 01:50:16.000,2024-08-12 01:50:16.000,24.8.0,27.0,54.0,38293.0,38293.0,,,,3.0,,,,,,,,,,,,,,,,,
409,django-floppyforms,jazzband/django-floppyforms,django-utils,,https://github.com/jazzband/django-floppyforms,2191.0,2176.0,51.0,https://github.com/jazzband/django-floppyforms,MirOS,2010-11-24 23:21:33.000,2025-01-04 11:48:49.000000,150.0,41.0,838.0,Full control of form rendering in the templates.,21,False,['django'],,django-floppyforms,https://pypi.org/project/django-floppyforms,2020-05-20 02:41:28.000,2020-05-20 02:41:28.000,1.9.0,27.0,15.0,29744.0,29744.0,,,,3.0,,,,,,,,,,,,,,,,,
410,fastapi_login,MushroomMaula/fastapi_login,auth,,https://github.com/MushroomMaula/fastapi_login,1146.0,1139.0,15.0,https://github.com/MushroomMaula/fastapi_login,MIT,2019-10-21 14:47:00.000,2024-12-14 08:18:15.000000,59.0,,649.0,FastAPI-Login tries to provide similar functionality as Flask-Login does.,21,False,['fastapi'],,fastapi_login,https://pypi.org/project/fastapi_login,2024-12-14 08:18:15.000,2024-12-14 08:18:15.000,1.10.3,34.0,7.0,129602.0,129602.0,,,,3.0,,,,,,,,,,,,,,,,,
411,flask_pydantic,bauerji/flask_pydantic,flask-utils,,https://github.com/pallets-eco/flask-pydantic,918.0,907.0,24.0,,MIT,,2025-12-22 02:58:51.000000,69.0,,434.0,Flask extension for integration with Pydantic library.,21,True,['flask'],,flask_pydantic,https://pypi.org/project/flask_pydantic,2025-12-22 02:58:51.000,2025-12-22 02:58:51.000,0.14.0,28.0,11.0,584861.0,584861.0,,,,3.0,,,,,,,,,,,,,,,,,
412,python-whois,joepie91/python-whois,others,,https://github.com/joepie91/python-whois,755.0,581.0,7.0,https://github.com/joepie91/python-whois,WTFPL,2013-01-30 15:34:02.000,2025-10-07 04:36:12.000000,207.0,108.0,427.0,A python module for retrieving and parsing WHOIS data.,21,False,,,python-whois,https://pypi.org/project/python-whois,2025-10-07 04:36:12.000,2025-10-07 04:36:12.000,0.9.6,29.0,174.0,1866746.0,1866746.0,,,,3.0,,,,,,,,,,,,,,,,,
413,django-cas-ng,django-cas-ng/django-cas-ng,auth,,https://github.com/django-cas-ng/django-cas-ng,672.0,657.0,92.0,https://github.com/django-cas-ng/django-cas-ng,MIT,2014-05-23 22:52:34.000,2026-05-05 10:22:08.000000,169.0,4.0,394.0,"Django CAS 1.0/2.0/3.0 client authentication library, supporting Django 4.2+ and Python 3.8+.",21,True,['django'],,django-cas-ng,https://pypi.org/project/django-cas-ng,2026-05-05 10:22:08.000,2025-11-18 17:08:56.000,5.1.0,30.0,15.0,55106.0,55106.0,,,,3.0,,,,,,,,,,,,,,,,,
414,cornice,Cornices/cornice,web-frameworks,,https://github.com/Cornices/cornice,971.0,927.0,124.0,https://github.com/Cornices/cornice,,2011-10-12 13:17:51.000,2025-04-22 15:32:20.839000,149.0,50.0,384.0,Build Web Services with Pyramid.,21,False,['pyramid'],anaconda/cornice,cornice,https://pypi.org/project/cornice,2024-02-08 11:28:46.000,2024-02-08 11:28:46.000,6.1.0,59.0,44.0,114962.0,115066.0,https://anaconda.org/anaconda/cornice,2025-04-22 15:32:20.839,13300.0,3.0,,,,,,,,,,,,,,,,,
415,pysimplesoap,pysimplesoap/pysimplesoap,http-clients,,https://github.com/pysimplesoap/pysimplesoap,1841.0,1826.0,51.0,https://github.com/pysimplesoap/pysimplesoap,LGPL-3.0,2013-06-02 11:09:05.000,2024-02-21 18:45:27.000000,229.0,97.0,373.0,Python Simple SOAP Library.,21,False,,,pysimplesoap,https://pypi.org/project/pysimplesoap,2023-10-24 01:20:23.000,2023-10-24 01:20:23.000,1.8.22,15.0,15.0,19827.0,19827.0,,,,3.0,,,,,,,,,,,,,,,,,
416,python-mocket,mindflayer/python-mocket,testing,,https://github.com/mindflayer/python-mocket,15.0,,34.0,https://github.com/mindflayer/python-mocket,BSD-3-Clause,2013-04-30 07:44:28.000,2026-08-26 06:16:13.000000,51.0,6.0,311.0,"a socket mock framework - for all kinds of socket animals, web-clients included.",21,True,,,mocket,https://pypi.org/project/mocket,2026-08-26 06:15:02.000,2026-08-26 06:15:02.000,3.14.4,116.0,15.0,280785.0,280785.0,,,,3.0,,,,,,,,,,,,,,,,,
417,pytest-splinter,pytest-dev/pytest-splinter,testing,,https://github.com/pytest-dev/pytest-splinter,632.0,616.0,31.0,https://github.com/pytest-dev/pytest-splinter,MIT,2014-02-16 17:03:35.000,2023-06-15 13:58:36.000000,49.0,15.0,254.0,pytest splinter and selenium integration for anyone interested in browser interaction in tests.,21,False,,,pytest-splinter,https://pypi.org/project/pytest-splinter,2022-09-09 19:48:12.442,2022-09-09 19:48:12.442,3.3.2,74.0,16.0,70880.0,70880.0,,,,3.0,,,,,,,,,,,,,,,,,
418,async-asgi-testclient,vinissimus/async-asgi-testclient,testing,,https://github.com/vinissimus/async-asgi-testclient,1034.0,983.0,14.0,https://github.com/vinissimus/async-asgi-testclient,MIT,2019-04-15 12:26:06.000,2023-06-29 14:52:47.000000,21.0,15.0,161.0,A framework-agnostic library for testing ASGI web applications.,21,False,,,async-asgi-testclient,https://pypi.org/project/async-asgi-testclient,2022-06-13 09:30:07.000,2022-06-13 09:30:07.000,1.4.11,32.0,51.0,329024.0,329024.0,,,,3.0,,,,,,,,,,,,,,,,,
419,graphql-relay-py,graphql-python/graphql-relay-py,graphql,,https://github.com/graphql-python/graphql-relay-py,53.0,,10.0,https://github.com/graphql-python/graphql-relay-py,MIT,2015-09-17 17:16:20.000,2025-04-22 14:56:40.651000,40.0,11.0,144.0,A library to help construct a graphql-py server supporting react-relay.,21,False,,conda-forge/graphql-relay,graphql-relay,https://pypi.org/project/graphql-relay,2022-04-16 11:03:43.000,2022-04-16 11:03:43.000,3.2.0,27.0,53.0,41436750.0,41461980.0,https://anaconda.org/conda-forge/graphql-relay,2025-04-22 14:56:40.651,1665224.0,3.0,,,,,,,,,,,,,,,,,
420,pyramid_openapi3,Pylons/pyramid_openapi3,openapi-utils,,https://github.com/Pylons/pyramid_openapi3,145.0,145.0,29.0,https://github.com/Pylons/pyramid_openapi3,MIT,2018-06-22 12:20:57.000,2026-06-10 08:17:52.000000,47.0,23.0,84.0,Pyramid addon for OpenAPI3 validation of requests and responses.,21,True,"['pyramid', 'openapi']",,pyramid_openapi3,https://pypi.org/project/pyramid_openapi3,2026-06-10 08:17:52.000,2026-06-10 08:17:52.000,0.22.0,9.0,,62811.0,62811.0,,,,3.0,,,,,,,,,,,,,,,,,
421,cookiecutter-django,cookiecutter/cookiecutter-django,django-utils,,https://github.com/cookiecutter/cookiecutter-django,34.0,34.0,478.0,https://github.com/cookiecutter/cookiecutter-django,BSD-3-Clause,2013-08-14 17:43:31.000,2025-10-16 09:39:40.000000,3021.0,91.0,13177.0,Cookiecutter Django is a framework for jumpstarting production-ready Django projects quickly.,20,True,['django'],,cookiecutter-django,https://pypi.org/project/cookiecutter-django,2018-01-15 20:46:23.000,2021-12-15 16:56:11.651,1.8.6,5.0,,103.0,103.0,,,,3.0,,,,,,,,,,,,,,,,,
422,Google Images Download,hardikvasa/google-images-download,third-party-apis,,https://github.com/hardikvasa/google-images-download,3.0,,41.0,https://github.com/hardikvasa/google-images-download,MIT,2015-03-28 16:50:28.000,2026-05-18 03:31:37.000000,2094.0,65.0,8669.0,Python Script to download hundreds of images from Google Images. It is a ready-to-run code!.,20,True,,,google_images_download,https://pypi.org/project/google_images_download,2019-05-21 18:28:03.000,2019-05-21 18:28:03.000,2.8.0,40.0,3.0,2560.0,2560.0,,,,3.0,,,,,,,,,,,,,,,,,
423,idom,idom-team/idom,web-ui,,https://github.com/rmorshea/idom,285.0,275.0,29.0,,MIT,,2023-02-26 19:45:00.617000,329.0,,8142.0,"Its React, but in Python.",20,False,,,idom,https://pypi.org/project/idom,2023-02-26 19:45:00.617,2023-02-26 19:45:00.617,1.0.0,109.0,10.0,3431.0,3431.0,,,,3.0,,,,,,,,,,,,,,,,,
424,xadmin,sshwsfc/xadmin,admin-ui,,https://github.com/sshwsfc/xadmin,816.0,816.0,51.0,https://github.com/sshwsfc/xadmin,BSD-3-Clause,2012-11-19 06:21:50.000,2025-02-11 16:50:43.000000,1394.0,386.0,4774.0,"Drop-in replacement of Django admin comes with lots of goodies, fully extensible with plugin support, pretty UI based..",20,False,,,xadmin2,https://pypi.org/project/xadmin2,2022-09-24 08:54:19.425,2022-09-24 08:54:19.425,2.0.4,4.0,,59.0,59.0,,,,3.0,,,,,,,,,,,,,,,,,
425,httprunner,httprunner/httprunner,testing,,https://github.com/httprunner/httprunner,7.0,,54.0,https://github.com/httprunner/httprunner,Apache-2.0,2017-06-13 03:54:29.000,2025-12-11 16:50:50.000000,1283.0,501.0,4285.0,HttpRunner API/UI.,20,True,,,httprunner,https://pypi.org/project/httprunner,2023-07-23 06:59:10.000,2023-07-23 06:59:10.000,4.3.5,152.0,7.0,9733.0,9733.0,,,,3.0,,,,,,,,,,,,,,,,,
426,scdl,flyingrub/scdl,third-party-apis,,https://github.com/scdl-org/scdl,435.0,430.0,53.0,,GPL-3.0,,2026-08-20 06:35:30.000000,398.0,,4086.0,Download Music from Souncloud.,20,True,,,scdl,https://pypi.org/project/scdl,2026-08-20 06:35:30.000,2026-08-20 06:35:30.000,3.0.8,90.0,5.0,3292.0,3292.0,,,,3.0,,,,,,,,,,,,,,,,,
427,WikiExtractor,attardi/wikiextractor,third-party-apis,,https://github.com/attardi/wikiextractor,465.0,455.0,41.0,,AGPL-3.0,,2026-08-10 19:52:23.000000,1002.0,,3995.0,A tool for extracting plain text from Wikipedia dumps.,20,True,,,wikiextractor,https://pypi.org/project/wikiextractor,2026-08-10 19:52:23.000,2026-08-10 19:52:23.000,3.1.0,6.0,10.0,4866.0,4866.0,,,,3.0,,,,,,,,,,,,,,,,,
428,django-shop,awesto/django-shop,django-utils,,https://github.com/awesto/django-shop,239.0,230.0,97.0,https://github.com/awesto/django-shop,BSD-3-Clause,2010-11-19 11:15:48.000,2023-10-19 01:09:56.000000,1034.0,104.0,3130.0,A Django based shop system.,20,False,['django'],,django-shop,https://pypi.org/project/django-shop,2021-02-02 21:13:24.000,2021-02-02 21:13:24.000,1.2.4,47.0,9.0,296.0,296.0,,,,3.0,,,,,,,,,,,,,,,,,
429,gmusicapi,simon-weber/gmusicapi,third-party-apis,,https://github.com/simon-weber/gmusicapi,517.0,497.0,51.0,https://github.com/simon-weber/gmusicapi,BSD-3-Clause,2012-01-20 17:19:12.000,2020-03-27 18:07:43.000000,304.0,61.0,2511.0,An unofficial client library for Google Music.,20,False,,,gmusicapi,https://pypi.org/project/gmusicapi,2020-03-27 18:06:36.000,2020-03-27 18:06:36.000,13.0.0,29.0,20.0,247.0,247.0,,,,3.0,,,,,,,,,,,,,,,,,
430,Grab,lorien/grab,web-scraping,,https://github.com/lorien/grab,445.0,440.0,67.0,https://github.com/lorien/grab,MIT,2013-05-01 08:10:22.000,2025-09-18 14:33:58.000000,275.0,2.0,2414.0,Web Scraping Framework.,20,True,,,grab,https://pypi.org/project/grab,2025-09-18 14:33:58.000,2025-09-18 14:33:58.000,1.2.0,124.0,5.0,948.0,948.0,,,,3.0,,,,,,,,,,,,,,,,,
431,Wooey,wooey/wooey,web-ui,,https://github.com/wooey/wooey,52.0,52.0,25.0,https://github.com/wooey/wooey,BSD-3-Clause,2015-03-01 16:47:05.000,2026-04-16 16:43:01.000000,190.0,55.0,2224.0,A Django app that creates automatic web UIs for Python scripts.,20,True,,,wooey,https://pypi.org/project/wooey,2026-04-13 01:47:53.000,2026-04-13 01:47:53.000,0.14.0,42.0,,198.0,198.0,,,,3.0,,,,,,,,,,,,,,,,,
432,flask-ask,johnwheeler/flask-ask,flask-utils,,https://github.com/johnwheeler/flask-ask,812.0,810.0,40.0,https://github.com/johnwheeler/flask-ask,Apache-2.0,2016-05-12 00:54:46.000,2021-08-24 01:20:53.000000,370.0,71.0,1878.0,Alexa Skills Kit for Python.,20,False,['flask'],,flask-ask,https://pypi.org/project/flask-ask,2018-02-28 21:57:01.000,2018-02-28 21:57:01.000,0.9.8,34.0,2.0,340.0,340.0,,,,3.0,,,,,,,,,,,,,,,,,
433,offlineimap,OfflineIMAP/offlineimap,email,,https://github.com/OfflineIMAP/offlineimap,33.0,32.0,164.0,https://github.com/OfflineIMAP/offlineimap,,2012-07-23 15:28:58.000,2026-06-08 15:29:47.419000,357.0,96.0,1860.0,Read/sync your IMAP mailboxes (python2) [LEGACY: move to offlineimap3].,20,False,,conda-forge/offlineimap,offlineimap,https://pypi.org/project/offlineimap,2026-06-08 09:48:17.000,2026-06-08 09:48:17.000,8.0.3,44.0,1.0,483.0,1920.0,https://anaconda.org/conda-forge/offlineimap,2026-06-08 15:29:47.419,84783.0,3.0,,,,,,,,,,,,,,,,,
434,requestium,tryolabs/requestium,testing,,https://github.com/tryolabs/requestium,115.0,109.0,18.0,https://github.com/tryolabs/requestium,BSD-3-Clause,2017-06-30 19:07:16.000,2026-02-02 00:36:32.000000,145.0,8.0,1837.0,Integration layer between Requests and Selenium for automation of web actions.,20,True,,,requestium,https://pypi.org/project/requestium,2026-01-19 16:59:35.000,2026-01-19 16:59:35.000,0.5.1,23.0,6.0,82741.0,82741.0,,,,3.0,,,,,,,,,,,,,,,,,
435,flask-sockets,heroku-python/flask-sockets,websocket,,https://github.com/heroku-python/flask-sockets,48.0,,13.0,https://github.com/heroku-python/flask-sockets,MIT,2013-10-01 00:41:09.000,2021-05-14 12:12:05.000000,164.0,32.0,1741.0,[DEPRECATED] Alternative: https://github.com/miguelgrinberg/flask-sock.,20,False,['flask'],,flask-sockets,https://pypi.org/project/flask-sockets,2016-06-05 02:14:01.000,2016-06-05 02:14:01.000,0.2.1,3.0,48.0,37663.0,37663.0,,,,3.0,,,,,,,,,,,,,,,,,
436,frontera,scrapinghub/frontera,web-scraping,,https://github.com/scrapinghub/frontera,49.0,43.0,42.0,https://github.com/scrapinghub/frontera,BSD-3-Clause,2014-11-22 15:42:50.000,2025-06-06 14:41:24.000000,218.0,95.0,1314.0,A scalable frontier for web crawlers.,20,False,,,frontera,https://pypi.org/project/frontera,2025-06-06 14:41:24.000,2025-06-06 14:41:24.000,0.7.2,23.0,6.0,4228.0,4228.0,,,,3.0,,,,,,,,,,,,,,,,,
437,django-vanilla-views,encode/django-vanilla-views,django-utils,,https://github.com/encode/django-vanilla-views,771.0,768.0,31.0,https://github.com/encode/django-vanilla-views,BSD-2-Clause,2013-09-02 13:41:57.000,2024-02-14 02:38:33.000000,74.0,3.0,984.0,Beautifully simple class-based views.,20,False,['django'],,django-vanilla-views,https://pypi.org/project/django-vanilla-views,2021-05-09 09:56:51.000,2021-05-09 09:56:51.000,3.0.0,15.0,3.0,17438.0,17438.0,,,,3.0,,,,,,,,,,,,,,,,,
438,flask-debugtoolbar,flask-debugtoolbar/flask-debugtoolbar,testing,,https://flask-debugtoolbar.readthedocs.io,78.0,,,,BSD-3-Clause,2020-10-13 10:48:17.869,2025-04-22 14:56:27.983000,149.0,,978.0,A toolbar overlay for debugging Flask applications.,20,False,['flask'],conda-forge/flask-debugtoolbar,flask-debugtoolbar,https://pypi.org/project/flask-debugtoolbar,2024-09-28 14:55:33.000,2024-09-28 14:55:33.000,0.16.0,31.0,78.0,1164749.0,1168187.0,https://anaconda.org/conda-forge/flask-debugtoolbar,2025-04-22 14:56:27.983,240721.0,3.0,,,,,,,,,,,,,,,,,
439,django-solo,lazybird/django-solo,django-utils,,https://github.com/lazybird/django-solo,2863.0,2765.0,46.0,https://github.com/lazybird/django-solo,,2013-05-22 21:28:08.000,2026-01-01 15:46:51.000000,84.0,12.0,946.0,Helps working with singletons - things like global settings that you want to edit from the admin site.,20,False,['django'],,django-solo,https://pypi.org/project/django-solo,2026-01-01 15:46:51.000,2026-01-01 15:46:51.000,2.5.1,18.0,98.0,433823.0,433823.0,,,,3.0,,,,,,,,,,,,,,,,,
440,flask-talisman,GoogleCloudPlatform/flask-talisman,flask-utils,,https://github.com/GoogleCloudPlatform/flask-talisman,63.0,,19.0,https://github.com/GoogleCloudPlatform/flask-talisman,Apache-2.0,2015-11-12 23:40:25.000,2024-05-01 11:53:42.000000,86.0,24.0,940.0,HTTP security headers for Flask.,20,False,['flask'],,flask-talisman,https://pypi.org/project/flask-talisman,2023-08-03 12:00:26.000,2023-08-03 12:00:26.000,1.1.0,15.0,63.0,2542851.0,2542851.0,,,,3.0,,,,,,,,,,,,,,,,,
441,Flask-MonitoringDashboard,flask-dashboard/Flask-MonitoringDashboard,monitoring,,https://github.com/flask-dashboard/Flask-MonitoringDashboard,11.0,,48.0,https://github.com/flask-dashboard/Flask-MonitoringDashboard,MIT,2017-04-11 13:50:14.000,2026-06-29 20:18:47.000000,166.0,74.0,828.0,Automatically monitor the evolving performance of Flask/Python web services.,20,True,['flask'],,flask-monitoringdashboard,https://pypi.org/project/flask-monitoringdashboard,2025-11-14 15:03:38.000,2025-11-14 15:03:38.000,5.0.2,61.0,11.0,9590.0,9590.0,,,,3.0,,,,,,,,,,,,,,,,,
442,flask-profiler,muatik/flask-profiler,flask-utils,,https://github.com/muatik/flask-profiler,405.0,401.0,29.0,https://github.com/muatik/flask-profiler,MIT,2015-10-05 20:49:53.000,2022-12-02 02:48:05.000000,94.0,44.0,749.0,a flask profiler which watches endpoint calls and tries to make some analysis.,20,False,['flask'],,flask-profiler,https://pypi.org/project/flask-profiler,2018-11-19 23:11:10.000,2018-11-19 23:11:10.000,1.8.1,39.0,4.0,24139.0,24139.0,,,,3.0,,,,,,,,,,,,,,,,,
443,html5-parser,kovidgoyal/html5-parser,html-processing,,https://github.com/kovidgoyal/html5-parser,923.0,912.0,7.0,https://github.com/kovidgoyal/html5-parser,Apache-2.0,2017-06-03 06:56:36.000,2025-09-26 05:49:44.000000,40.0,1.0,700.0,Fast C based HTML 5 parsing for python.,20,True,,,html5-parser,https://pypi.org/project/html5-parser,2023-11-19 15:09:54.000,2023-11-19 15:09:54.000,0.4.12,21.0,11.0,14480.0,14480.0,,,,3.0,,,,,,,,,,,,,,,,,
444,django-stronghold,mgrouchy/django-stronghold,auth,,https://github.com/mgrouchy/django-stronghold,498.0,490.0,23.0,https://github.com/mgrouchy/django-stronghold,MIT,2013-01-29 02:30:21.000,2024-07-19 14:08:30.000000,48.0,15.0,393.0,Get inside your stronghold and make all your Django views default login_required.,20,False,['django'],,django-stronghold,https://pypi.org/project/django-stronghold,2020-01-17 16:34:53.000,2020-01-17 16:34:53.000,0.4.0,23.0,8.0,47470.0,47470.0,,,,3.0,,,,,,,,,,,,,,,,,
445,Spectree,0b01001001/spectree,openapi-utils,,https://github.com/0b01001001/spectree,157.0,145.0,50.0,https://github.com/0b01001001/spectree,Apache-2.0,2019-12-01 07:04:07.000,2026-05-12 02:26:57.000000,85.0,12.0,362.0,API spec validator and OpenAPI document generator for Python web frameworks.,20,True,['openapi'],,spectree,https://pypi.org/project/spectree,2026-05-12 02:26:57.000,2025-12-16 01:38:51.000,2.0.1,120.0,12.0,335219.0,335219.0,,,,3.0,,,,,,,,,,,,,,,,,
446,http-parser,benoitc/http-parser,http-clients,,https://github.com/benoitc/http-parser,562.0,547.0,31.0,https://github.com/benoitc/http-parser,MIT,2011-04-14 15:33:36.000,2024-05-21 14:05:11.000000,95.0,20.0,345.0,HTTP request/response parser for python in C.,20,False,,,http-parser,https://pypi.org/project/http-parser,2020-04-06 23:00:26.000,2020-04-06 23:00:26.000,0.9.0,36.0,15.0,18794.0,18794.0,,,,3.0,,,,,,,,,,,,,,,,,
447,graphene-mongo,graphql-python/graphene-mongo,graphql,,https://github.com/graphql-python/graphene-mongo,378.0,375.0,38.0,https://github.com/graphql-python/graphene-mongo,MIT,2018-01-22 04:06:16.000,2026-02-03 20:55:42.000000,111.0,23.0,287.0,Graphene MongoEngine integration.,20,True,['graphql'],conda-forge/graphene-mongo,graphene-mongo,https://pypi.org/project/graphene-mongo,2026-01-03 09:20:00.000,2026-01-03 09:20:00.000,0.4.5,39.0,3.0,13556.0,13732.0,https://anaconda.org/conda-forge/graphene-mongo,2026-01-05 00:41:58.830,13049.0,3.0,,,,,,,,,,,,,,,,,
448,flask_injector,alecthomas/flask_injector,flask-utils,,https://github.com/alecthomas/flask_injector,1062.0,1041.0,13.0,,BSD-3-Clause,2021-04-01 18:52:03.036,2025-04-22 14:57:49.545000,40.0,,283.0,"Adds Injector, a Dependency Injection framework, support to Flask.",20,False,['flask'],conda-forge/flask-injector,flask_injector,https://pypi.org/project/flask_injector,2023-07-27 00:33:16.000,2023-07-27 00:33:16.000,0.15.0,28.0,21.0,79395.0,79614.0,https://anaconda.org/conda-forge/flask-injector,2025-04-22 14:57:49.545,14034.0,3.0,,,,,,,,,,,,,,,,,
449,Flask-Excel,pyexcel-webwares/Flask-Excel,flask-utils,,https://github.com/pyexcel-webwares/Flask-Excel,1369.0,1364.0,8.0,https://github.com/pyexcel-webwares/Flask-Excel,BSD-3-Clause,2015-01-21 19:55:07.000,2020-11-10 23:13:19.000000,87.0,11.0,257.0,"A flask extension using pyexcel to read, manipulate and write data in different excel formats: csv, ods, xls, xlsx and..",20,False,,,flask-excel,https://pypi.org/project/flask-excel,2017-07-20 02:40:14.000,2017-07-20 02:40:14.000,0.0.7,8.0,5.0,14330.0,14330.0,,,,3.0,,,,,,,,,,,,,,,,,
450,flask-rebar,plangrid/flask-rebar,flask-utils,,https://github.com/plangrid/flask-rebar,65.0,58.0,48.0,https://github.com/plangrid/flask-rebar,MIT,2018-02-26 17:39:13.000,2026-06-26 18:35:19.000000,38.0,54.0,235.0,"Flask-Rebar combines flask, marshmallow, and swagger for robust REST services.",20,True,"['flask', 'openapi']",,flask-rebar,https://pypi.org/project/flask-rebar,2026-06-26 18:33:29.000,2026-06-26 18:33:29.000,3.4.1,56.0,7.0,3961.0,3961.0,,,,3.0,,,,,,,,,,,,,,,,,
451,guillotina,plone/guillotina,web-frameworks,,https://github.com/plone/guillotina,184.0,144.0,54.0,https://github.com/plone/guillotina,BSD-3-Clause,2017-03-01 16:12:44.000,2026-08-21 09:38:55.000000,54.0,64.0,208.0,Python AsyncIO data API to manage billions of resources.,20,True,,,guillotina,https://pypi.org/project/guillotina,2026-08-21 09:38:55.000,2026-08-21 09:38:55.000,7.1.4,612.0,40.0,1959.0,1959.0,,,,3.0,,,,,,,,,,,,,,,,,
452,python-graphql-client,prisma-labs/python-graphql-client,graphql,,https://github.com/prisma-labs/python-graphql-client,101.0,,6.0,https://github.com/prisma-labs/python-graphql-client,MIT,2016-05-12 12:09:18.000,2021-03-04 21:32:03.000000,45.0,10.0,156.0,Simple GraphQL client for Python 2.7+.,20,False,,,python-graphql-client,https://pypi.org/project/python-graphql-client,2021-03-04 21:32:03.000,2021-03-04 21:32:03.000,0.4.3,9.0,101.0,629253.0,629253.0,,,,3.0,,,,,,,,,,,,,,,,,
453,markdown-include,cmacmackin/markdown-include,markdown,,https://github.com/cmacmackin/markdown-include,8337.0,8065.0,12.0,https://github.com/cmacmackin/markdown-include,GPL-3.0,2015-01-09 01:12:35.000,2025-04-22 14:57:38.757000,40.0,12.0,100.0,Provides syntax for Python-Markdown which allows for the inclusion of the contents of other Markdown documents.,20,False,,conda-forge/markdown-include,markdown-include,https://pypi.org/project/markdown-include,2023-02-07 09:49:00.957,2023-02-07 09:49:00.957,0.8.1,14.0,272.0,255314.0,255915.0,https://anaconda.org/conda-forge/markdown-include,2025-04-22 14:57:38.757,41487.0,3.0,,,,,,,,,,,,,,,,,
454,pyramid_debugtoolbar,Pylons/pyramid_debugtoolbar,testing,,https://github.com/Pylons/pyramid_debugtoolbar,46.0,,71.0,https://github.com/Pylons/pyramid_debugtoolbar,BSD-3-Clause,2011-07-23 02:21:03.000,2025-09-04 19:05:24.000000,83.0,43.0,96.0,Pyramid debug toolbar.,20,True,['pyramid'],conda-forge/pyramid_debugtoolbar,pyramid_debugtoolbar,https://pypi.org/project/pyramid_debugtoolbar,2024-02-05 03:40:27.000,2024-02-05 03:40:27.000,4.12.1,66.0,46.0,1740179.0,1740327.0,https://anaconda.org/conda-forge/pyramid_debugtoolbar,2025-04-22 14:57:47.760,9681.0,3.0,,,,,,,,,,,,,,,,,
455,swagger-codegen,swagger-api/swagger-codegen,openapi-utils,,https://github.com/swagger-api/swagger-codegen,26.0,26.0,1248.0,https://github.com/swagger-api/swagger-codegen,Apache-2.0,2011-07-06 14:26:48.000,2026-08-04 06:49:33.000000,5966.0,3447.0,17781.0,"swagger-codegen contains a template-driven engine to generate documentation, API clients and server stubs in different..",19,True,['openapi'],,,,,,,,,,,,,,3.0,,io.swagger.codegen.v3.swagger-codegen-maven-plugin,,,,,,https://search.maven.org/artifact/io.swagger.codegen.v3.swagger-codegen-maven-plugin,,,,,,,,,
456,japronto,squeaky-pl/japronto,web-frameworks,,https://github.com/squeaky-pl/japronto,133.0,126.0,23.0,https://github.com/squeaky-pl/japronto,MIT,2016-10-26 19:51:32.000,2023-08-14 21:42:00.000000,581.0,90.0,8612.0,Screaming-fast Python 3.5+ HTTP toolkit integrated with pipelining HTTP server based on uvloop and picohttpparser.,19,False,,,japronto,https://pypi.org/project/japronto,2018-11-09 13:14:51.000,2018-11-09 13:14:51.000,0.1.2,8.0,7.0,108.0,108.0,,,,3.0,,,,,,,,,,,,,,,,,
457,httpstat,reorx/httpstat,http-clients,,https://github.com/reorx/httpstat,20.0,20.0,6.0,https://github.com/reorx/httpstat,MIT,2016-08-30 06:30:59.000,2026-04-08 09:33:32.000000,385.0,8.0,6254.0,curl statistics made simple.,19,True,,,httpstat,https://pypi.org/project/httpstat,2026-04-08 09:33:32.000,2026-04-08 09:33:32.000,2.0.0,10.0,,1140.0,1140.0,,,,3.0,,,,,,,,,,,,,,,,,
458,vibora,vibora-io/vibora,web-frameworks,,https://github.com/vibora-io/vibora,118.0,116.0,28.0,https://github.com/vibora-io/vibora,MIT,2018-06-13 15:58:58.000,2020-12-23 01:00:55.000000,303.0,140.0,5648.0,"Fast, asynchronous and elegant Python web framework.",19,False,,,vibora,https://pypi.org/project/vibora,2018-06-16 04:25:57.000,2018-06-16 04:25:57.000,0.0.6,8.0,2.0,472.0,472.0,,,,3.0,,,,,,,,,,,,,,,,,
459,pyload,pyload/pyload,others,,https://github.com/pyload/pyload,27.0,24.0,247.0,https://github.com/pyload/pyload,AGPL-3.0,2013-02-10 13:12:02.000,2026-07-11 20:17:16.000000,751.0,221.0,3814.0,The free and open-source Download Manager written in pure Python.,19,True,,,pyload-ng,https://pypi.org/project/pyload-ng,2026-07-09 16:55:01.000,,,106.0,3.0,7860.0,7860.0,,,,3.0,,,,,,,,,,,,,,,,,
460,Gerapy,Gerapy/Gerapy,web-scraping,,https://github.com/Gerapy/Gerapy,149.0,149.0,17.0,https://github.com/Gerapy/Gerapy,MIT,2017-06-30 03:58:27.000,2026-07-04 08:45:35.000000,646.0,7.0,3504.0,"Distributed Crawler Management Framework Based on Scrapy, Scrapyd, Django and Vue.js.",19,True,['django'],,gerapy,https://pypi.org/project/gerapy,2023-07-19 18:53:46.000,2023-07-19 18:53:46.000,0.9.13,49.0,,751.0,751.0,,,,3.0,,,,,,,,,,,,,,,,,
461,python-instagram,facebookarchive/python-instagram,third-party-apis,,https://github.com/facebookarchive/python-instagram,5.0,,52.0,https://github.com/facebookarchive/python-instagram,MIT,2011-02-02 02:45:23.000,2020-10-01 16:22:11.000000,1098.0,118.0,3039.0,Python Client for Instagram API.,19,False,,,python-instagram,https://pypi.org/project/python-instagram,2015-07-22 15:56:56.000,2015-07-22 15:56:56.000,1.3.2,14.0,5.0,3274.0,3274.0,,,,3.0,,,,,,,,,,,,,,,,,
462,python-oauth2,joestump/python-oauth2,auth,,https://github.com/joestump/python-oauth2,5.0,,42.0,https://github.com/joestump/python-oauth2,MIT,2009-10-21 17:21:07.000,2025-04-22 14:56:38.881000,907.0,75.0,3003.0,"A fully tested, abstract interface to creating OAuth clients and servers.",19,False,,conda-forge/python-oauth2,python-oauth2,https://pypi.org/project/python-oauth2,2019-06-28 17:57:45.000,2019-06-28 17:57:45.000,1.1.1,13.0,5.0,28715.0,33710.0,https://anaconda.org/conda-forge/python-oauth2,2025-04-22 14:56:38.881,94918.0,3.0,,,,,,,,,,,,,,,,,
463,scrapely,scrapy/scrapely,web-scraping,,https://github.com/scrapy/scrapely,155.0,152.0,25.0,https://github.com/scrapy/scrapely,BSD-3-Clause,2011-04-18 22:38:56.000,2022-04-04 10:53:21.000000,275.0,32.0,1883.0,A pure-python HTML screen-scraping library.,19,False,,,scrapely,https://pypi.org/project/scrapely,2019-11-28 11:03:32.000,2019-11-28 11:03:32.000,0.14.1,13.0,3.0,421.0,421.0,,,,3.0,,,,,,,,,,,,,,,,,
464,hyde,hyde/hyde,others,,https://github.com/hyde/hyde,100.0,98.0,43.0,https://github.com/hyde/hyde,MIT,2011-01-07 09:52:20.000,2024-09-23 13:12:27.000000,246.0,68.0,1633.0,A Python Static Website Generator (See https://duct-ui.org from the author).,19,False,,,hyde,https://pypi.org/project/hyde,2015-11-09 13:50:15.000,2015-11-09 13:50:15.000,0.8.9,16.0,2.0,153.0,153.0,,,,3.0,,,,,,,,,,,,,,,,,
465,wdb,Kozea/wdb,testing,,https://github.com/Kozea/wdb,280.0,271.0,22.0,https://github.com/Kozea/wdb,GPL-3.0,2012-10-05 16:40:23.000,2022-12-06 14:33:43.000000,121.0,40.0,1584.0,An improbable web debugger through WebSockets.,19,False,,,wdb,https://pypi.org/project/wdb,2019-09-16 09:25:54.000,2019-09-16 09:25:54.000,3.3.0,53.0,9.0,7946.0,7946.0,,,,3.0,,,,,,,,,,,,,,,,,
466,emmett,emmett-framework/emmett,web-frameworks,,https://github.com/emmett-framework/emmett,103.0,95.0,25.0,https://github.com/emmett-framework/emmett,BSD-3-Clause,2014-10-20 20:23:26.000,2026-04-07 09:44:27.000000,73.0,40.0,1213.0,The web framework for inventors.,19,True,,,emmett,https://pypi.org/project/emmett,2026-04-07 09:44:27.000,2026-04-07 09:44:27.000,2.8.1,61.0,8.0,633.0,633.0,,,,3.0,,,,,,,,,,,,,,,,,
467,pyresttest,svanoort/pyresttest,testing,,https://github.com/svanoort/pyresttest,128.0,128.0,17.0,https://github.com/svanoort/pyresttest,Apache-2.0,2014-05-01 23:40:10.000,2025-04-22 14:56:50.530000,326.0,132.0,1156.0,Python Rest Testing.,19,False,,conda-forge/pyresttest,pyresttest,https://pypi.org/project/pyresttest,2016-03-15 03:13:33.000,2016-03-15 03:13:33.000,1.7.1,14.0,,2049.0,3148.0,https://anaconda.org/conda-forge/pyresttest,2025-04-22 14:56:50.530,108802.0,3.0,,,,,,,,,,,,,,,,,
468,mixer,klen/mixer,testing,,https://github.com/klen/mixer,18.0,,43.0,https://github.com/klen/mixer,BSD-3-Clause,2013-05-19 13:49:50.000,2024-03-08 09:29:07.000000,96.0,49.0,939.0,"Mixer -- Is a fixtures replacement. Supported Django, Flask, SqlAlchemy and custom python objects.",19,False,"['flask', 'django']",,mixer,https://pypi.org/project/mixer,2022-03-23 14:39:31.000,2022-03-23 14:39:31.000,7.2.2,157.0,18.0,238339.0,238339.0,,,,3.0,,,,,,,,,,,,,,,,,
469,fastapi-jsonrpc,smagafurov/fastapi-jsonrpc,rpc,,https://github.com/smagafurov/fastapi-jsonrpc,93.0,83.0,17.0,https://github.com/smagafurov/fastapi-jsonrpc,MIT,2019-08-09 17:56:48.000,2026-04-17 15:49:33.000000,37.0,11.0,419.0,JSON-RPC server based on fastapi.,19,True,['fastapi'],,fastapi-jsonrpc,https://pypi.org/project/fastapi-jsonrpc,2026-04-17 15:49:33.000,2026-04-17 15:49:33.000,3.5.0,85.0,10.0,24902.0,24902.0,,,,3.0,,,,,,,,,,,,,,,,,
470,Starlette Prometheus,perdy/starlette-prometheus,monitoring,,https://github.com/perdy/starlette-prometheus,486.0,461.0,17.0,https://github.com/perdy/starlette-prometheus,GPL-3.0,2019-01-10 15:49:38.000,2024-09-03 09:48:15.000000,32.0,15.0,377.0,Prometheus integration for Starlette.,19,False,['fastapi'],,starlette-prometheus,https://pypi.org/project/starlette-prometheus,2024-09-03 09:48:15.000,2024-09-03 09:48:15.000,0.10.0,11.0,25.0,415218.0,415218.0,,,,3.0,,,,,,,,,,,,,,,,,
471,django-smuggler,semente/django-smuggler,admin-ui,,https://github.com/semente/django-smuggler,193.0,193.0,22.0,https://github.com/semente/django-smuggler,LGPL-3.0,2009-12-11 20:59:14.000,2022-09-03 21:45:56.000000,34.0,8.0,374.0,Django Smuggler is a pluggable application for Django Web Framework that helps you to import/export fixtures via the..,19,False,['django'],,django-smuggler,https://pypi.org/project/django-smuggler,2022-02-03 13:30:53.000,2022-02-03 13:30:53.000,1.0.4,16.0,,12358.0,12358.0,,,,3.0,,,,,,,,,,,,,,,,,
472,flask-praetorian,dusktreader/flask-praetorian,auth,,https://github.com/dusktreader/flask-praetorian,458.0,456.0,27.0,https://github.com/dusktreader/flask-praetorian,MIT,2016-11-23 16:47:18.000,2025-08-19 01:56:49.000000,47.0,4.0,349.0,"Strong, Simple, and Precise security for Flask APIs (using jwt).",19,True,['flask'],,flask-praetorian,https://pypi.org/project/flask-praetorian,2025-08-19 01:56:49.000,2025-08-19 01:56:49.000,1.6.2,51.0,2.0,5787.0,5787.0,,,,3.0,,,,,,,,,,,,,,,,,
473,fastapi-socketio,pyropy/fastapi-socketio,fastapi-utils,,https://github.com/pyropy/fastapi-socketio,68.0,,7.0,https://github.com/pyropy/fastapi-socketio,Apache-2.0,2020-09-11 15:22:31.000,2023-11-26 03:02:26.000000,33.0,23.0,336.0,Easily integrate socket.io with your FastAPI app.,19,False,['fastapi'],,fastapi-socketio,https://pypi.org/project/fastapi-socketio,2023-03-03 08:42:00.907,2023-03-03 08:42:00.907,0.0.10,9.0,68.0,90279.0,90279.0,,,,3.0,,,,,,,,,,,,,,,,,
474,velruse,bbangert/velruse,auth,,https://github.com/bbangert/velruse,833.0,831.0,43.0,https://github.com/bbangert/velruse,MIT,2010-04-30 19:23:27.000,2017-08-25 08:16:27.000000,91.0,37.0,253.0,Simplifying third-party authentication for web applications.,19,False,,,velruse,https://pypi.org/project/velruse,2013-08-30 04:51:31.000,2013-08-30 04:51:31.000,1.1.1,10.0,2.0,6730.0,6730.0,,,,3.0,,,,,,,,,,,,,,,,,
475,graphene-pydantic,graphql-python/graphene-pydantic,graphql,,https://github.com/graphql-python/graphene-pydantic,3.0,,25.0,https://github.com/graphql-python/graphene-pydantic,Apache-2.0,2019-06-20 00:49:40.000,2026-05-22 20:57:37.000000,47.0,19.0,249.0,Integrate GraphQL with your Pydantic models.,19,True,['graphql'],,graphene-pydantic,https://pypi.org/project/graphene-pydantic,2024-02-01 18:37:26.000,2024-02-01 18:37:26.000,0.6.1,13.0,3.0,532969.0,532969.0,,,,3.0,,,,,,,,,,,,,,,,,
476,python-jwt,davedoesdev/python-jwt,auth,,https://github.com/davedoesdev/python-jwt,82.0,,5.0,https://github.com/davedoesdev/python-jwt,MIT,2013-09-30 08:03:49.000,2023-11-13 07:57:01.000000,29.0,,222.0,Python module for generating and verifying JSON Web Tokens.,19,False,,,python-jwt,https://pypi.org/project/python-jwt,2023-11-13 07:57:01.000,2023-11-13 07:57:01.000,4.1.0,45.0,82.0,357717.0,357717.0,,,,3.0,,,,,,,,,,,,,,,,,
477,flask-s3,e-dard/flask-s3,flask-utils,,https://github.com/e-dard/flask-s3,546.0,539.0,26.0,https://github.com/e-dard/flask-s3,WTFPL,2012-10-01 18:08:11.000,2023-08-26 19:08:06.000000,88.0,19.0,200.0,Seamlessly serve your static assets of your Flask app from Amazon S3.,19,False,,,flask-s3,https://pypi.org/project/flask-s3,2017-02-23 20:44:59.000,2017-02-23 20:44:59.000,0.3.3,30.0,7.0,16284.0,16284.0,,,,3.0,,,,,,,,,,,,,,,,,
478,reppy,seomoz/reppy,others,,https://github.com/seomoz/reppy,226.0,206.0,24.0,https://github.com/seomoz/reppy,MIT,2011-10-29 00:06:46.000,2024-01-12 05:07:07.000000,41.0,26.0,196.0,Modern robots.txt Parser for Python.,19,False,,,reppy,https://pypi.org/project/reppy,2019-09-16 19:32:19.000,2019-09-16 19:32:19.000,0.4.14,24.0,20.0,1890.0,1890.0,,,,3.0,,,,,,,,,,,,,,,,,
479,flask-ngrok,gstaff/flask-ngrok,flask-utils,,https://github.com/gstaff/flask-ngrok,4025.0,4010.0,2.0,https://github.com/gstaff/flask-ngrok,Apache-2.0,2018-09-04 00:22:30.000,2023-11-02 19:01:53.000000,57.0,32.0,138.0,A simple way to demo Flask apps from your machine.,19,False,['flask'],,flask-ngrok,https://pypi.org/project/flask-ngrok,2018-09-09 19:48:38.000,2018-09-09 19:48:38.000,0.0.25,16.0,15.0,24442.0,24442.0,,,,3.0,,,,,,,,,,,,,,,,,
480,Mockoon,mockoon/mockoon,testing,,https://github.com/mockoon/mockoon,229.0,229.0,69.0,https://github.com/mockoon/mockoon,MIT,2017-07-17 13:19:16.000,2026-07-31 09:44:28.000000,461.0,45.0,8342.0,"Mockoon is the easiest and quickest way to run mock APIs locally. No remote deployment, no account required, open..",18,True,['openapi'],,,,,,,,,,,,,,3.0,,,,,,,,,,,,,,,,,
481,ngxtop,lebinh/ngxtop,monitoring,,https://github.com/lebinh/ngxtop,40.0,40.0,10.0,https://github.com/lebinh/ngxtop,MIT,2014-03-21 15:39:52.000,2022-10-06 19:58:56.000000,474.0,63.0,6525.0,Real-time metrics for nginx server.,18,False,,,ngxtop,https://pypi.org/project/ngxtop,2020-12-21 00:51:09.000,2020-12-21 00:51:09.000,0.0.3,3.0,,2714.0,2714.0,,,,3.0,,,,,,,,,,,,,,,,,
482,AutoRest,Azure/autorest,openapi-utils,,https://github.com/Azure/autorest,1027.0,1027.0,181.0,https://github.com/Azure/autorest,MIT,2015-02-20 23:02:54.000,2026-04-24 15:02:21.000000,737.0,45.0,4801.0,"OpenAPI (f.k.a Swagger) Specification code generator. Supports C#, PowerShell, Go, Java, Node.js, TypeScript, Python.",18,True,['openapi'],,,,,,,,,,,,,,3.0,,,,,,,,,,,,,,,,,
483,ProxyBroker,constverum/Proxybroker,others,,https://github.com/constverum/Proxybroker,6.0,,9.0,https://github.com/constverum/Proxybroker,Apache-2.0,2015-10-11 15:13:37.000,2024-03-18 18:41:12.000000,1078.0,102.0,3812.0,Proxy [Finder | Checker | Server]. HTTP(S) & SOCKS.,18,False,,,proxybroker,https://pypi.org/project/proxybroker,2019-03-12 19:47:46.000,2019-03-12 19:47:46.000,0.3.2,12.0,6.0,10411.0,10411.0,,,,3.0,,,,,,,,,,,,,,,,,
484,twitter-scraper,bisguzar/twitter-scraper,third-party-apis,,https://github.com/bisguzar/twitter-scraper,12.0,,31.0,https://github.com/bisguzar/twitter-scraper,MIT,2018-02-22 14:58:34.000,2023-02-08 02:26:40.000000,604.0,51.0,3631.0,Scrape the Twitter Frontend API without authentication.,18,False,,,twitter-scraper,https://pypi.org/project/twitter-scraper,2020-07-17 18:56:19.000,2020-07-17 18:56:19.000,0.4.4,11.0,12.0,447.0,447.0,,,,3.0,,,,,,,,,,,,,,,,,
485,urlwatch,thp/urlwatch,others,,https://github.com/thp/urlwatch,27.0,27.0,97.0,https://github.com/thp/urlwatch,BSD-3-Clause,2014-01-29 18:42:20.000,2026-02-04 20:48:24.000000,355.0,90.0,3040.0,"Watch (parts of) webpages and get notified when something changes via e-mail, on your phone or via other means. Highly..",18,True,,,urlwatch,https://pypi.org/project/urlwatch,2024-12-10 11:58:32.000,,,38.0,,3381.0,3381.0,,,,3.0,,,,,,,,,,,,,,,,,
486,flaskbb,flaskbb/flaskbb,web-ui,,https://github.com/flaskbb/flaskbb,46.0,36.0,78.0,https://github.com/flaskbb/flaskbb,,2013-09-11 08:39:17.000,2026-07-21 19:42:32.000000,666.0,27.0,2662.0,A classic Forum Software in Python using Flask.,18,False,['flask'],,FlaskBB,https://pypi.org/project/FlaskBB,2026-02-18 18:47:58.000,2026-02-18 18:47:58.000,2.2.0,5.0,10.0,631.0,631.0,,,,3.0,,,,,,,,,,,,,,,,,
487,sandman2,jeffknupp/sandman2,others,,https://github.com/jeffknupp/sandman2,30.0,30.0,23.0,https://github.com/jeffknupp/sandman2,Apache-2.0,2014-10-24 17:21:50.000,2026-08-17 16:59:21.000000,217.0,45.0,2042.0,Automatically generate a RESTful API service for your legacy database. No code required!.,18,True,,,sandman2,https://pypi.org/project/sandman2,2021-12-15 15:31:18.692,2021-12-15 15:31:18.692,0.0.2,29.0,,139.0,139.0,,,,3.0,,,,,,,,,,,,,,,,,
488,gmail,charlierguo/gmail,email,,https://github.com/charlierguo/gmail,9.0,,14.0,https://github.com/charlierguo/gmail,MIT,2013-07-29 03:46:41.000,2023-07-09 19:49:08.000000,385.0,60.0,1765.0,A Pythonic interface for Google Mail.,18,False,,,gmail,https://pypi.org/project/gmail,2017-08-07 19:59:52.000,2017-08-07 19:59:52.000,0.6.3,10.0,9.0,15845.0,15845.0,,,,3.0,,,,,,,,,,,,,,,,,
489,ruia,howie6879/ruia,web-scraping,,https://github.com/howie6879/ruia,86.0,75.0,17.0,https://github.com/howie6879/ruia,Apache-2.0,2018-07-10 01:12:54.000,2022-08-21 07:26:09.000000,179.0,7.0,1685.0,Async Python 3.6+ web scraping micro-framework based on asyncio.,18,False,,,ruia,https://pypi.org/project/ruia,2021-05-07 01:36:59.000,2022-09-06 08:56:03.702,0.8.5,55.0,11.0,344.0,344.0,,,,3.0,,,,,,,,,,,,,,,,,
490,fsociety,fsociety-team/fsociety,testing,,https://github.com/fsociety-team/fsociety,17.0,17.0,12.0,https://github.com/fsociety-team/fsociety,MIT,2020-05-17 04:35:05.000,2025-11-24 19:00:49.000000,193.0,17.0,1619.0,A Modular Penetration Testing Framework.,18,True,,,fsociety,https://pypi.org/project/fsociety,2022-05-01 02:06:45.000,2023-06-16 22:29:00.871,3.2.9,29.0,,1602.0,1602.0,,,,3.0,,,,,,,,,,,,,,,,,
491,feincms,feincms/feincms,cms,,https://github.com/feincms/feincms,15.0,,141.0,https://github.com/feincms/feincms,BSD-3-Clause,2009-01-27 20:34:16.000,2026-02-11 09:42:24.000000,238.0,26.0,1060.0,A Django-based CMS with a focus on extensibility and concise code.,18,True,['django'],,feincms,https://pypi.org/project/feincms,2026-02-11 09:42:20.000,2026-02-11 09:42:20.000,26.2.1,121.0,15.0,6798.0,6798.0,,,,3.0,,,,,,,,,,,,,,,,,
492,authomatic,authomatic/authomatic,auth,,https://github.com/authomatic/authomatic,10.0,,49.0,https://github.com/authomatic/authomatic,MIT,2013-02-07 14:13:35.000,2025-10-21 10:33:52.000000,390.0,49.0,1046.0,Simple yet powerful authorization / authentication client library for Python web applications.,18,True,,,authomatic,https://pypi.org/project/authomatic,2024-05-28 14:06:02.000,2024-05-28 14:06:02.000,1.3.0,23.0,10.0,6968.0,6968.0,,,,3.0,,,,,,,,,,,,,,,,,
493,fastapi-versioning,DeanWay/fastapi-versioning,fastapi-utils,,https://github.com/DeanWay/fastapi-versioning,16.0,,16.0,https://github.com/DeanWay/fastapi-versioning,MIT,2019-12-02 23:40:07.000,2023-07-25 14:20:52.000000,63.0,35.0,846.0,api versioning for fastapi web applications.,18,False,['fastapi'],,fastapi-versioning,https://pypi.org/project/fastapi-versioning,2021-08-24 17:06:33.000,2021-08-24 17:06:33.000,0.10.0,10.0,16.0,76801.0,76801.0,,,,3.0,,,,,,,,,,,,,,,,,
494,gazpacho,maxhumber/gazpacho,web-scraping,,https://github.com/maxhumber/gazpacho,364.0,348.0,16.0,https://github.com/maxhumber/gazpacho,MIT,2019-09-23 20:21:55.000,2023-12-07 03:03:36.000000,57.0,16.0,762.0,"The simple, fast, and modern web scraping library.",18,False,,,gazpacho,https://pypi.org/project/gazpacho,2020-10-09 12:50:18.000,2020-07-07 17:58:59.000,0.9.4,19.0,16.0,5371.0,5371.0,,,,3.0,,,,,,,,,,,,,,,,,
495,fastapi-jwt-auth,IndominusByte/fastapi-jwt-auth,auth,,https://github.com/IndominusByte/fastapi-jwt-auth,14.0,,4.0,https://github.com/IndominusByte/fastapi-jwt-auth,MIT,2020-07-23 09:40:19.000,2024-04-12 06:58:02.000000,158.0,62.0,665.0,"FastAPI extension that provides JWT Auth support (secure, easy to use, and lightweight).",18,False,['fastapi'],,fastapi-jwt-auth,https://pypi.org/project/fastapi-jwt-auth,2020-10-07 08:57:53.000,2020-11-06 11:12:33.378,0.5.0,7.0,14.0,46913.0,46913.0,,,,3.0,,,,,,,,,,,,,,,,,
496,fastapi-sqlalchemy,mfreeborn/fastapi-sqlalchemy,fastapi-utils,,https://github.com/mfreeborn/fastapi-sqlalchemy,12.0,3.0,10.0,https://github.com/mfreeborn/fastapi-sqlalchemy,MIT,2019-11-03 16:30:26.000,2024-04-09 04:47:10.000000,39.0,20.0,622.0,Adds simple SQLAlchemy support to FastAPI.,18,False,['fastapi'],,fastapi-sqlalchemy,https://pypi.org/project/fastapi-sqlalchemy,2020-09-25 16:26:29.000,2020-09-25 16:26:29.000,0.2.1,9.0,9.0,84595.0,84595.0,,,,3.0,,,,,,,,,,,,,,,,,
497,fastapi-plugins,madkote/fastapi-plugins,fastapi-utils,,https://github.com/madkote/fastapi-plugins,119.0,115.0,3.0,https://github.com/madkote/fastapi-plugins,MIT,2019-11-20 11:41:50.000,2025-07-09 21:03:39.000000,26.0,2.0,469.0,FastAPI framework plugins.,18,False,['fastapi'],,fastapi-plugins,https://pypi.org/project/fastapi-plugins,2025-07-09 21:00:09.000,2025-07-09 21:00:09.000,0.14.0,23.0,4.0,21400.0,21400.0,,,,3.0,,,,,,,,,,,,,,,,,
498,django-graphql-auth,PedroBern/django-graphql-auth,graphql,,https://github.com/PedroBern/django-graphql-auth,748.0,748.0,16.0,https://github.com/PedroBern/django-graphql-auth,MIT,2020-01-15 16:36:01.000,2023-08-14 18:47:11.000000,99.0,75.0,321.0,Django registration and authentication with GraphQL.,18,False,['django'],,django-graphql-auth,https://pypi.org/project/django-graphql-auth,2020-11-16 13:18:58.000,2020-11-16 13:18:58.000,0.3.15,37.0,,6874.0,6874.0,,,,3.0,,,,,,,,,,,,,,,,,
499,mailer,marrow/mailer,email,,https://github.com/marrow/mailer,7.0,,22.0,https://github.com/marrow/mailer,MIT,2011-03-13 05:21:26.000,2025-08-28 14:55:58.010000,60.0,20.0,283.0,"A light-weight, modular, message representation and mail delivery framework for Python.",18,True,,conda-forge/mailer,mailer,https://pypi.org/project/mailer,2015-04-22 03:10:28.000,2015-04-22 03:10:28.000,0.8.1,8.0,7.0,92745.0,94426.0,https://anaconda.org/conda-forge/mailer,2025-08-28 14:55:58.010,117682.0,3.0,,,,,,,,,,,,,,,,,
500,gabbi,cdent/gabbi,testing,,https://github.com/cdent/gabbi,12.0,,30.0,https://github.com/cdent/gabbi,Apache-2.0,2014-12-12 14:46:59.000,2026-01-16 16:16:51.000000,36.0,24.0,152.0,Declarative HTTP Testing for Python and anything else.,18,True,,,gabbi,https://pypi.org/project/gabbi,2026-01-16 15:59:05.000,2026-01-16 15:59:05.000,4.2.0,133.0,12.0,19338.0,19338.0,,,,3.0,,,,,,,,,,,,,,,,,
501,Flask-Opentracing,opentracing-contrib/python-flask,flask-utils,,https://github.com/opentracing-contrib/python-flask,573.0,550.0,16.0,https://github.com/opentracing-contrib/python-flask,BSD-3-Clause,2016-07-20 17:14:48.000,2024-02-29 21:31:57.000000,47.0,9.0,136.0,OpenTracing instrumentation for the Flask microframework.,18,False,['flask'],,Flask-Opentracing,https://pypi.org/project/Flask-Opentracing,2024-02-29 21:31:57.000,2024-02-29 21:31:57.000,2.0.0,13.0,23.0,25275.0,25275.0,,,,3.0,,,,,,,,,,,,,,,,,
502,aresponses,aresponses/aresponses,testing,,https://github.com/aresponses/aresponses,786.0,768.0,15.0,https://github.com/aresponses/aresponses,MIT,2017-09-06 08:54:59.000,2024-07-11 15:20:18.000000,19.0,5.0,107.0,Asyncio http mocking. Similar to the responses library used for requests.,18,False,,,aresponses,https://pypi.org/project/aresponses,2024-01-12 05:36:33.000,2024-01-12 05:36:33.000,3.0.0,25.0,18.0,128540.0,128540.0,,,,3.0,,,,,,,,,,,,,,,,,
503,pyramid_mailer,Pylons/pyramid_mailer,email,,https://github.com/Pylons/pyramid_mailer,28.0,,36.0,https://github.com/Pylons/pyramid_mailer,BSD-3-Clause,2011-09-26 01:17:42.000,2022-11-17 20:47:17.000000,39.0,13.0,51.0,A package for sending email from your Pyramid application.,18,False,['pyramid'],,pyramid_mailer,https://pypi.org/project/pyramid_mailer,2016-12-13 20:51:40.258,2016-12-13 20:51:40.258,0.15.1,24.0,28.0,74809.0,74809.0,,,,3.0,,,,,,,,,,,,,,,,,
504,GoAccess,allinurl/goaccess,monitoring,,https://github.com/allinurl/goaccess,24.0,24.0,188.0,https://github.com/allinurl/goaccess,MIT,2013-07-14 03:42:08.000,2026-04-23 22:31:12.000000,1177.0,443.0,20507.0,GoAccess is a real-time web log analyzer and interactive viewer that runs in a terminal in *nix systems or through..,17,True,,,,,,,,,,,,,,,3.0,,,,,,,,,,,,,,goaccess,,goaccess,
505,Photon,s0md3v/Photon,web-scraping,,https://github.com/s0md3v/Photon,,,21.0,https://github.com/s0md3v/Photon,GPL-3.0,2018-03-30 19:38:22.000,2024-08-16 05:39:15.000000,1515.0,53.0,10994.0,Incredibly fast crawler designed for OSINT.,17,False,,,photon,https://pypi.org/project/photon,2019-01-25 01:13:36.000,2018-10-21 03:39:17.000,1.1.9,18.0,,1060.0,1060.0,,,,3.0,,,,,,,,,,,,,,,,,
506,instagram-scraper,arc298/instagram-scraper,third-party-apis,,https://github.com/arc298/instagram-scraper,12.0,,54.0,https://github.com/arc298/instagram-scraper,Unlicense,2013-04-09 03:12:09.000,2024-02-20 07:37:04.000000,1364.0,420.0,6873.0,Scrapes an instagram users photos and videos.,17,False,,,instagram-scraper,https://pypi.org/project/instagram-scraper,2024-02-20 07:37:04.000,2024-02-20 07:37:04.000,66.0.3,77.0,12.0,,,,,,3.0,,,,,,,,,,,,,,,,,
507,twitter,python-twitter-tools/twitter,third-party-apis,,https://github.com/python-twitter-tools/twitter,50.0,,94.0,https://github.com/python-twitter-tools/twitter,MIT,2008-12-15 21:11:26.000,2025-02-10 18:45:41.000000,718.0,1.0,3285.0,Python Twitter API.,17,False,,,twitter,https://pypi.org/project/twitter,2022-09-19 22:46:17.662,2022-09-19 22:45:26.007,1.19.6,60.0,50.0,,,,,,3.0,-4.0,,,,,,,,,,,,,,,,
508,ucall,unum-cloud/ucall,rpc,,https://github.com/unum-cloud/ucall,64.0,63.0,14.0,https://github.com/unum-cloud/ucall,Apache-2.0,2023-01-03 10:23:50.000,2025-09-16 13:07:15.000000,54.0,14.0,1327.0,"Web Serving and Remote Procedure Calls at 50x lower latency and 70x higher bandwidth than FastAPI, implementing JSON-..",17,True,,,ucall,https://pypi.org/project/ucall,2024-04-15 06:07:54.000,2024-04-15 06:07:54.000,0.5.4,6.0,1.0,788.0,788.0,,,,3.0,,,,,,,,,,,,,,,,,
509,django-summernote,summernote/django-summernote,django-utils,,http://github.com/summernote/django-summernote,5.0,,73.0,,MIT,,2021-10-14 21:54:58.000000,226.0,,1047.0,Summernote plugin for Django.,17,False,['django'],,django-summernote,https://pypi.org/project/django-summernote,2021-10-14 21:54:58.000,2017-05-04 13:54:21.000,0.8.7,73.0,5.0,103500.0,103500.0,,,,3.0,,,,,,,,,,,,,,,,,
510,tartiflette,tartiflette/tartiflette,graphql,,https://github.com/tartiflette/tartiflette,22.0,,27.0,https://github.com/tartiflette/tartiflette,MIT,2018-01-26 09:56:10.000,2023-09-11 07:49:27.000000,35.0,20.0,859.0,GraphQL Engine built with Python 3.6+ / asyncio.,17,False,,,tartiflette,https://pypi.org/project/tartiflette,2021-11-15 11:05:00.000,2021-11-15 11:05:00.000,1.4.1,80.0,22.0,7675.0,7675.0,,,,3.0,,,,,,,,,,,,,,,,,
511,Frozen-Flask,Frozen-Flask/Frozen-Flask,flask-utils,,https://github.com/Frozen-Flask/Frozen-Flask,33.0,,30.0,https://github.com/Frozen-Flask/Frozen-Flask,,2010-12-24 14:59:29.000,2025-04-22 14:56:27.699000,76.0,13.0,796.0,Freezes a Flask application into a set of static files.,17,False,['flask'],conda-forge/frozen-flask,frozen-flask,https://pypi.org/project/frozen-flask,2024-02-09 14:32:16.000,2024-02-09 14:32:16.000,1.0.2,21.0,33.0,263706.0,266869.0,https://anaconda.org/conda-forge/frozen-flask,2025-04-22 14:56:27.699,376402.0,3.0,-4.0,,,,,,,,,,,,,,,,
512,fastapi_contrib,identixone/fastapi_contrib,fastapi-utils,,https://github.com/identixone/fastapi_contrib,13.0,,12.0,https://github.com/identixone/fastapi_contrib,MIT,2019-08-21 20:51:35.000,2022-09-12 13:55:21.000000,29.0,15.0,641.0,Opinionated set of utilities on top of FastAPI.,17,False,['fastapi'],,fastapi_contrib,https://pypi.org/project/fastapi_contrib,2021-06-03 13:49:33.000,2021-06-03 13:49:33.000,0.2.11,34.0,13.0,21446.0,21446.0,,,,3.0,,,,,,,,,,,,,,,,,
513,tornadio2,mrjoes/tornadio2,websocket,,https://github.com/mrjoes/tornadio2,210.0,210.0,15.0,https://github.com/mrjoes/tornadio2,Apache-2.0,2011-09-28 10:15:54.000,2021-12-15 13:51:02.491000,117.0,13.0,529.0,Python socket.io server implementation on top of Tornado framework.,17,False,,,tornadio2,https://pypi.org/project/tornadio2,2021-12-15 13:51:02.491,2021-12-15 13:51:02.491,0.0.1,4.0,,737.0,737.0,,,,3.0,,,,,,,,,,,,,,,,,
514,flask-mongorest,closeio/flask-mongorest,web-frameworks,,https://github.com/closeio/flask-mongorest,53.0,53.0,18.0,https://github.com/closeio/flask-mongorest,BSD-3-Clause,2012-06-12 18:40:14.000,2024-01-23 12:59:32.000000,88.0,24.0,521.0,Restful API framework wrapped around MongoEngine.,17,False,['flask'],,Flask-MongoRest,https://pypi.org/project/Flask-MongoRest,2019-08-26 10:51:10.000,2019-08-26 10:51:10.000,0.3.0,7.0,,3219.0,3219.0,,,,3.0,,,,,,,,,,,,,,,,,
515,molotov,loads/molotov,testing,,https://molotov.readthedocs.io,162.0,156.0,17.0,,Apache-2.0,,2022-10-21 18:37:01.226000,31.0,,455.0,Spiffy load testing tool.,17,False,,,molotov,https://pypi.org/project/molotov,2022-10-21 18:37:01.226,2017-03-22 08:05:08.000,0.6.2,21.0,6.0,286061.0,286061.0,,,,3.0,,,,,,,,,,,,,,,,,
516,safrs,thomaxxl/safrs,flask-utils,,https://github.com/thomaxxl/safrs,611.0,609.0,17.0,https://github.com/thomaxxl/safrs,GPL-3.0,2017-09-20 07:56:55.000,2026-03-09 09:02:56.000000,73.0,3.0,413.0,SqlAlchemy Flask-Restful Swagger Json:API OpenAPI.,17,True,"['flask', 'openapi']",,safrs,https://pypi.org/project/safrs,2026-03-09 09:02:56.000,2026-03-09 09:02:56.000,3.2.0,85.0,2.0,844.0,844.0,,,,3.0,,,,,,,,,,,,,,,,,
517,flask-jsonrpc,cenobites/flask-jsonrpc,flask-utils,,https://github.com/cenobites/flask-jsonrpc,289.0,289.0,19.0,https://github.com/cenobites/flask-jsonrpc,BSD-3-Clause,2012-12-14 18:33:24.000,2025-12-09 12:35:45.000000,62.0,1.0,295.0,Basic JSON-RPC implementation for your Flask-powered sites.,17,True,['flask'],,rpc,https://pypi.org/project/rpc,2012-04-28 13:01:16.000,2012-04-28 13:01:16.000,0.1.3,15.0,,198.0,198.0,,,,3.0,,,,,,,,,,,,,,,,,
518,flask-msearch,honmaple/flask-msearch,flask-utils,,https://github.com/honmaple/flask-msearch,618.0,618.0,4.0,https://github.com/honmaple/flask-msearch,BSD-3-Clause,2017-04-15 16:31:48.000,2024-01-16 05:07:23.000000,30.0,8.0,228.0,Full text search for flask.,17,False,['flask'],,flask-msearch,https://pypi.org/project/flask-msearch,2024-01-16 05:06:56.000,2020-05-18 15:17:04.000,0.2.9,24.0,,359.0,359.0,,,,3.0,,,,,,,,,,,,,,,,,
519,fastapi_cache,comeuplater/fastapi_cache,fastapi-utils,,https://github.com/comeuplater/fastapi_cache,363.0,359.0,7.0,https://github.com/comeuplater/fastapi_cache,MIT,2020-07-26 08:07:35.000,2021-09-30 07:18:28.000000,19.0,9.0,218.0,FastAPI simple cache.,17,False,['fastapi'],,fastapi_cache,https://pypi.org/project/fastapi_cache,2021-02-12 14:58:56.000,2021-02-12 14:58:56.000,0.1.0,6.0,4.0,6952.0,6952.0,,,,3.0,,,,,,,,,,,,,,,,,
520,flask_simplelogin,flask-extensions/flask_simplelogin,auth,,https://flask-simple-login.readthedocs.io,143.0,139.0,12.0,,MIT,,2026-05-04 12:42:07.000000,43.0,,204.0,Flask Simple Login - Login Extension for Flask.,17,True,['flask'],,flask_simplelogin,https://pypi.org/project/flask_simplelogin,2026-05-04 12:42:07.000,2026-05-04 12:42:07.000,0.3.0,14.0,4.0,23964.0,23964.0,,,,3.0,,,,,,,,,,,,,,,,,
521,django-codemod,browniebroke/django-codemod,django-utils,,https://github.com/browniebroke/django-codemod,5.0,5.0,30.0,https://github.com/browniebroke/django-codemod,MIT,2020-05-06 21:37:14.000,2026-08-20 04:44:49.000000,19.0,8.0,189.0,A tool to automatically fix Django deprecations.,17,True,['django'],,django-codemod,https://pypi.org/project/django-codemod,2026-08-07 07:43:07.000,2026-08-07 07:43:07.000,2.5.0,119.0,,3236.0,3236.0,,,,3.0,,,,,,,,,,,,,,,,,
522,pyramid_jinja2,Pylons/pyramid_jinja2,pyramid-utils,,https://github.com/Pylons/pyramid_jinja2,37.0,,52.0,https://github.com/Pylons/pyramid_jinja2,,2010-10-31 16:21:44.000,2025-09-04 12:36:02.000000,59.0,7.0,71.0,Jinja2 templating system bindings for the Pyramid web framework.,17,False,['pyramid'],anaconda/pyramid_jinja2,pyramid_jinja2,https://pypi.org/project/pyramid_jinja2,2024-02-08 06:08:17.000,2024-02-08 06:08:17.000,2.10.1,41.0,37.0,1745021.0,1745036.0,https://anaconda.org/anaconda/pyramid_jinja2,2025-04-22 15:32:19.383,1973.0,1.0,,,,,,,,,,,,,,,,,BSD-based
523,saleor,saleor/saleor,others,,https://github.com/saleor/saleor,8.0,8.0,328.0,https://github.com/saleor/saleor,BSD-3-Clause,2013-02-12 16:46:39.000,2026-01-26 19:44:12.000000,5908.0,237.0,22545.0,"Saleor Core: the high performance, composable, headless commerce API.",16,True,"['django', 'graphql']",,,,,,,,,,,,,,3.0,,,,,,,,,,,,,,,,,
524,tyk,TykTechnologies/tyk,api-proxies,,https://github.com/TykTechnologies/tyk,,,293.0,https://github.com/TykTechnologies/tyk,MPL-2.0,2014-05-07 14:38:24.000,2026-08-27 21:01:11.000000,1166.0,498.0,10807.0,"Tyk Open Source API Gateway written in Go, supporting REST, GraphQL, TCP and gRPC protocols.",16,True,,,,,,,,,,,,,,,3.0,,,,,,,,,,,,,,,,,
525,AutoScraper,alirezamika/autoscraper,web-scraping,,https://github.com/alirezamika/autoscraper,2.0,,8.0,https://github.com/alirezamika/autoscraper,MIT,2020-08-31 12:02:19.000,2024-10-08 07:54:30.000000,652.0,12.0,6223.0,"A Smart, Automatic, Fast and Lightweight Web Scraper for Python.",16,False,,,autoscraper,https://pypi.org/project/autoscraper,2022-07-17 17:20:18.601,2022-07-17 17:20:18.601,1.1.14,16.0,2.0,1767.0,1767.0,,,,3.0,,,,,,,,,,,,,,,,,
526,splash,scrapinghub/splash,testing,,https://github.com/scrapinghub/splash,2.0,,62.0,https://github.com/scrapinghub/splash,BSD-3-Clause,2013-05-20 21:20:33.000,2024-08-02 09:30:47.000000,515.0,400.0,4172.0,"Lightweight, scriptable browser as a service with an HTTP API.",16,False,,,splash,https://pypi.org/project/splash,2020-06-16 13:27:02.000,2020-01-09 19:09:29.000,3.4.1,30.0,2.0,354.0,354.0,,,,3.0,,,,,,,,,,,,,,,,,
527,instagram_private_api,ping/instagram_private_api,third-party-apis,,https://github.com/ping/instagram_private_api,9.0,,5.0,https://github.com/ping/instagram_private_api,MIT,2017-01-12 11:54:19.000,2024-05-06 07:28:46.000000,618.0,149.0,2994.0,A Python library to access Instagrams private API.,16,False,,,instagram_private_api,https://pypi.org/project/instagram_private_api,2019-05-06 11:32:26.000,,,1.0,9.0,28917.0,28917.0,,,,3.0,,,,,,,,,,,,,,,,,
528,igramscraper,realsirjoe/instagram-scraper,third-party-apis,,https://github.com/realsirjoe/instagram-scraper,2.0,,24.0,https://github.com/realsirjoe/instagram-scraper,MIT,2019-06-10 06:15:55.000,2021-09-05 10:31:32.000000,355.0,108.0,2145.0,"scrapes medias, likes, followers, tags and all metadata. Inspired by instagram-php-scraper,bot.",16,False,,,igramscraper,https://pypi.org/project/igramscraper,2020-05-25 18:11:03.000,2020-05-25 18:11:03.000,0.3.5,9.0,2.0,191.0,191.0,,,,3.0,,,,,,,,,,,,,,,,,
529,Spectacle,sourcey/spectacle,openapi-utils,,https://sourcey.com/spectacle,30.0,22.0,41.0,,MIT,,2020-03-10 02:57:20.472000,329.0,,1314.0,Generate beautiful static API documentation from OpenAPI/Swagger 2.0 specifications.,16,False,['openapi'],,,,,2020-03-10 02:57:20.472,1.1.0,61.0,,,731.0,,,,3.0,,,spectacle-docs,https://www.npmjs.com/package/spectacle-docs,2020-03-10 02:57:20.472,8.0,731.0,,,,,,,,,,
530,django-admin2,jazzband/django-admin2,admin-ui,,https://github.com/jazzband/django-admin2,30.0,30.0,50.0,https://github.com/jazzband/django-admin2,BSD-3-Clause,2013-05-14 12:11:48.000,2022-08-02 11:47:22.000000,147.0,43.0,1186.0,"Extendable, adaptable rewrite of django.contrib.admin.",16,False,['django'],,django-admin2,https://pypi.org/project/django-admin2,2018-10-22 22:22:05.390,2018-10-22 22:22:05.390,0.7.1,7.0,,61.0,61.0,,,,3.0,,,,,,,,,,,,,,,,,
531,Lassie,michaelhelmick/lassie,web-scraping,,https://github.com/michaelhelmick/lassie,52.0,49.0,15.0,https://github.com/michaelhelmick/lassie,MIT,2013-07-30 20:41:39.000,2022-07-30 23:22:33.000000,49.0,12.0,609.0,Web Content Retrieval for Humans.,16,False,,,lassie,https://pypi.org/project/lassie,2021-08-20 14:34:18.000,2021-08-20 14:34:18.000,0.11.11,38.0,3.0,1069.0,1069.0,,,,3.0,,,,,,,,,,,,,,,,,
532,pyscript,pyscript/pyscript,web-ui,,https://github.com/pyscript/pyscript,,,127.0,https://github.com/pyscript/pyscript,Apache-2.0,2022-02-21 04:55:20.000,2026-07-13 11:20:39.000000,1474.0,21.0,18692.0,An open source platform for Python in the browser. https://pyscript.net Docs: https://docs.pyscript.net/ Try it:..,15,True,,,,,,,,,,,,,,,3.0,,,,,,,,,,,,,,,,,
533,InstaPy,timgrossmann/InstaPy,third-party-apis,,https://github.com/timgrossmann/InstaPy,,,,,GPL-3.0,,2022-01-19 04:05:04.000000,3837.0,,17454.0,Tool for automated Instagram interactions.,15,False,,,instapy,https://pypi.org/project/instapy,2022-01-19 04:05:04.000,2022-01-19 04:05:04.000,0.6.16,52.0,,1781.0,1781.0,,,,3.0,,,,,,,,,,,,,,,,,
534,toapi,gaojiuli/toapi,others,,https://github.com/gaojiuli/toapi,21.0,21.0,12.0,,MIT,,2026-05-22 08:44:43.000000,238.0,,3549.0,Every web site provides APIs.,15,True,,,toapi,https://pypi.org/project/toapi,2026-05-22 08:44:43.000,2026-05-22 08:44:43.000,2.2.4,45.0,,99.0,99.0,,,,3.0,,,,,,,,,,,,,,,,,
535,yandex-tank,yandex/yandex-tank,testing,,https://github.com/yandex/yandex-tank,,,119.0,https://github.com/yandex/yandex-tank,LGPL-2.0,2012-07-23 11:05:58.000,2025-07-29 08:23:07.000000,284.0,83.0,2527.0,Load and performance benchmark tool.,15,False,,,yandextank,https://pypi.org/project/yandextank,2024-12-19 07:38:35.000,2024-12-19 07:38:35.000,2.0.12,51.0,,310.0,310.0,,,,3.0,,,,,,,,,,,,,,,,,
536,snallygaster,hannob/snallygaster,web-scraping,,https://github.com/hannob/snallygaster,8.0,8.0,17.0,https://github.com/hannob/snallygaster,0BSD,2018-04-10 12:01:16.000,2025-10-08 15:47:39.000000,231.0,12.0,2089.0,Tool to scan for secret files on HTTP servers.,15,False,,,snallygaster,https://pypi.org/project/snallygaster,2025-10-08 15:47:39.000,2025-10-08 15:47:39.000,0.0.15,15.0,,685.0,685.0,,,,3.0,,,,,,,,,,,,,,,,,
537,justpy,elimintz/justpy,web-frameworks,,https://justpy.io/,551.0,544.0,19.0,,,,2023-09-20 13:07:43.000000,96.0,,1275.0,An object oriented high-level Python Web Framework that requires no frontend programming.,15,False,,,justpy,https://pypi.org/project/justpy,2023-09-20 13:07:43.000,2023-09-20 13:07:43.000,0.14.0,75.0,7.0,1159.0,1159.0,,,,3.0,,,,,,,,,,,,,,,,,
538,libextract,datalib/libextract,others,,https://github.com/datalib/libextract,22.0,22.0,3.0,https://github.com/datalib/libextract,MIT,2015-04-06 08:27:32.000,2020-10-02 11:31:24.000000,41.0,2.0,505.0,Extract data from websites using basic statistical magic.,15,False,,,libextract,https://pypi.org/project/libextract,2015-06-28 22:20:05.000,2015-06-28 22:20:05.000,0.0.12,4.0,,196.0,196.0,,,,3.0,,,,,,,,,,,,,,,,,
539,flama,perdy/flama,web-frameworks,,https://flama.dev,17.0,16.0,11.0,,Apache-2.0,,2026-07-31 05:46:09.000000,17.0,,295.0,Fire up your models with the flame.,15,True,,,flama,https://pypi.org/project/flama,2026-07-31 05:46:09.000,2026-07-31 05:46:09.000,2.1.0,67.0,1.0,4419.0,4419.0,,,,3.0,,,,,,,,,,,,,,,,,
540,opengraph,erikriver/opengraph,web-scraping,,https://github.com/erikriver/opengraph,113.0,111.0,8.0,https://github.com/erikriver/opengraph,MIT,2011-06-17 08:11:10.000,2021-12-26 03:18:57.000000,83.0,23.0,235.0,A python module to parse the Open Graph Protocol.,15,False,,,opengraph,https://pypi.org/project/opengraph,2012-05-25 23:25:52.000,,,3.0,2.0,1000.0,1000.0,,,,3.0,,,,,,,,,,,,,,,,,
541,lambdarest,sloev/python-lambdarest,serverless,,https://github.com/sloev/python-lambdarest,14.0,14.0,23.0,https://github.com/sloev/python-lambdarest,MIT,2017-02-07 15:30:04.000,2023-03-08 21:03:10.000000,24.0,1.0,93.0,Flask like web framework for AWS Lambda.,15,False,,,lambdarest,https://pypi.org/project/lambdarest,2023-03-08 12:15:00.843,2023-03-08 12:15:00.843,13.0.3,53.0,,327.0,327.0,,,,3.0,,,,,,,,,,,,,,,,,
542,healthchecks,healthchecks/healthchecks,others,,https://github.com/healthchecks/healthchecks,1.0,1.0,104.0,https://github.com/healthchecks/healthchecks,BSD-3-Clause,2015-06-25 18:38:33.000,2026-07-31 14:28:36.000000,994.0,55.0,10201.0,"Open-source cron job and background task monitoring service, written in Python & Django.",14,True,,,,,,,,,,,,,,,3.0,,,,,,,,,,,,,,,,,
543,maltrail,stamparm/maltrail,others,,https://github.com/stamparm/maltrail,23.0,23.0,24.0,https://github.com/stamparm/maltrail,MIT,2014-12-04 21:33:46.000,2024-10-31 23:11:05.000000,1078.0,76.0,6492.0,Malicious traffic detection system.,14,False,,,,,,,,,,,,,,,3.0,,,,,,,,,,,,,,,,,
544,cabot,arachnys/cabot,others,,https://github.com/arachnys/cabot,15.0,15.0,71.0,https://github.com/arachnys/cabot,MIT,2014-01-06 17:48:59.000,2023-09-10 09:23:26.000000,582.0,167.0,5669.0,"Self-hosted, easily-deployable monitoring and alerts service - like a lightweight PagerDuty.",14,False,,,,,,,,,,,,,,,3.0,,,,,,,,,,,,,,,,,
545,nginx-ui,schenkd/nginx-ui,admin-ui,,https://github.com/schenkd/nginx-ui,,,4.0,https://github.com/schenkd/nginx-ui,MIT,2020-05-30 08:31:03.000,2024-05-26 05:34:56.000000,274.0,24.0,4473.0,Nginx UI allows you to access and modify the nginx configurations files without cli.,14,False,,,,,,,,,,,7284.0,,,,3.0,,,,,,,,,schenkd/nginx-ui,https://hub.docker.com/r/schenkd/nginx-ui,2020-06-25 16:45:27.170206,14.0,546361.0,,,,
546,flask_jsondash,christabor/flask_jsondash,flask-utils,,https://github.com/christabor/flask_jsondash,2.0,2.0,7.0,https://github.com/christabor/flask_jsondash,MIT,2016-02-18 04:34:48.000,2022-07-08 00:23:11.000000,294.0,50.0,3252.0,Build complex dashboards without any front-end code. Use your own endpoints. JSON config only. Ready to go.,14,False,['flask'],,flask_jsondash,https://pypi.org/project/flask_jsondash,2017-06-13 18:53:34.000,2017-06-13 18:53:34.000,6.2.3,11.0,,57.0,57.0,,,,3.0,,,,,,,,,,,,,,,,,
547,Misago,rafalp/Misago,web-ui,,https://github.com/rafalp/Misago,53.0,53.0,49.0,https://github.com/rafalp/Misago,GPL-2.0,2012-06-22 14:24:02.000,2024-04-13 12:10:32.000000,522.0,118.0,2472.0,"Misago is fully featured modern forum application that is fast, scalable and responsive.",14,False,,,,,,,,,,,,,,,3.0,,,,,,,,,,,,,,,,,
548,Cola,qinxuye/cola,web-scraping,,https://github.com/qinxuye/cola,,,4.0,https://github.com/qinxuye/cola,Apache-2.0,2013-05-15 06:41:01.000,2022-07-31 00:13:43.000000,529.0,16.0,1505.0,A high-level distributed crawling framework.,14,False,,,cola,https://pypi.org/project/cola,2016-03-31 04:19:26.000,2016-03-31 04:19:26.000,0.1.0,3.0,,56.0,56.0,,,,3.0,,,,,,,,,,,,,,,,,
549,python-lambda,nficano/python-lambda,serverless,,https://github.com/nficano/python-lambda,,,48.0,https://github.com/nficano/python-lambda,ISC,2016-02-26 03:21:06.000,2023-06-28 11:38:10.000000,227.0,65.0,1501.0,A toolkit for developing and deploying serverless Python code in AWS Lambda.,14,False,,,python-lambda,https://pypi.org/project/python-lambda,2021-01-05 04:42:47.000,2021-01-05 04:42:47.000,11.8.0,49.0,,,,,,,3.0,-3.0,,,,,,,,,,,,,,,,
550,merchant,agiliq/merchant,django-utils,,https://github.com/agiliq/merchant,34.0,34.0,49.0,https://github.com/agiliq/merchant,BSD-3-Clause,2010-09-29 11:30:58.000,2022-07-08 19:12:50.000000,171.0,32.0,1024.0,A Django app to accept payments from various payment processors via Pluggable backends.,14,False,['django'],,django-merchant,https://pypi.org/project/django-merchant,2013-12-02 07:13:21.000,,,9.0,,20.0,20.0,,,,3.0,,,,,,,,,,,,,,,,,
551,golem,golemhq/golem,testing,,https://github.com/golemhq/golem,8.0,7.0,21.0,https://github.com/golemhq/golem,MIT,2016-01-11 19:43:42.000,2022-02-07 13:15:15.000000,75.0,16.0,486.0,A complete test automation tool.,14,False,,,golem-framework,https://pypi.org/project/golem-framework,2021-07-30 15:31:26.000,2021-07-30 15:31:26.000,0.10.1,36.0,1.0,49.0,49.0,,,,3.0,,,,,,,,,,,,,,,,,
552,flask2postman,numberly/flask2postman,flask-utils,,https://github.com/numberly/flask2postman,28.0,28.0,5.0,https://github.com/numberly/flask2postman,MIT,2015-08-28 11:12:41.000,2022-09-15 20:25:29.000000,18.0,5.0,146.0,Generate a Postman collection from your Flask application.,14,False,['flask'],,flask2postman,https://pypi.org/project/flask2postman,2020-01-16 15:13:52.000,2020-01-16 15:13:52.000,1.4.4,18.0,,6122.0,6122.0,,,,3.0,,,,,,,,,,,,,,,,,
553,pyramid_celery,sontek/pyramid_celery,pyramid-utils,,https://github.com/sontek/pyramid_celery,2.0,,25.0,https://github.com/sontek/pyramid_celery,MIT,2011-11-05 09:07:26.000,2024-07-23 05:36:00.000000,66.0,20.0,106.0,Pyramid configuration with celery integration. Allows you to use pyramid .ini files to configure celery and have your..,14,False,['pyramid'],,pyramid_celery,https://pypi.org/project/pyramid_celery,2021-02-24 02:34:47.000,2021-02-24 02:34:47.000,4.0.0,11.0,2.0,7710.0,7710.0,,,,3.0,,,,,,,,,,,,,,,,,
554,tartiflette-asgi,tartiflette/tartiflette-asgi,graphql,,https://github.com/tartiflette/tartiflette-asgi,23.0,23.0,15.0,https://github.com/tartiflette/tartiflette-asgi,MIT,2019-04-19 19:38:45.000,2023-06-26 07:57:25.000000,16.0,14.0,99.0,ASGI support for the Tartiflette GraphQL engine.,14,False,['graphql'],,tartiflette-asgi,https://pypi.org/project/tartiflette-asgi,2022-05-20 21:20:14.000,2022-05-20 21:20:14.000,0.12.0,7.0,,1184.0,1184.0,,,,3.0,,,,,,,,,,,,,,,,,
555,apex,cd34/apex,auth,,https://github.com/cd34/apex,24.0,,20.0,https://github.com/cd34/apex,MIT,2011-07-17 20:20:49.000,2022-09-17 20:58:19.000000,28.0,9.0,96.0,"Toolkit for Pyramid, a Pylons Project, to add Authentication and Authorization using Velruse (OAuth) and/or a local..",14,False,['pyramid'],,apex,https://pypi.org/project/apex,2021-12-15 14:18:14.200,,,5.0,24.0,6580.0,6580.0,,,,3.0,,,,,,,,,,,,,,,,,
556,pyramid_services,mmerickel/pyramid_services,pyramid-utils,,https://github.com/mmerickel/pyramid_services,9.0,,8.0,https://github.com/mmerickel/pyramid_services,MIT,2015-02-14 06:44:36.000,2024-08-29 22:51:06.000000,11.0,,81.0,A service layer for pyramid.,14,False,['pyramid'],,pyramid_services,https://pypi.org/project/pyramid_services,2019-04-22 16:43:41.941,2019-04-22 16:43:41.562,0.1.1,9.0,9.0,43263.0,43263.0,,,,3.0,,,,,,,,,,,,,,,,,
557,Flask-GraphQL-Auth,NovemberOscar/Flask-GraphQL-Auth,graphql,,https://github.com/NovemberOscar/Flask-GraphQL-Auth,337.0,337.0,7.0,,MIT,,2021-04-19 04:19:08.000000,13.0,,63.0,JWT library for Flask-GraphQL.,14,False,['flask'],,flask-graphql-auth,https://pypi.org/project/flask-graphql-auth,2021-04-19 04:19:08.000,2021-04-19 04:19:08.000,1.3.3,14.0,,3762.0,3762.0,,,,3.0,,,,,,,,,,,,,,,,,
558,tartiflette-aiohttp,tartiflette/tartiflette-aiohttp,graphql,,https://github.com/tartiflette/tartiflette-aiohttp,61.0,57.0,11.0,https://github.com/tartiflette/tartiflette-aiohttp,MIT,2018-11-07 05:16:40.000,2023-11-12 23:04:30.000000,11.0,16.0,62.0,"tartiflette-aiohttp is a wrapper of aiohttp which includes the Tartiflette GraphQL Engine, do not hesitate to take a..",14,False,,,tartiflette-aiohttp,https://pypi.org/project/tartiflette-aiohttp,2021-11-15 10:02:16.000,2021-11-15 10:02:16.000,1.4.1,31.0,4.0,987.0,987.0,,,,3.0,,,,,,,,,,,,,,,,,
559,gain,gaojiuli/gain,web-scraping,,https://github.com/elliotgao2/gain,2.0,,,,MIT,,2026-05-22 08:42:59.000000,205.0,,2020.0,Async web crawling framework for everyone.,13,True,,,gain,https://pypi.org/project/gain,2026-05-22 08:42:59.000,2026-05-22 08:42:59.000,1.0.1,7.0,2.0,134.0,134.0,,,,3.0,,,,,,,,,,,,,,,,,
560,fastapi-mvc,rszamszur/fastapi-mvc,fastapi-utils,,https://fastapi-mvc.github.io/fastapi-mvc/,18.0,18.0,7.0,,MIT,,2026-02-11 19:07:12.000000,59.0,,800.0,Developer productivity tool for making high-quality FastAPI production-ready APIs.,13,True,['fastapi'],,fastapi-mvc,https://pypi.org/project/fastapi-mvc,2026-02-11 19:07:12.000,2023-07-09 13:02:23.676,0.28.1,35.0,,254.0,254.0,,,,3.0,,,,,,,,,,,,,,,,,
561,flask-state,yoobool/flask-state,monitoring,,https://github.com/yoobool/flask-state,3.0,3.0,9.0,https://github.com/yoobool/flask-state,BSD-3-Clause,2020-08-25 02:27:29.000,2021-12-15 18:07:56.000000,51.0,5.0,607.0,Display machine state using Python3 with Flask.,13,False,['flask'],,Flask-State,https://pypi.org/project/Flask-State,2021-06-18 07:47:50.000,2021-06-18 07:47:50.000,1.1.4,16.0,,69.0,69.0,,,,3.0,,,,,,,,,,,,,,,,,
562,Kotti,Kotti/Kotti,cms,,https://github.com/Kotti/Kotti,234.0,234.0,66.0,https://github.com/Kotti/Kotti,BSD,2011-01-28 15:42:02.000,2024-10-29 14:42:07.000000,117.0,51.0,412.0,"Kotti is a high-level, Pythonic web application framework based on Pyramid and SQLAlchemy. It includes an extensible..",13,False,,,,,,,,,,,,,,,3.0,,,,,,,,,,,,,,,,,
563,flask-file-upload,joegasewicz/flask-file-upload,flask-utils,,https://github.com/joegasewicz/flask-file-upload,97.0,97.0,7.0,https://github.com/joegasewicz/flask-file-upload,MIT,2019-12-13 11:26:42.000,2021-12-07 13:25:50.000000,13.0,13.0,134.0,Easy file uploads for Flask.,13,False,['flask'],,flask-file-upload,https://pypi.org/project/flask-file-upload,2021-12-07 13:25:50.000,2021-12-07 13:25:50.000,0.2.1,25.0,,99.0,99.0,,,,3.0,,,,,,,,,,,,,,,,,
564,pyramid_jwt,wichert/pyramid_jwt,auth,,https://github.com/wichert/pyramid_jwt,,,12.0,https://github.com/wichert/pyramid_jwt,BSD-2-Clause,2015-12-16 14:33:49.000,2024-11-25 20:05:06.000000,31.0,23.0,75.0,JWT authentication for Pyramid.,13,False,['pyramid'],,pyramid_jwt,https://pypi.org/project/pyramid_jwt,2021-02-20 11:34:46.712,2021-02-20 11:34:46.712,1.6.1,10.0,,7166.0,7166.0,,,,3.0,,,,,,,,,,,,,,,,,
565,pyramid_swagger,striglia/pyramid_swagger,openapi-utils,,https://github.com/striglia/pyramid_swagger,,,43.0,,BSD-3-Clause,,2024-05-08 20:50:15.000000,46.0,,62.0,Swagger tools for use in pyramid webapps.,13,False,['pyramid'],,pyramid_swagger,https://pypi.org/project/pyramid_swagger,2024-05-08 20:50:15.000,2024-05-08 20:50:15.000,2.9.0,29.0,,14467.0,14467.0,,,,3.0,,,,,,,,,,,,,,,,,
566,GHunt,mxrch/GHunt,third-party-apis,,https://github.com/mxrch/GHunt,,,37.0,https://github.com/mxrch/GHunt,,2020-10-02 11:26:03.000,2026-03-14 19:12:47.000000,1595.0,78.0,18528.0,Offensive Google framework.,12,False,,,,,,,,,,,,,,,3.0,,,,,,,,,,,,,,,,,
567,cookiecutter-flask,cookiecutter-flask/cookiecutter-flask,flask-utils,,https://github.com/cookiecutter-flask/cookiecutter-flask,,,78.0,https://github.com/cookiecutter-flask/cookiecutter-flask,MIT,2013-08-16 07:27:55.000,2024-02-22 03:06:30.000000,750.0,10.0,4491.0,"A flask template with Bootstrap, asset bundling+minification with webpack, starter templates, and..",12,False,['flask'],,,,,,,,,,,,,,3.0,,,,,,,,,,,,,,,,,
568,huxley,facebookarchive/huxley,testing,,https://github.com/facebookarchive/huxley,,,7.0,https://github.com/facebookarchive/huxley,Apache-2.0,2013-07-30 06:01:12.000,2021-09-07 23:22:47.000000,281.0,41.0,4059.0,A testing system for catching visual regressions in Web applications.,12,False,,,huxley,https://pypi.org/project/huxley,2014-03-27 18:23:28.000,,,5.0,,17.0,17.0,,,,3.0,,,,,,,,,,,,,,,,,
569,web2py,web2py/web2py,web-frameworks,,https://github.com/web2py/web2py,,,280.0,https://github.com/web2py/web2py,LGPL-3.0,2008-11-07 06:08:58.000,2025-09-01 17:32:42.000000,908.0,369.0,2153.0,Free and open source full-stack enterprise framework for agile development of secure database-driven web-based..,12,True,,,,,,,,,,,,,,,3.0,,,,,,,,,,,,,,,,,
570,Growler,pyGrowler/Growler,web-frameworks,,https://github.com/pyGrowler/Growler,,,5.0,https://github.com/pyGrowler/Growler,Apache-2.0,2014-10-22 02:11:12.000,2020-03-08 07:53:32.000000,21.0,5.0,688.0,A micro web-framework using asyncio coroutines and chained middleware.,12,False,,,growler,https://pypi.org/project/growler,2016-10-16 15:29:10.000,2016-10-16 15:29:10.000,0.8.0,10.0,,79.0,79.0,,,,3.0,,,,,,,,,,,,,,,,,
571,salmon,moggers87/salmon,email,,https://github.com/moggers87/salmon,1.0,,11.0,https://github.com/moggers87/salmon,GPL-3.0,2013-05-07 11:29:42.000,2024-08-09 17:49:09.000000,69.0,20.0,644.0,A Python Mail Server.,12,False,,,salmon-mail,https://pypi.org/project/salmon-mail,2024-08-09 17:49:09.000,2024-08-09 17:49:09.000,3.3.0,15.0,1.0,241.0,241.0,,,,3.0,,,,,,,,,,,,,,,,,
572,tinkerer,vladris/tinkerer,others,,https://github.com/vladris/tinkerer,,,39.0,https://github.com/vladris/tinkerer,BSD-2-Clause-FreeBSD,2013-05-18 10:18:28.000,2022-10-09 23:59:25.000000,78.0,24.0,304.0,Python blogging engine.,12,False,,,tinkerer,https://pypi.org/project/tinkerer,2021-12-15 13:47:04.512,2019-12-06 00:18:53.000,1.7.2,24.0,,58.0,58.0,,,,3.0,,,,,,,,,,,,,,,,,
573,Astra,flipkart-incubator/Astra,testing,,https://github.com/flipkart-incubator/Astra,,,13.0,https://github.com/flipkart-incubator/Astra,Apache-2.0,2018-01-10 11:56:11.000,2024-06-05 17:35:29.000000,413.0,68.0,2612.0,Automated Security Testing For REST APIs.,11,False,,,,,,,,,,,,,,,3.0,,,,,,,,,,,,,,,,,
574,fastapi-react,Buuntu/fastapi-react,fastapi-utils,,https://github.com/Buuntu/fastapi-react,,,13.0,https://github.com/Buuntu/fastapi-react,MIT,2020-03-21 19:48:47.000,2023-10-06 23:46:17.000000,336.0,44.0,2119.0,"Cookiecutter Template for FastAPI + React Projects. Using PostgreSQL, SQLAlchemy, and Docker.",11,False,['fastapi'],,,,,,,,,,,,,,3.0,,,,,,,,,,,,,,,,,
575,lazynlp,chiphuyen/lazynlp,web-scraping,,https://github.com/chiphuyen/lazynlp,,,7.0,https://github.com/chiphuyen/lazynlp,MIT,2019-02-27 23:23:19.000,2020-11-11 12:16:30.000000,287.0,7.0,1909.0,Library to scrape and clean web pages to create massive datasets.,11,False,,,,,,,,,,,,,,,3.0,,,,,,,,,,,,,,,,,
576,Scrapera,DarshanDeshpande/Scrapera,web-scraping,,https://github.com/DarshanDeshpande/Scrapera,2.0,2.0,4.0,https://github.com/DarshanDeshpande/Scrapera,MIT,2021-01-23 11:55:03.000,2021-02-21 13:19:48.000000,10.0,2.0,253.0,A universal package of scraper scripts for humans.,11,False,,,scrapera,https://pypi.org/project/scrapera,2021-02-07 18:22:49.000,2021-02-07 18:22:49.000,1.1.3,19.0,,28.0,28.0,,,,3.0,,,,,,,,,,,,,,,,,
577,view.py,ZeroIntensity/view.py,web-frameworks,,https://github.com/ZeroIntensity/view.py,,,13.0,https://github.com/ZeroIntensity/view.py,MIT,2023-03-03 17:06:09.000,2026-05-17 18:21:48.000000,16.0,,213.0,The Batteries-Detachable Web Framework.,11,True,,,view.py,https://pypi.org/project/view.py,2024-05-26 19:36:56.000,,,8.0,,579.0,579.0,,,,3.0,,,,,,,,,,,,,,,,,
578,Transistor,bomquote/transistor,web-scraping,,https://github.com/bomquote/transistor,,,2.0,https://github.com/bomquote/transistor,MIT,2018-11-12 15:25:51.000,2024-02-27 17:43:18.000000,23.0,216.0,211.0,"Transistor, a Python web scraping framework for intelligent use cases.",11,False,,,transistor,https://pypi.org/project/transistor,2020-08-03 20:12:39.000,2020-08-03 20:12:39.000,0.2.4,7.0,,27.0,27.0,,,,3.0,,,,,,,,,,,,,,,,,
579,timing-asgi,steinnes/timing-asgi,monitoring,,https://github.com/steinnes/timing-asgi,191.0,191.0,7.0,https://github.com/steinnes/timing-asgi,MIT,2019-02-05 23:53:18.000,2026-02-17 09:27:19.000000,12.0,3.0,129.0,ASGI middleware to record and emit timing metrics (to something like statsd).,11,True,,,,,,,,,,,,,,,3.0,,,,,,,,,,,,,,,,,
580,IP2Trace,ip2location/ip2trace-python,others,,https://github.com/ip2location/ip2trace-python,5.0,5.0,2.0,https://github.com/ip2location/ip2trace-python,MIT,2021-01-15 07:49:23.000,2025-12-31 01:44:03.000000,19.0,,43.0,"Python tool to traceroute with IP geolocation information, such as country, region, city, isp and many more.",11,False,,,IP2Trace,https://pypi.org/project/IP2Trace,2024-10-04 05:12:31.000,2024-10-04 05:12:31.000,3.2.2,18.0,,44.0,44.0,,,,3.0,,,,,,,,,,,,,,,,,
581,django-schedule,thauber/django-schedule,django-utils,,https://github.com/thauber/django-schedule,,,17.0,https://github.com/thauber/django-schedule,BSD-3-Clause,2009-04-02 02:56:42.000,2019-12-29 09:27:39.000000,290.0,24.0,802.0,"A calendaring app for Django. It is now stable, Please feel free to use it now. Active development has been taken over..",10,False,['django'],,django-schedule-frinat,https://pypi.org/project/django-schedule-frinat,2014-02-24 14:31:35.000,,,1.0,,16.0,16.0,,,,3.0,,,,,,,,,,,,,,,,,BSD-3-Clause
582,fastapi-lazy,yezz123/fastapi-lazy,fastapi-utils,,https://github.com/yezz123/fastapi-lazy,,,2.0,,MIT,,2021-11-21 11:00:44.000000,11.0,,198.0,Utilities that you use in various projects made in FastAPI.,10,False,['fastapi'],,fastapi-lazy,https://pypi.org/project/fastapi-lazy,2021-11-21 11:00:44.000,2021-11-21 11:00:44.000,1.2.6,9.0,,7.0,7.0,,,,3.0,,,,,,,,,,,,,,,,,
583,iploop-sdk,Iploop/proxyclaw,web-scraping,,https://github.com/Iploop/proxyclaw,3.0,,3.0,https://github.com/Iploop/proxyclaw,MIT,2026-02-19 09:31:05.240,2026-04-30 16:43:26.000000,,,,"Residential proxy SDK with 66 site presets and built-in anti-detection (TLS fingerprinting, Chrome headers). 2M+ IPs,..",10,True,,,iploop-sdk,https://pypi.org/project/iploop-sdk,2026-04-30 16:43:26.000,2026-03-29 13:31:43.000,1.8.0,7.0,3.0,55.0,55.0,,,,3.0,,,,,,,,,,,,,,,,,
584,fastapi-permissions,holgi/fastapi-permissions,auth,,https://github.com/holgi/fastapi-permissions,,,1.0,https://github.com/holgi/fastapi-permissions,THE BEER-WARE LICENSE,2019-07-19 22:36:43.000,2020-10-05 14:18:40.000000,9.0,1.0,83.0,row level security for FastAPI framework.,9,False,['fastapi'],,fastapi-permissions,https://pypi.org/project/fastapi-permissions,2020-10-05 14:18:40.000,2020-10-05 14:18:40.000,0.2.7,10.0,,,,,,,3.0,-2.0,,,,,,,,,,,,,,,,
585,fastapi_client,dmontagu/fastapi_client,fastapi-utils,,https://github.com/dmontagu/fastapi_client,404.0,404.0,8.0,https://github.com/dmontagu/fastapi_client,,2019-08-03 10:35:23.000,2019-11-11 14:38:52.000000,2.0,3.0,37.0,FastAPI client generator.,8,False,['fastapi'],,,,,,,,,,,,,,3.0,,,,,,,,,,,,,,,,,
