,name,github_id,category,resource,homepage,dependent_project_count,github_dependent_project_count,contributor_count,github_url,license,created_at,updated_at,fork_count,open_issue_count,star_count,description,projectrank,show,labels,conda_id,pypi_id,pypi_url,pypi_latest_release_published_at,latest_stable_release_published_at,latest_stable_release_number,release_count,pypi_dependent_project_count,pypi_monthly_downloads,monthly_downloads,conda_url,conda_latest_release_published_at,conda_total_downloads,projectrank_placing,last_commit_pushed_at,commit_count,watchers_count,pr_count,closed_issue_count,trending,maven_id,npm_id,npm_url,npm_latest_release_published_at,npm_dependent_project_count,npm_monthly_downloads,maven_url,updated_github_id,dockerhub_id,dockerhub_url,dockerhub_latest_release_published_at,dockerhub_stars,dockerhub_pulls,brew_id,conda_dependent_project_count,licenses,apt_id,github_release_downloads
0,Public APIs,public-apis/public-apis,third-party-apis,True,https://github.com/public-apis/public-apis,2.0,2.0,1834.0,https://github.com/public-apis/public-apis,MIT,2016-03-20 23:49:42.000,2024-10-31 19:50:02.000,33937.0,388.0,318787.0,A collective list of free APIs.,0,True,,,,,,,,,,,,,,,,,,,,,,,,,,,,,,,,,,,,,,,
1,OpenAPI-Specification,OAI/OpenAPI-Specification,openapi-utils,True,https://github.com/OAI/OpenAPI-Specification,24.0,24.0,256.0,https://github.com/OAI/OpenAPI-Specification,Apache-2.0,2014-03-03 16:53:36.000,2024-10-12 23:43:49.000,9067.0,201.0,28919.0,The OpenAPI Specification Repository.,0,True,['openapi'],,,,,,,,,,,,,,,,,,,,,,,,,,,,,,,,,,,,,,
2,GraphQL Specification,graphql/graphql-spec,graphql,True,https://github.com/graphql/graphql-spec,,,140.0,https://github.com/graphql/graphql-spec,,2015-07-01 01:26:56.000,2026-03-21 21:45:40.000,1148.0,193.0,14754.0,GraphQL is a query language and execution engine tied to any backend service.,0,True,,,,,,,,,,,,,,,,,,,,,,,,,,,,,,,,,,,,,,,
3,best-of-ml-python - DB Clients,ml-tooling/best-of-ml-python,third-party-apis,True,https://github.com/ml-tooling/best-of-ml-python,,,57.0,https://github.com/ml-tooling/best-of-ml-python,CC-BY-SA-4.0,2020-11-29 19:41:36.000,2024-10-03 18:53:57.000,2360.0,27.0,16330.0,Collection of python database client libraries.,0,True,,,,,,,,,,,,,,,,,,,,,,,,,,,,,,,,,,,,,,,
4,django,django/django,web-frameworks,,https://github.com/django/django,2059907.0,2035696.0,3502.0,https://github.com/django/django,BSD-3-Clause,2012-04-28 02:47:18.000,2026-09-02 17:20:39.000,34217.0,480.0,89565.0,The Web framework for perfectionists with deadlines.,40,True,['django'],conda-forge/django,django,https://pypi.org/project/django,2026-09-02 17:20:39.000,2026-09-02 17:20:39.000,6.1.1,442.0,24211.0,40323124.0,40377719.0,https://anaconda.org/conda-forge/django,2026-08-24 12:28:58.844,4094674.0,1.0,,,,,,,,,,,,,,,,,,,,,,,,
5,requests,psf/requests,http-clients,,https://github.com/psf/requests,4553333.0,4382988.0,795.0,https://github.com/psf/requests,Apache-2.0,2011-02-13 18:38:17.000,2026-09-07 16:54:39.000,10269.0,239.0,54318.0,"A simple, yet elegant, HTTP library.",39,True,,conda-forge/requests,requests,https://pypi.org/project/requests,2026-05-14 19:25:26.000,2026-05-14 19:25:26.000,2.34.2,163.0,170345.0,1164133130.0,1165410929.0,https://anaconda.org/conda-forge/requests,2026-05-15 13:18:42.657,95834973.0,1.0,,,,,,,,,,,,,,,,,,,,,,,,
6,fastapi,tiangolo/fastapi,web-frameworks,,https://github.com/fastapi/fastapi,968471.0,933584.0,906.0,,MIT,2020-05-17 19:24:49.206,2026-07-30 01:05:35.247,9707.0,,101017.0,"FastAPI framework, high performance, easy to learn, fast to code, ready for production.",38,True,"['fastapi', 'openapi']",conda-forge/fastapi,fastapi,https://pypi.org/project/fastapi,2026-07-29 17:18:04.000,2026-07-29 17:18:04.000,0.141.1,317.0,34887.0,354596331.0,354678252.0,https://anaconda.org/conda-forge/fastapi,2026-07-30 01:05:35.247,6226009.0,1.0,,,,,,,,,,,,,,,,,,,,,,,,
7,flask,pallets/flask,web-frameworks,,https://github.com/pallets/flask,2782366.0,2763727.0,864.0,https://github.com/pallets/flask,BSD-3-Clause,2010-04-06 11:11:59.000,2026-04-09 04:04:09.000,16817.0,3.0,71451.0,The Python micro framework for building web applications.,37,True,['flask'],conda-forge/flask,flask,https://pypi.org/project/flask,2026-02-19 05:00:56.000,2026-02-19 05:00:56.000,3.1.3,64.0,18639.0,129736130.0,129964189.0,https://anaconda.org/conda-forge/flask,2026-02-19 08:21:51.563,14595833.0,1.0,,,,,,,,,,,,,,,,,,,,,,,,
8,selenium,SeleniumHQ/selenium,testing,,https://github.com/SeleniumHQ/selenium,479213.0,471113.0,949.0,https://github.com/SeleniumHQ/selenium,Apache-2.0,2013-01-14 21:40:56.000,2026-09-18 07:40:50.000,8718.0,186.0,34497.0,A browser automation framework and ecosystem.,37,True,,conda-forge/selenium,selenium,https://pypi.org/project/selenium,2026-09-09 15:30:18.000,2026-09-09 15:30:18.000,4.49.0,234.0,8100.0,27680252.0,27727162.0,https://anaconda.org/conda-forge/selenium,2026-09-09 21:43:03.860,3377577.0,1.0,,,,,,,,,,,,,,,,,,,,,,,,
9,aiohttp,aio-libs/aiohttp,http-clients,,https://github.com/aio-libs/aiohttp,845684.0,812515.0,991.0,https://github.com/aio-libs/aiohttp,Apache-2.0,2013-10-01 23:04:01.000,2026-08-11 19:20:09.000,2371.0,235.0,16519.0,Asynchronous HTTP client/server framework for asyncio and Python.,37,True,,conda-forge/aiohttp,aiohttp,https://pypi.org/project/aiohttp,2026-07-23 01:52:08.000,2026-07-23 01:52:08.000,3.14.3,312.0,33169.0,443729440.0,444183005.0,https://anaconda.org/conda-forge/aiohttp,2026-07-24 14:13:09.698,32203185.0,1.0,,,,,,,,,,,,,,,,,,,,,,,,
10,google-auth,googleapis/google-auth-library-python,auth,,https://github.com/googleapis/google-auth-library-python,5176.0,,167.0,https://github.com/googleapis/google-auth-library-python,Apache-2.0,2016-09-26 00:38:59.000,2026-09-10 18:39:35.309,1769.0,,5385.0,This library has moved to https://github.com/googleapis/google-cloud-python/tree/main/packages/google-auth.,37,True,,conda-forge/google-auth,google-auth,https://pypi.org/project/google-auth,2026-09-09 20:49:33.000,2026-09-09 20:49:33.000,2.58.0,201.0,5176.0,357715943.0,357939547.0,https://anaconda.org/conda-forge/google-auth,2026-09-10 18:39:35.309,16770372.0,1.0,2026-03-06 16:19:26,1022.0,8.0,1416.0,439.0,,,,,,,,,,,,,,,,,,,
11,urllib3,urllib3/urllib3,http-clients,,https://github.com/urllib3/urllib3,2557357.0,2531628.0,411.0,https://github.com/urllib3/urllib3,MIT,2011-09-18 18:08:28.000,2026-09-24 14:51:13.000,1586.0,244.0,4061.0,urllib3 is a user-friendly HTTP client library for Python.,37,True,,conda-forge/urllib3,urllib3,https://pypi.org/project/urllib3,2026-09-15 19:29:34.000,2026-09-15 19:29:34.000,2.8.0,109.0,25729.0,1267006697.0,1268417777.0,https://anaconda.org/conda-forge/urllib3,2026-09-16 13:52:25.701,104419976.0,1.0,,,,,,,,,,,,,,,,,,,,,,,,
12,grpc,grpc/grpc,rpc,,https://github.com/grpc/grpc,14650.0,7459.0,1199.0,https://github.com/grpc/grpc,Apache-2.0,2014-12-08 18:58:53.000,2026-09-24 19:54:48.000,11381.0,1355.0,45339.0,"C++ based gRPC (C++, Python, Ruby, Objective-C, PHP, C#).",36,True,,conda-forge/grpcio,grpcio,https://pypi.org/project/grpcio,2026-09-14 06:56:48.000,2026-09-14 06:56:48.000,1.84.0,313.0,7191.0,305933033.0,306277335.0,https://anaconda.org/conda-forge/grpcio,2026-09-23 15:11:04.900,25822720.0,1.0,,,,,,,,,,,,,,,,,,,,,,,,
13,tornado,tornadoweb/tornado,web-frameworks,,https://github.com/tornadoweb/tornado,711475.0,707177.0,480.0,https://github.com/tornadoweb/tornado,Apache-2.0,2009-09-09 04:55:16.000,2026-09-22 03:23:42.000,5558.0,259.0,22179.0,"Tornado is a Python web framework and asynchronous networking library, originally developed at FriendFeed.",36,True,,conda-forge/tornado,tornado,https://pypi.org/project/tornado,2026-09-22 03:23:42.000,2026-09-15 13:47:35.000,6.5.10,87.0,4298.0,93141042.0,94282170.0,https://anaconda.org/conda-forge/tornado,2026-09-20 13:58:14.645,81020094.0,1.0,,,,,,,,,,,,,,,,,,,,,,,,
14,httpx,encode/httpx,http-clients,,https://github.com/encode/httpx,761162.0,686597.0,247.0,https://github.com/encode/httpx,BSD-3-Clause,2019-04-04 12:27:00.000,2026-08-31 17:59:54.000,1265.0,143.0,15461.0,A next generation HTTP client for Python.,36,True,,conda-forge/httpx,httpx,https://pypi.org/project/httpx,2026-08-31 17:59:54.000,2024-12-06 15:37:21.000,0.28.1,78.0,74565.0,588708495.0,589040715.0,https://anaconda.org/conda-forge/httpx,2025-04-22 14:57:16.772,25248791.0,2.0,,,,,,,,,,,,,,,,,,,,,,,,
15,starlette,encode/starlette,web-frameworks,,https://github.com/Kludex/starlette,454308.0,445673.0,351.0,,BSD-3-Clause,2020-07-19 20:23:45.237,2026-09-24 13:55:07.035,1324.0,,12627.0,The little ASGI library that shines.,36,True,,conda-forge/starlette,starlette,https://pypi.org/project/starlette,2026-09-23 07:30:24.000,2026-09-23 07:30:24.000,1.7.0,203.0,8635.0,459692331.0,459792748.0,https://anaconda.org/conda-forge/starlette,2026-09-24 13:55:07.035,7430867.0,1.0,,,,,,,,,,,,,,,,,,,,,,,,
16,Scrapy,scrapy/scrapy,web-scraping,,https://github.com/scrapy/scrapy,57498.0,56358.0,746.0,https://github.com/scrapy/scrapy,BSD-3-Clause,2010-02-22 02:01:14.000,2026-09-10 15:25:45.139,11944.0,400.0,64270.0,"Scrapy, a fast high-level web crawling & scraping framework for Python.",35,True,,conda-forge/scrapy,scrapy,https://pypi.org/project/scrapy,2026-09-10 11:14:18.000,2026-09-10 11:14:18.000,2.19.0,115.0,1140.0,4368455.0,4400831.0,https://anaconda.org/conda-forge/scrapy,2026-09-10 15:25:45.139,2395859.0,1.0,,,,,,,,,,,,,,,,,,,,,,,,
17,Streamlit,streamlit/streamlit,web-ui,,https://github.com/streamlit/streamlit,1024260.0,1016903.0,1095.0,https://github.com/streamlit/streamlit,Apache-2.0,2019-08-24 00:14:52.000,2026-09-24 04:38:18.000,4392.0,1183.0,45827.0,Streamlit A faster way to build and share data apps.,35,True,,,streamlit,https://pypi.org/project/streamlit,2026-09-15 19:13:51.000,2026-09-15 19:13:51.000,1.64.0,273.0,7357.0,19037609.0,19037609.0,,,,1.0,,,,,,,,,,,,,,,,,,,,,,,,
18,uvicorn,encode/uvicorn,servers,,https://uvicorn.dev/,954754.0,930168.0,226.0,,BSD-3-Clause,2020-10-11 10:58:35.598,2026-09-18 12:26:59.875,1029.0,,10966.0,The lightning-fast ASGI server.,35,True,,conda-forge/uvicorn,uvicorn,https://pypi.org/project/uvicorn,2026-09-14 07:44:22.000,2026-09-14 07:44:22.000,0.53.0,203.0,24586.0,458561000.0,458681628.0,https://anaconda.org/conda-forge/uvicorn,2026-09-18 12:26:59.875,8564626.0,1.0,,,,,,,,,,,,,,,,,,,,,,,,
19,gunicorn,benoitc/gunicorn,servers,,https://github.com/benoitc/gunicorn,1585370.0,1581497.0,455.0,https://github.com/benoitc/gunicorn,,2009-11-30 18:18:08.000,2026-09-06 20:09:00.000,1865.0,119.0,10680.0,"gunicorn Green Unicorn is a WSGI HTTP Server for UNIX, fast clients and sleepy applications.",35,False,,conda-forge/gunicorn,gunicorn,https://pypi.org/project/gunicorn,2026-08-24 15:05:57.000,2026-08-24 15:05:57.000,26.2.0,101.0,3873.0,96758283.0,96850315.0,https://anaconda.org/conda-forge/gunicorn,2026-09-04 13:10:43.904,6534338.0,1.0,,,,,,,,,,,,,,,,,,,,,,,,
20,google-api-python-client,googleapis/google-api-python-client,third-party-apis,,https://github.com/googleapis/google-api-python-client,295334.0,290053.0,202.0,https://github.com/googleapis/google-api-python-client,Apache-2.0,2014-01-08 21:55:56.000,2026-09-01 03:57:59.653,2580.0,43.0,8919.0,The official Python client library for Googles discovery based APIs.,35,True,,conda-forge/google-api-python-client,google-api-python-client,https://pypi.org/project/google-api-python-client,2026-09-01 00:04:22.000,2026-09-01 00:04:22.000,2.200.0,288.0,5281.0,121594442.0,121674730.0,https://anaconda.org/conda-forge/google-api-python-client,2026-09-01 03:57:59.653,6101960.0,1.0,,,,,,,,,,,,,,,,,,,,,,,,
21,werkzeug,pallets/werkzeug,web-frameworks,,https://github.com/pallets/werkzeug,1731168.0,1725981.0,515.0,https://github.com/pallets/werkzeug,BSD-3-Clause,2010-10-18 11:42:40.000,2026-04-02 20:02:00.795,1768.0,5.0,6854.0,The comprehensive WSGI web application library.,35,True,,conda-forge/werkzeug,werkzeug,https://pypi.org/project/werkzeug,2026-04-02 18:49:12.000,2026-04-02 18:49:12.000,3.1.8,109.0,5187.0,177673442.0,177987447.0,https://anaconda.org/conda-forge/werkzeug,2026-04-02 20:02:00.795,20096357.0,2.0,,,,,,,,,,,,,,,,,,,,,,,,
22,pyjwt,jpadilla/pyjwt,auth,,https://github.com/jpadilla/pyjwt,844959.0,834696.0,170.0,https://github.com/jpadilla/pyjwt,MIT,2011-02-24 20:25:09.000,2026-09-24 07:12:02.983,797.0,49.0,5703.0,JSON Web Token implementation in Python.,35,True,,conda-forge/pyjwt,pyjwt,https://pypi.org/project/pyjwt,2026-09-23 16:55:59.000,2026-09-23 16:55:59.000,2.15.0,57.0,10263.0,523000144.0,523418943.0,https://anaconda.org/conda-forge/pyjwt,2026-09-24 07:12:02.983,28478399.0,1.0,,,,,,,,,,,,,,,,,,,,,,,,
23,lxml,lxml/lxml,html-processing,,https://github.com/lxml/lxml,647956.0,625785.0,181.0,https://github.com/lxml/lxml,BSD-3-Clause,2011-02-11 05:43:11.000,2026-09-10 10:55:05.075,636.0,13.0,3052.0,The lxml XML toolkit for Python.,35,True,,conda-forge/lxml,lxml,https://pypi.org/project/lxml,2026-09-02 14:46:05.000,2026-09-02 14:46:05.000,6.1.3,182.0,22171.0,297801287.0,298113304.0,https://anaconda.org/conda-forge/lxml,2026-09-10 10:55:05.075,23713320.0,1.0,,,,,,,,,,,,,,,,,,,,,,,,
24,Telethon,LonamiWebs/Telethon,third-party-apis,,https://github.com/LonamiWebs/Telethon,832.0,24.0,212.0,https://github.com/LonamiWebs/Telethon,MIT,2016-08-26 10:59:24.000,2026-09-10 14:28:03.000,1647.0,1.0,12057.0,"Pure Python 3 MTProto API Telegram client library, for bots too!.",34,True,,,telethon,https://pypi.org/project/telethon,2026-09-10 14:28:03.000,2026-06-15 15:47:41.000,1.44.0,245.0,808.0,2755055.0,2755055.0,,,,1.0,2026-02-21 21:11:57,3151.0,2.0,697.0,2443.0,,,,,,,,,,,,,,,,,,,
25,django-allauth,pennersr/django-allauth,auth,,https://github.com/pennersr/django-allauth,274684.0,274360.0,813.0,https://github.com/pennersr/django-allauth,MIT,2010-10-10 20:10:52.000,2026-09-21 19:36:49.186,3107.0,2.0,10378.0,"Integrated set of Django applications addressing authentication, registration, account management as well as 3rd party..",34,True,['django'],conda-forge/django-allauth,django-allauth,https://pypi.org/project/django-allauth,2026-09-17 13:27:51.000,2026-09-17 13:27:51.000,65.19.4,137.0,324.0,4717144.0,4725320.0,https://anaconda.org/conda-forge/django-allauth,2026-09-21 19:36:49.186,433359.0,1.0,,,,,,,,,,,,,,,,,,,,,,,,
26,GitPython,gitpython-developers/GitPython,third-party-apis,,https://github.com/gitpython-developers/GitPython,441716.0,431573.0,399.0,https://github.com/gitpython-developers/GitPython,BSD-3-Clause,2010-11-30 17:34:03.000,2026-09-17 06:34:17.000,999.0,10.0,5185.0,GitPython is a python library used to interact with Git repositories.,34,True,,conda-forge/gitpython,gitpython,https://pypi.org/project/gitpython,2026-09-07 02:57:19.000,2026-09-07 02:57:19.000,3.1.62,116.0,10143.0,163494835.0,163753988.0,https://anaconda.org/conda-forge/gitpython,2026-09-07 17:40:11.266,19695641.0,1.0,,,,,,,,,,,,,,,,,,,,,,,,
27,markdown,Python-Markdown/markdown,markdown,,https://github.com/Python-Markdown/markdown,530343.0,522889.0,191.0,https://github.com/Python-Markdown/markdown,BSD-3-Clause,2010-05-29 02:59:45.000,2026-07-31 06:26:34.834,900.0,27.0,4229.0,A Python implementation of John Grubers Markdown with Extension support.,34,True,,conda-forge/markdown,markdown,https://pypi.org/project/markdown,2026-07-30 19:05:27.000,2026-07-30 19:05:27.000,3.10.3,62.0,7454.0,90201121.0,90395035.0,https://anaconda.org/conda-forge/markdown,2026-07-31 06:26:34.834,13767930.0,1.0,,,,,,,,,,,,,,,,,,,,,,,,
28,coverage,nedbat/coveragepy,testing,,https://github.com/coveragepy/coveragepy,552574.0,526847.0,218.0,,Apache-2.0,2020-07-06 13:24:29.962,2026-09-20 14:49:30.890,523.0,,3412.0,Code coverage measurement for Python.,34,True,,conda-forge/coverage,coverage,https://pypi.org/project/coverage,2026-09-13 19:08:21.000,2026-09-13 19:08:21.000,7.16.1,196.0,25727.0,276452171.0,276983045.0,https://anaconda.org/conda-forge/coverage,2026-09-20 14:49:30.890,39284713.0,1.0,,,,,,,,,,,,,,,,,,,,,,,,
29,oauthlib,oauthlib/oauthlib,auth,,https://github.com/oauthlib/oauthlib,657663.0,655933.0,205.0,https://github.com/oauthlib/oauthlib,BSD-3-Clause,2011-11-19 23:08:51.000,2026-09-06 14:18:52.737,496.0,95.0,2930.0,"A generic, spec-compliant, thorough implementation of the OAuth request-signing logic.",34,True,,conda-forge/oauthlib,oauthlib,https://pypi.org/project/oauthlib,2025-06-19 22:48:06.000,2025-06-19 22:48:06.000,3.3.1,52.0,1730.0,216548620.0,216851125.0,https://anaconda.org/conda-forge/oauthlib,2026-09-06 14:18:52.737,19360371.0,1.0,,,,,,,,,,,,,,,,,,,,,,,,
30,django-rest-framework,encode/django-rest-framework,web-frameworks,,https://github.com/encode/django-rest-framework,858725.0,858616.0,1504.0,https://github.com/encode/django-rest-framework,BSD-3-Clause,2011-03-02 17:13:56.000,2026-09-08 13:07:52.382,7082.0,51.0,30167.0,Web APIs for Django.,33,True,['django'],conda-forge/djangorestframework,django-rest-framework,https://pypi.org/project/django-rest-framework,2017-07-20 17:14:33.000,2017-07-20 17:14:33.000,0.1.0,50.0,109.0,91350.0,113785.0,https://anaconda.org/conda-forge/djangorestframework,2026-09-08 13:07:52.382,1637811.0,2.0,,,,,,,,,,,,,,,,,,,,,,,,
31,Locust,locustio/locust,testing,,https://github.com/locustio/locust,18871.0,18536.0,404.0,https://github.com/locustio/locust,MIT,2011-02-17 11:08:03.000,2026-09-17 21:13:51.010,3244.0,2.0,28165.0,Write scalable load tests in plain Python.,33,True,,conda-forge/locust,locust,https://pypi.org/project/locust,2026-09-17 17:47:26.000,2026-09-17 17:46:13.000,2.46.6,1042.0,335.0,9793207.0,9798402.0,https://anaconda.org/conda-forge/locust,2026-09-17 21:13:51.010,394846.0,1.0,,,,,,,,,,,,,,,,,,,,,,,,
32,jinja,pallets/jinja,others,,https://github.com/pallets/jinja,24450.0,,335.0,https://github.com/pallets/jinja,BSD-3-Clause,2010-10-17 13:41:17.000,2025-11-30 15:40:39.696,1799.0,101.0,11752.0,A very fast and expressive template engine.,33,True,,conda-forge/jinja2,jinja2,https://pypi.org/project/jinja2,2025-03-05 20:05:00.000,2025-03-05 20:05:00.000,3.1.6,52.0,24450.0,519447568.0,520612712.0,https://anaconda.org/conda-forge/jinja2,2025-11-30 15:40:39.696,79229845.0,1.0,,,,,,,,,,,,,,,,,,,,,,,,
33,django-debug-toolbar,jazzband/django-debug-toolbar,admin-ui,,https://github.com/django-commons/django-debug-toolbar,107959.0,107556.0,338.0,,BSD-3-Clause,2020-09-21 11:45:47.837,2026-09-02 11:15:49.985,1103.0,,8377.0,A configurable set of panels that display various debug information about the current request/response.,33,True,,conda-forge/django-debug-toolbar,django-debug-toolbar,https://pypi.org/project/django-debug-toolbar,2026-09-01 18:27:55.000,2026-09-01 18:27:55.000,8.0.0,84.0,403.0,8177795.0,8187263.0,https://anaconda.org/conda-forge/django-debug-toolbar,2026-09-02 11:15:49.985,681717.0,1.0,,,,,,3.0,,,,,,,,,,,,,,,,,,
34,PyGithub,PyGithub/PyGithub,third-party-apis,,https://github.com/PyGithub/PyGithub,78633.0,75522.0,435.0,https://github.com/PyGithub/PyGithub,LGPL-3.0,2012-02-25 12:53:47.000,2026-08-26 20:01:47.000,1892.0,397.0,7766.0,Typed interactions with the GitHub API v3.,33,True,,conda-forge/pygithub,pygithub,https://pypi.org/project/pygithub,2026-08-20 10:05:06.000,2026-08-20 10:05:06.000,2.10.0,109.0,3111.0,48545766.0,48681229.0,https://anaconda.org/conda-forge/pygithub,2026-08-20 13:19:46.004,10295223.0,1.0,,,,,,,,,,,,,,,,,,,,,,,,
35,twisted,twisted/twisted,others,,https://github.com/twisted/twisted,108576.0,107286.0,313.0,https://github.com/twisted/twisted,MIT,2011-07-01 20:40:42.000,2026-09-01 18:52:12.803,1212.0,2800.0,5968.0,Event-driven networking engine written in Python.,33,True,,conda-forge/twisted,twisted,https://pypi.org/project/twisted,2026-05-11 11:24:49.000,2026-05-11 11:24:49.000,26.4.0,112.0,1290.0,12760239.0,12784326.0,https://anaconda.org/conda-forge/twisted,2026-09-01 18:52:12.803,1710247.0,1.0,,,,,,,,,,,,,,,,,,,,,,,,
36,websockets,aaugustin/websockets,websocket,,https://github.com/python-websockets/websockets,418866.0,404899.0,93.0,,BSD-3-Clause,2020-09-01 22:27:52.766,2026-09-05 18:47:21.921,603.0,,5713.0,An implementation of the WebSocket Protocol (RFC 6455 & 7692).,33,True,,conda-forge/websockets,websockets,https://pypi.org/project/websockets,2026-08-26 14:55:20.000,2026-07-31 11:29:04.000,17.0.1,53.0,13967.0,379259997.0,379387887.0,https://anaconda.org/conda-forge/websockets,2026-09-05 18:47:21.921,9208101.0,1.0,,,,,,,,,,,,,,,,,,,,,,,,
37,google-resumable-media,googleapis/google-resumable-media-python,third-party-apis,,https://github.com/googleapis/google-resumable-media-python,315.0,,39.0,https://github.com/googleapis/google-resumable-media-python,Apache-2.0,2017-04-12 20:09:20.000,2026-08-26 08:26:25.317,1769.0,,5385.0,This library has moved to https://github.com/googleapis/google-cloud-python/tree/main/packages/google-resumable-media.,33,True,,conda-forge/google-resumable-media,google-resumable-media,https://pypi.org/project/google-resumable-media,2026-08-25 19:18:07.000,2026-08-25 19:18:07.000,2.10.2,55.0,315.0,136558061.0,136661988.0,https://anaconda.org/conda-forge/google-resumable-media,2026-08-26 08:26:25.317,7794561.0,1.0,2026-03-06 17:03:16,472.0,39.0,400.0,89.0,,,,,,,,,,,,,,,,,,,
38,pyzmq,zeromq/pyzmq,others,,https://github.com/zeromq/pyzmq,527186.0,524054.0,206.0,https://github.com/zeromq/pyzmq,Revised BSD,2010-07-21 07:20:37.000,2026-09-18 11:22:48.754,666.0,60.0,4174.0,PyZMQ: Python bindings for zeromq.,33,False,,conda-forge/pyzmq,pyzmq,https://pypi.org/project/pyzmq,2026-08-20 19:06:11.000,2026-08-20 19:06:11.000,27.2.0,107.0,3132.0,85836677.0,86485031.0,https://anaconda.org/conda-forge/pyzmq,2026-09-18 11:22:48.754,47978231.0,1.0,,,,,,,,,,,,,,,,,,,,,,,,
39,websocket-client,websocket-client/websocket-client,websocket,,https://github.com/websocket-client/websocket-client,342717.0,337474.0,228.0,https://github.com/websocket-client/websocket-client,Apache-2.0,2010-12-28 06:35:25.000,2026-09-04 14:12:33.425,774.0,31.0,3708.0,WebSocket client for Python.,33,True,,conda-forge/websocket-client,websocket-client,https://pypi.org/project/websocket-client,2026-08-31 14:08:39.000,2026-08-31 14:08:39.000,1.9.2,90.0,5243.0,163012931.0,163373522.0,https://anaconda.org/conda-forge/websocket-client,2026-09-04 14:12:33.425,26323192.0,1.0,,,,,,,,,,,,,,,,,,,,,,,,
40,mistune,lepture/mistune,markdown,,https://github.com/lepture/mistune,378704.0,376899.0,66.0,https://github.com/lepture/mistune,BSD-3-Clause,2014-02-18 10:13:04.000,2026-08-21 04:48:29.000,301.0,27.0,3072.0,A fast yet powerful Python Markdown parser with renderers and plugins.,33,True,,conda-forge/mistune,mistune,https://pypi.org/project/mistune,2026-07-22 05:22:29.000,2026-07-22 05:22:29.000,3.3.4,56.0,1805.0,58011076.0,58431552.0,https://anaconda.org/conda-forge/mistune,2026-07-22 12:43:04.579,29853839.0,1.0,,,,,,,,,,,,,,,,,,,,,,,,
41,bleach,mozilla/bleach,html-processing,,https://github.com/mozilla/bleach,2062.0,,79.0,https://github.com/mozilla/bleach,Apache-2.0,2010-02-19 01:12:41.000,2026-06-05 16:10:54.487,260.0,,2772.0,Bleach is an allowed-list-based HTML sanitizing library that escapes or strips markup and attributes.,33,True,,conda-forge/bleach,bleach,https://pypi.org/project/bleach,2026-06-05 13:01:12.000,2026-06-05 13:01:12.000,6.4.0,61.0,2062.0,57802750.0,58214508.0,https://anaconda.org/conda-forge/bleach,2026-06-05 16:10:54.487,29646615.0,2.0,2026-06-05 12:58:08,962.0,41.0,394.0,388.0,,,,,,,,,,,,,,,,,,,
42,asgiref,django/asgiref,servers,,https://github.com/django/asgiref,1153099.0,1151693.0,121.0,https://github.com/django/asgiref,BSD-3-Clause,2015-12-23 17:07:13.000,2026-08-29 14:37:31.086,251.0,59.0,1622.0,ASGI specification and utilities.,33,True,,conda-forge/asgiref,asgiref,https://pypi.org/project/asgiref,2026-07-14 09:56:16.000,2026-07-14 09:56:16.000,3.12.1,72.0,1406.0,115551927.0,115586848.0,https://anaconda.org/conda-forge/asgiref,2026-08-29 14:37:31.086,2619102.0,2.0,,,,,,,,,,,,,,,,,,,,,,,,
43,markdown-it-py,executablebooks/markdown-it-py,markdown,,https://github.com/executablebooks/markdown-it-py,404490.0,401831.0,41.0,https://github.com/executablebooks/markdown-it-py,MIT,2020-03-25 11:10:01.000,2026-08-17 23:09:07.000,118.0,64.0,1353.0,"Markdown parser, done right. 100% CommonMark support, extensions, syntax plugins & high speed. Now in Python!.",33,True,,conda-forge/markdown-it-py,markdown-it-py,https://pypi.org/project/markdown-it-py,2026-05-07 12:08:27.000,2026-05-07 12:08:27.000,4.2.0,45.0,2659.0,426356483.0,426679763.0,https://anaconda.org/conda-forge/markdown-it-py,2026-05-07 16:01:35.424,24569284.0,1.0,,,,,,,,,,,,,,,,,,,,,,,,
44,python-telegram-bot,python-telegram-bot/python-telegram-bot,third-party-apis,,https://github.com/python-telegram-bot/python-telegram-bot,160687.0,159160.0,213.0,https://github.com/python-telegram-bot/python-telegram-bot,GPL-3.0,2015-07-07 15:30:39.000,2026-09-13 22:37:20.000,6148.0,31.0,29465.0,We have made you a wrapper you cant refuse.,32,True,,conda-forge/python-telegram-bot,python-telegram-bot,https://pypi.org/project/python-telegram-bot,2026-06-12 08:10:27.000,2025-03-01 11:46:52.000,21.11.1,155.0,1527.0,6746584.0,6749590.0,https://anaconda.org/conda-forge/python-telegram-bot,2026-06-13 09:58:04.965,222458.0,1.0,,,,,,,,,,,,,,,,,,,,,,,,
45,OpenAPI Generator,OpenAPITools/openapi-generator,openapi-utils,,https://github.com/OpenAPITools/openapi-generator,1568.0,5.0,3896.0,https://github.com/OpenAPITools/openapi-generator,Apache-2.0,2018-05-12 09:57:56.000,2026-09-24 17:03:04.000,7682.0,5736.0,26759.0,"OpenAPI Generator allows generation of API client libraries (SDK generation), server stubs, documentation and..",32,True,['openapi'],,openapi-generator-cli,https://pypi.org/project/openapi-generator-cli,2026-08-25 01:16:41.000,2026-08-25 01:16:41.000,7.25.0,772.0,25.0,624854.0,5821315.0,,,,1.0,,,,,,,org.openapitools.openapi-generator,@openapitools/openapi-generator-cli,https://www.npmjs.com/package/@openapitools/openapi-generator-cli,2026-08-24 15:33:53.640,1538.0,5196461.0,https://search.maven.org/artifact/org.openapitools.openapi-generator,,,,,,,,,,,
46,wagtail,wagtail/wagtail,cms,,https://github.com/wagtail/wagtail,12919.0,11998.0,1121.0,https://github.com/wagtail/wagtail,BSD-3-Clause,2014-02-03 12:41:59.000,2026-08-25 22:44:26.531,4586.0,1020.0,20452.0,A Django content management system focused on flexibility and user experience.,32,True,['django'],conda-forge/wagtail,wagtail,https://pypi.org/project/wagtail,2026-08-25 12:37:31.000,2026-08-20 15:28:42.000,7.4.3,300.0,921.0,570089.0,575184.0,https://anaconda.org/conda-forge/wagtail,2026-08-25 22:44:26.531,259857.0,1.0,,,,,,,,,,,,,,,,,,,,,,,,
47,sanic,sanic-org/sanic,web-frameworks,,https://github.com/sanic-org/sanic,20058.0,19220.0,368.0,https://github.com/sanic-org/sanic,MIT,2016-05-26 04:38:22.000,2026-09-18 13:43:51.545,1597.0,148.0,18639.0,Accelerate your web app development | Build fast. Run fast.,32,True,,conda-forge/sanic,sanic,https://pypi.org/project/sanic,2026-05-31 19:45:45.000,2026-05-31 19:45:45.000,25.12.1,84.0,838.0,1098526.0,1109294.0,https://anaconda.org/conda-forge/sanic,2026-09-18 13:43:51.545,807601.0,2.0,,,,,,,,,,,,,,,,,,,,,,,,
48,tweepy,tweepy/tweepy,third-party-apis,,https://github.com/tweepy/tweepy,66413.0,65784.0,250.0,https://github.com/tweepy/tweepy,MIT,2009-07-06 04:15:34.000,2026-07-03 10:25:32.416,4544.0,104.0,11171.0,Twitter for Python!.,32,True,,conda-forge/tweepy,tweepy,https://pypi.org/project/tweepy,2026-07-02 19:11:29.000,2026-07-02 19:11:29.000,4.17.0,50.0,629.0,3012778.0,3020628.0,https://anaconda.org/conda-forge/tweepy,2026-07-03 10:25:32.416,580941.0,1.0,,,,,,,,,,,,,,,,,,,,,,,,
49,WeasyPrint,Kozea/WeasyPrint,html-processing,,https://github.com/Kozea/WeasyPrint,32774.0,31336.0,195.0,https://github.com/Kozea/WeasyPrint,BSD-3-Clause,2011-08-09 14:14:24.000,2026-09-10 11:17:31.000,876.0,144.0,9594.0,The awesome document factory.,32,True,,conda-forge/weasyprint,weasyprint,https://pypi.org/project/weasyprint,2026-09-08 12:25:39.000,2018-03-27 21:00:42.000,0.42.3,120.0,1438.0,30811511.0,30818066.0,https://anaconda.org/conda-forge/weasyprint,2026-06-09 09:47:17.453,478574.0,2.0,,,,,,,,,,,,,,,,,,,,,,,,
50,gevent,gevent/gevent,servers,,https://github.com/gevent/gevent,157191.0,154802.0,129.0,https://github.com/gevent/gevent,MIT,2012-09-13 22:03:03.000,2026-09-24 12:23:39.626,967.0,129.0,6447.0,Coroutine-based concurrency library for Python.,32,True,,conda-forge/gevent,gevent,https://pypi.org/project/gevent,2026-09-16 16:16:12.000,2026-09-16 16:16:12.000,26.9.0,99.0,2389.0,25029734.0,25063884.0,https://anaconda.org/conda-forge/gevent,2026-09-24 12:23:39.626,2595472.0,2.0,,,,,,,,,,,,,,,,,,,,,,,,
51,responses,getsentry/responses,testing,,https://github.com/getsentry/responses,59832.0,55671.0,158.0,https://github.com/getsentry/responses,Apache-2.0,2013-11-15 23:28:18.000,2026-08-26 22:37:12.694,375.0,40.0,4345.0,A utility for mocking out the Python Requests library.,32,True,,conda-forge/responses,responses,https://pypi.org/project/responses,2026-08-26 19:17:23.000,2026-08-26 19:17:23.000,0.26.3,65.0,4161.0,51710778.0,51764191.0,https://anaconda.org/conda-forge/responses,2026-08-26 22:37:12.694,4006005.0,1.0,,,,,,,,,,,,,,,,,,,,,,,,
52,dnspython,rthalley/dnspython,others,,https://github.com/rthalley/dnspython,460916.0,458429.0,140.0,https://github.com/rthalley/dnspython,ISC,2011-08-24 11:36:39.000,2026-04-12 17:50:59.000,557.0,5.0,2653.0,a powerful DNS toolkit for python.,32,True,,conda-forge/dnspython,dnspython,https://pypi.org/project/dnspython,2025-09-07 18:57:58.000,2025-09-07 18:57:58.000,2.8.0,50.0,2487.0,214307532.0,214434525.0,https://anaconda.org/conda-forge/dnspython,2025-09-08 00:54:36.206,9143546.0,1.0,,,,,,,,,,,,,,,,,,,,,,,,
53,requests-oauthlib,requests/requests-oauthlib,auth,,https://github.com/requests/requests-oauthlib,611360.0,609370.0,121.0,https://github.com/requests/requests-oauthlib,ISC,2012-11-23 10:19:44.000,2025-06-18 06:42:02.000,424.0,125.0,1773.0,OAuthlib support for Python-Requests!.,32,False,,conda-forge/requests-oauthlib,requests-oauthlib,https://pypi.org/project/requests-oauthlib,2024-03-25 19:31:17.000,2024-03-25 19:31:17.000,1.4.1,23.0,1990.0,237438014.0,237666932.0,https://anaconda.org/conda-forge/requests-oauthlib,2025-04-22 14:56:25.314,16939998.0,2.0,,,,,,,,,,,,,,,,,,,,,,,,
54,httptools,MagicStack/httptools,http-clients,,https://github.com/MagicStack/httptools,206362.0,205775.0,24.0,https://github.com/MagicStack/httptools,MIT,2016-04-25 16:13:48.000,2026-09-04 12:53:32.431,104.0,23.0,1322.0,Fast HTTP parser.,32,True,,conda-forge/httptools,httptools,https://pypi.org/project/httptools,2026-05-25 22:16:50.000,2026-05-25 22:16:50.000,0.8.0,27.0,587.0,199530557.0,199604937.0,https://anaconda.org/conda-forge/httptools,2026-09-04 12:53:32.431,5281020.0,2.0,,,,,,,,,,,,,,,,,,,,,,,,
55,markupsafe,pallets/markupsafe,html-processing,,https://github.com/pallets/markupsafe,2243681.0,2238419.0,51.0,https://github.com/pallets/markupsafe,BSD-3-Clause,2010-06-22 17:22:58.000,2026-03-02 10:22:07.198,181.0,14.0,690.0,Safely add untrusted strings to HTML/XML markup.,32,True,,conda-forge/markupsafe,markupsafe,https://pypi.org/project/markupsafe,2025-09-27 18:36:05.000,2025-09-27 18:36:05.000,3.0.3,36.0,5262.0,590377970.0,591605187.0,https://anaconda.org/conda-forge/markupsafe,2026-03-02 10:22:07.198,88359629.0,2.0,,,,,,,,,,,,,,,,,,,,,,,,
56,mitmproxy,mitmproxy/mitmproxy,testing,,https://github.com/mitmproxy/mitmproxy,5807.0,5537.0,621.0,https://github.com/mitmproxy/mitmproxy,MIT,2010-02-16 04:10:13.000,2026-05-12 14:09:49.000,4567.0,432.0,43493.0,An interactive TLS-capable intercepting HTTP proxy for penetration testers and software developers.,31,True,,,mitmproxy,https://pypi.org/project/mitmproxy,2026-05-12 14:09:49.000,2026-05-12 14:09:49.000,12.2.3,88.0,270.0,3429984.0,3429984.0,,,,1.0,,,,,,,,,,,,,,,,,,,,,,,,
57,posthog,PostHog/posthog,monitoring,,https://github.com/PostHog/posthog,789.0,15.0,25885.0,https://github.com/PostHog/posthog,,2020-01-23 22:46:58.000,2026-09-24 20:19:06.000,3410.0,5669.0,39919.0,"PostHog is the leading platform for building self-driving products. Our developer tools AI observability, analytics,..",31,False,,,posthog,https://pypi.org/project/posthog,2026-09-23 16:34:41.000,2026-09-23 16:34:41.000,7.60.0,308.0,774.0,36983031.0,36983031.0,,,,1.0,,,,,,,,,,,,,,,,,,,,,,,,
58,discord.py,Rapptz/discord.py,third-party-apis,,https://github.com/Rapptz/discord.py,56804.0,55490.0,459.0,https://github.com/Rapptz/discord.py,MIT,2015-08-21 22:19:08.000,2026-03-03 18:40:44.000,3930.0,150.0,15941.0,An API wrapper for Discord written in Python.,31,True,,conda-forge/discord.py,discord.py,https://pypi.org/project/discord.py,2026-03-03 18:40:44.000,2026-03-03 18:40:44.000,2.7.1,88.0,1314.0,4731150.0,4731755.0,https://anaconda.org/conda-forge/discord.py,2025-04-22 14:57:44.300,41162.0,2.0,,,,,,,,,,,,,,,,,,,,,,,,
59,playwright,Microsoft/playwright-python,testing,,https://github.com/Microsoft/playwright-python,8423.0,,,https://github.com/Microsoft/playwright-python,Apache-2.0,2021-05-11 20:15:10.832,2026-09-15 16:49:06.000,1222.0,,15003.0,A high-level API to automate web browsers.,31,True,,microsoft/playwright,playwright,https://pypi.org/project/playwright,2026-09-15 16:49:06.000,2026-09-15 16:49:06.000,1.63.0,132.0,8423.0,88034613.0,88036881.0,https://anaconda.org/microsoft/playwright,2026-05-18 11:41:05.889,145213.0,1.0,,,,,,,,,,,,,,,,,,,,,,,,
60,pyTelegramBotAPI,eternnoir/pyTelegramBotAPI,third-party-apis,,https://github.com/eternnoir/pyTelegramBotAPI,65152.0,64794.0,273.0,https://github.com/eternnoir/pyTelegramBotAPI,GPL-2.0,2015-06-26 06:56:25.000,2026-09-21 19:04:25.000,2154.0,2.0,8781.0,Python Telegram bot api.,31,True,,,pytelegrambotapi,https://pypi.org/project/pytelegrambotapi,2026-09-21 19:04:25.000,2026-09-21 19:04:25.000,4.37.0,148.0,358.0,808359.0,808359.0,,,,2.0,,,,,,,,,,,,,,,,,,,,,,,,
61,bottle,bottlepy/bottle,web-frameworks,,https://github.com/bottlepy/bottle,38341.0,37536.0,238.0,https://github.com/bottlepy/bottle,MIT,2009-06-30 17:51:30.000,2026-03-23 15:39:32.000,1499.0,283.0,8766.0,bottle.py is a fast and simple micro-framework for python web-applications.,31,True,,conda-forge/bottle,bottle,https://pypi.org/project/bottle,2025-06-15 10:08:57.000,2025-06-15 10:08:57.000,0.13.4,85.0,805.0,7045528.0,7061273.0,https://anaconda.org/conda-forge/bottle,2025-08-11 01:37:00.120,724293.0,2.0,,,,,,,,,,,,,,,,,,,,,,,,
62,graphene,graphql-python/graphene,graphql,,https://github.com/graphql-python/graphene,32335.0,32018.0,212.0,https://github.com/graphql-python/graphene,MIT,2015-09-24 09:18:18.000,2025-09-04 15:43:44.000,821.0,114.0,8231.0,GraphQL framework for Python.,31,True,['graphql'],conda-forge/graphene,graphene,https://pypi.org/project/graphene,2024-11-09 20:44:23.000,2024-11-09 20:44:23.000,3.4.3,102.0,317.0,29133674.0,29163284.0,https://anaconda.org/conda-forge/graphene,2025-04-22 14:56:40.732,1835879.0,1.0,,,,,,,,,,,,,,,,,,,,,,,,
63,django-extensions,django-extensions/django-extensions,django-utils,,https://github.com/django-extensions/django-extensions,272430.0,271883.0,609.0,https://github.com/django-extensions/django-extensions,MIT,2009-03-21 16:11:19.000,2025-10-03 07:03:35.000,1168.0,207.0,6749.0,This is a repository for collecting global custom management extensions for the Django Framework.,31,True,['django'],conda-forge/django-extensions,django-extensions,https://pypi.org/project/django-extensions,2025-04-11 01:15:37.000,2023-06-05 17:10:00.484,3.2.3,128.0,547.0,12619003.0,12637636.0,https://anaconda.org/conda-forge/django-extensions,2025-04-22 14:56:21.386,1378913.0,1.0,,,,,,,,,,,,,,,,,,,,,,,,
64,authlib,lepture/authlib,auth,,https://authlib.org,59472.0,57744.0,149.0,,BSD-3-Clause,2020-05-18 14:55:23.447,2026-08-30 19:08:44.624,560.0,,5408.0,The ultimate Python library in building OAuth and OpenID Connect servers and clients.,31,True,,conda-forge/authlib,authlib,https://pypi.org/project/authlib,2026-08-30 12:12:33.000,2026-08-30 12:12:33.000,1.8.0,64.0,1728.0,102713650.0,102719032.0,https://anaconda.org/conda-forge/authlib,2026-08-30 19:08:44.624,409086.0,2.0,,,,,,,,,,,,,,,,,,,,,,,,
65,structlog,hynek/structlog,others,,https://github.com/hynek/structlog,43767.0,38796.0,145.0,https://github.com/hynek/structlog,Apache-2.0,2013-08-13 15:55:58.000,2026-09-05 12:54:41.000,299.0,38.0,4959.0,"Simple, powerful, and fast logging for Python.",31,True,,,structlog,https://pypi.org/project/structlog,2026-06-06 07:33:38.000,2026-06-06 07:33:38.000,26.1.0,43.0,4971.0,93937411.0,93937411.0,,,,1.0,,,,,,,,,,,,,,,,,,,,,,,,
66,django-filter,carltongibson/django-filter,django-utils,,https://github.com/carltongibson/django-filter,205347.0,204133.0,224.0,https://github.com/carltongibson/django-filter,BSD-3-Clause,2009-01-30 00:35:57.000,2026-07-12 12:46:10.751,774.0,87.0,4683.0,A generic system for filtering Django QuerySets based on user selections.,31,True,['django'],conda-forge/django-filter,django-filter,https://pypi.org/project/django-filter,2026-07-11 09:27:01.000,2020-09-27 09:08:52.000,2.4.0,48.0,1214.0,13571358.0,13576819.0,https://anaconda.org/conda-forge/django-filter,2026-07-12 12:46:10.751,409580.0,1.0,,,,,,,,,,,,,,,,,,,,,,,,
67,Prometheus Client,prometheus/client_python,monitoring,,https://github.com/prometheus/client_python,4794.0,,183.0,https://github.com/prometheus/client_python,Apache-2.0,2015-02-10 22:47:25.000,2026-07-25 21:48:28.068,867.0,142.0,4347.0,Python client for the Prometheus monitoring system.,31,True,,conda-forge/prometheus_client,prometheus-client,https://pypi.org/project/prometheus-client,2026-07-24 19:36:40.000,2026-07-24 19:36:40.000,0.26.0,60.0,4794.0,132000472.0,132378242.0,https://anaconda.org/conda-forge/prometheus_client,2026-07-25 21:48:28.068,28710584.0,1.0,,,,,,,,,,,,,,,,,,,,,,,,
68,fake-useragent,hellysmile/fake-useragent,others,,https://github.com/fake-useragent/fake-useragent,1175.0,,23.0,https://github.com/fake-useragent/fake-useragent,Apache-2.0,2013-03-04 07:14:29.000,2026-03-29 06:21:14.000,538.0,4.0,4057.0,Up-to-date simple useragent faker with real world database.,31,True,,conda-forge/fake-useragent,fake-useragent,https://pypi.org/project/fake-useragent,2025-04-14 15:32:17.000,2025-04-14 15:32:17.000,2.2.0,40.0,1175.0,6071867.0,6073477.0,https://anaconda.org/conda-forge/fake-useragent,2025-08-27 15:15:12.883,101470.0,1.0,2025-11-12 19:38:45,532.0,58.0,355.0,157.0,,,,,,,,,fake-useragent/fake-useragent,,,,,,,,,,
69,itsdangerous,pallets/itsdangerous,others,,https://github.com/pallets/itsdangerous,1366569.0,1364766.0,44.0,https://github.com/pallets/itsdangerous,BSD-3-Clause,2011-06-24 00:09:55.000,2025-04-22 14:56:26.703,223.0,2.0,2933.0,Safely pass trusted data to untrusted environments and back.,31,False,,conda-forge/itsdangerous,itsdangerous,https://pypi.org/project/itsdangerous,2024-04-16 21:28:14.000,2024-04-16 21:28:14.000,2.2.0,28.0,1803.0,150267895.0,150496397.0,https://anaconda.org/conda-forge/itsdangerous,2025-04-22 14:56:26.703,14624137.0,1.0,,,,,,,,,,,,,,,,,,,,,,,,
70,drf-spectacular,tfranzel/drf-spectacular,openapi-utils,,https://github.com/tfranzel/drf-spectacular,142572.0,142152.0,145.0,https://github.com/tfranzel/drf-spectacular,BSD-3-Clause,2020-03-01 22:36:54.000,2026-07-06 16:51:31.072,325.0,203.0,2846.0,Sane and flexible OpenAPI 3 schema generation for Django REST framework.,31,True,['openapi'],conda-forge/drf-spectacular,drf-spectacular,https://pypi.org/project/drf-spectacular,2026-07-06 11:29:45.000,2026-07-06 11:29:45.000,0.30.0,67.0,420.0,12427041.0,12428761.0,https://anaconda.org/conda-forge/drf-spectacular,2026-07-06 16:51:31.072,103252.0,1.0,,,,,,,,,,,,,,,,,,,,,,,,
71,whitenoise,evansd/whitenoise,servers,,https://github.com/evansd/whitenoise,535926.0,535341.0,70.0,https://github.com/evansd/whitenoise,MIT,2013-08-08 11:02:06.000,2026-08-25 20:58:36.495,152.0,36.0,2721.0,Radically simplified static file serving for Python web apps.,31,True,,conda-forge/whitenoise,whitenoise,https://pypi.org/project/whitenoise,2026-02-27 00:05:40.000,2026-02-27 00:05:40.000,6.12.0,60.0,585.0,13799796.0,13804052.0,https://anaconda.org/conda-forge/whitenoise,2026-08-25 20:58:36.495,302196.0,2.0,,,,,,,,,,,,,,,,,,,,,,,,
72,feedparser,kurtmckee/feedparser,web-scraping,,https://github.com/kurtmckee/feedparser,106379.0,104310.0,63.0,https://github.com/kurtmckee/feedparser,BSD-2-Clause,2010-11-26 02:53:24.000,2026-08-08 10:59:51.608,367.0,110.0,2407.0,Parse feeds in Python.,31,True,,conda-forge/feedparser,feedparser,https://pypi.org/project/feedparser,2026-07-30 14:07:39.000,2026-07-30 14:07:39.000,6.0.14,27.0,2069.0,17188614.0,17245772.0,https://anaconda.org/conda-forge/feedparser,2026-08-08 10:59:51.608,4344062.0,1.0,,,,,,,,,,,,,,,,,,,,,,,,
73,xhtml2pdf,xhtml2pdf/xhtml2pdf,html-processing,,https://github.com/xhtml2pdf/xhtml2pdf,21682.0,21449.0,173.0,https://github.com/xhtml2pdf/xhtml2pdf,Apache-2.0,2011-05-16 13:45:29.000,2026-09-22 01:07:49.187,656.0,133.0,2391.0,A library for converting HTML into PDFs using ReportLab.,31,True,,conda-forge/xhtml2pdf,xhtml2pdf,https://pypi.org/project/xhtml2pdf,2026-09-16 01:15:33.000,2026-09-16 01:15:33.000,0.2.20,36.0,233.0,3529733.0,3533413.0,https://anaconda.org/conda-forge/xhtml2pdf,2026-09-22 01:07:49.187,268653.0,3.0,,,,,,,,,,,,,,,,,,,,,,,,
74,tldextract,john-kurkowski/tldextract,url-utils,,https://github.com/john-kurkowski/tldextract,46427.0,45351.0,56.0,https://github.com/john-kurkowski/tldextract,BSD-3-Clause,2011-02-26 06:48:00.000,2026-09-18 06:21:14.000,220.0,23.0,2023.0,"Accurately separates a URLs subdomain, domain, and public suffix, using the Public Suffix List (PSL).",31,True,,conda-forge/tldextract,tldextract,https://pypi.org/project/tldextract,2026-08-08 20:53:12.000,2026-08-08 20:53:12.000,5.3.2,66.0,1076.0,33642619.0,33657137.0,https://anaconda.org/conda-forge/tldextract,2026-09-06 14:10:58.157,929191.0,1.0,,,,,,,,,,,,,,,,,,,,,,,,
75,pynacl,pyca/pynacl,others,,https://github.com/pyca/pynacl,144455.0,142769.0,78.0,https://github.com/pyca/pynacl,Apache-2.0,2013-02-22 03:52:39.000,2026-09-09 12:39:10.926,256.0,54.0,1193.0,Python binding to the Networking and Cryptography (NaCl) library.,31,True,,conda-forge/pynacl,pynacl,https://pypi.org/project/pynacl,2026-01-01 17:31:57.000,2026-01-01 17:31:57.000,1.6.2,19.0,1686.0,161754994.0,161997580.0,https://anaconda.org/conda-forge/pynacl,2026-09-09 12:39:10.926,17466222.0,1.0,,,,,,,,,,,,,,,,,,,,,,,,
76,pyopenssl,pyca/pyopenssl,others,,https://github.com/pyca/pyopenssl,287661.0,284408.0,120.0,https://github.com/pyca/pyopenssl,Apache-2.0,2014-01-09 20:10:36.000,2026-08-06 10:34:02.000,436.0,86.0,944.0,A Python wrapper around the OpenSSL library.,31,True,,conda-forge/pyopenssl,pyopenssl,https://pypi.org/project/pyopenssl,2026-08-01 19:50:48.000,2026-08-01 19:50:48.000,26.4.0,47.0,3253.0,170529148.0,171278030.0,https://anaconda.org/conda-forge/pyopenssl,2026-08-02 02:59:44.310,52421782.0,1.0,,,,,,,,,,,,,,,,,,,,,,,,
77,flask-cors,corydolphin/flask-cors,flask-utils,,https://github.com/corydolphin/flask-cors,463284.0,462174.0,54.0,https://github.com/corydolphin/flask-cors,MIT,2013-07-28 21:33:57.000,2026-06-09 01:52:38.000,154.0,39.0,933.0,Cross Origin Resource Sharing ( CORS ) support for Flask.,31,True,['flask'],conda-forge/flask-cors,flask-cors,https://pypi.org/project/flask-cors,2026-06-08 20:20:16.000,2026-06-08 20:20:16.000,6.0.5,58.0,1110.0,41480836.0,41516377.0,https://anaconda.org/conda-forge/flask-cors,2026-06-09 00:55:09.624,2274672.0,1.0,,,,,,,,,,,,,,,,,,,,,,,,
78,httpcore,encode/httpcore,http-clients,,https://github.com/encode/httpcore,451130.0,450159.0,59.0,https://github.com/encode/httpcore,BSD-3-Clause,2020-01-30 12:41:11.000,2026-01-08 03:07:35.000,170.0,48.0,543.0,A minimal HTTP client.,31,True,,conda-forge/httpcore,httpcore,https://pypi.org/project/httpcore,2025-04-24 22:06:20.000,2025-04-24 22:06:20.000,1.0.9,64.0,971.0,586002129.0,586336231.0,https://anaconda.org/conda-forge/httpcore,2025-04-25 17:42:16.142,25391820.0,2.0,,,,,,,,,,,,,,,,,,,,,,,,
79,idna,kjd/idna,others,,https://github.com/kjd/idna,2553155.0,2541936.0,49.0,https://github.com/kjd/idna,BSD-3-Clause,2013-05-27 22:22:13.000,2026-09-21 19:53:53.203,129.0,1.0,294.0,Internationalized Domain Names for Python (IDNA 2008 and UTS #46).,31,True,,conda-forge/idna,idna,https://pypi.org/project/idna,2026-09-17 14:11:03.000,,,43.0,11219.0,1274776039.0,1276085657.0,https://anaconda.org/conda-forge/idna,2026-09-21 19:53:53.203,98221369.0,1.0,,,,,,,,,,,,,,,,,,,,,,,,
80,soupsieve,facelessuser/soupsieve,web-scraping,,https://github.com/facelessuser/soupsieve,764681.0,762661.0,18.0,https://github.com/facelessuser/soupsieve,MIT,2018-12-07 07:42:56.000,2026-09-24 08:22:29.174,86.0,13.0,269.0,A modern CSS selector implementation for BeautifulSoup.,31,True,,conda-forge/soupsieve,soupsieve,https://pypi.org/project/soupsieve,2026-09-24 02:36:33.000,2026-08-07 00:57:23.000,2.9.2,56.0,2020.0,290307881.0,290876928.0,https://anaconda.org/conda-forge/soupsieve,2026-09-24 08:22:29.174,41540474.0,1.0,,,,,,,,,,,,,,,,,,,,,,,,
81,scapy,secdev/scapy,others,,https://github.com/secdev/scapy,24681.0,23917.0,551.0,https://github.com/secdev/scapy,GPL-2.0,2015-10-01 17:06:46.000,2026-09-12 17:07:21.000,2245.0,139.0,12547.0,Scapy: the Python-based interactive packet manipulation program & library.,30,True,,conda-forge/scapy,scapy,https://pypi.org/project/scapy,2026-04-13 20:54:07.000,2025-12-26 22:07:48.000,2.7.0,32.0,764.0,3166293.0,3168904.0,https://anaconda.org/conda-forge/scapy,2025-12-27 00:28:08.944,188055.0,2.0,,,,,,,,,,,,,,,,,,,,,,,,
82,django-cms,django-cms/django-cms,cms,,https://github.com/django-cms/django-cms,5896.0,5524.0,605.0,https://github.com/django-cms/django-cms,BSD-3-Clause,2009-03-05 10:14:18.000,2026-09-24 14:37:20.000,3193.0,6.0,10670.0,The easy-to-use and developer-friendly enterprise CMS powered by Django.,30,True,['django'],,django-cms,https://pypi.org/project/django-cms,2026-09-24 14:37:20.000,2026-09-24 14:37:20.000,5.0.13,153.0,372.0,97769.0,97769.0,,,,2.0,,,,,,,,,,,,,,,,,,,,,,,,
83,falcon,falconry/falcon,web-frameworks,,https://github.com/falconry/falcon,11020.0,10587.0,248.0,https://github.com/falconry/falcon,Apache-2.0,2012-12-06 18:17:51.000,2026-09-04 11:19:10.928,1002.0,160.0,9794.0,"The no-magic web API and microservices framework for Python developers, with a focus on reliability and performance at..",30,True,,conda-forge/falcon,falcon,https://pypi.org/project/falcon,2026-06-16 05:31:23.000,2026-06-16 05:31:23.000,4.3.1,103.0,433.0,1299565.0,1316529.0,https://anaconda.org/conda-forge/falcon,2026-09-04 11:19:10.928,1204457.0,2.0,,,,,,,,,,,,,,,,,,,,,,,,
84,gspread,burnash/gspread,third-party-apis,,https://github.com/burnash/gspread,55759.0,55222.0,197.0,https://github.com/burnash/gspread,MIT,2011-12-02 10:46:20.000,2026-06-25 09:09:15.261,972.0,67.0,7389.0,Google Sheets Python API.,30,True,,conda-forge/gspread,gspread,https://pypi.org/project/gspread,2025-05-14 15:56:24.000,2025-05-14 15:56:24.000,6.2.1,83.0,537.0,32015010.0,32022356.0,https://anaconda.org/conda-forge/gspread,2026-06-25 09:09:15.261,543663.0,2.0,,,,,,,,,,,,,,,,,,,,,,,,
85,flask-restful,flask-restful/flask-restful,web-frameworks,,https://github.com/flask-restful/flask-restful,124897.0,124169.0,163.0,https://github.com/flask-restful/flask-restful,BSD-3-Clause,2012-10-12 00:08:51.000,2026-09-01 07:28:17.333,1040.0,143.0,6916.0,Simple framework for creating REST APIs.,30,True,['flask'],conda-forge/flask-restful,flask-restful,https://pypi.org/project/flask-restful,2023-05-21 03:59:07.841,2023-05-21 03:59:07.841,0.3.10,33.0,728.0,2089443.0,2095717.0,https://anaconda.org/conda-forge/flask-restful,2026-09-01 07:28:17.333,401557.0,2.0,,,,,,,,,,,,,,,,,,,,,,,,
86,flask-admin,flask-admin/flask-admin,admin-ui,,https://flask-admin.readthedocs.io,33434.0,33221.0,395.0,,BSD-3-Clause,2020-10-26 07:59:52.860,2026-09-24 07:29:27.890,1644.0,,6069.0,Simple and extensible admin interface framework for Flask.,30,True,['flask'],conda-forge/flask-admin,flask-admin,https://pypi.org/project/flask-admin,2026-09-21 06:11:06.000,2026-09-21 06:11:06.000,2.2.1,53.0,213.0,2439992.0,2446747.0,https://anaconda.org/conda-forge/flask-admin,2026-09-24 07:29:27.890,479612.0,1.0,,,,,,,,,,,,,,,,,,,,,,,,
87,Panel,holoviz/panel,web-ui,,https://github.com/holoviz/panel,19753.0,19018.0,270.0,https://github.com/holoviz/panel,BSD-3-Clause,2018-08-23 12:14:24.000,2026-09-21 13:49:02.000,627.0,1113.0,5775.0,Panel: The powerful data exploration & web app framework for Python.,30,True,,,panel,https://pypi.org/project/panel,2026-09-21 13:49:02.000,2026-08-17 12:33:30.000,1.9.4,512.0,735.0,1422818.0,1422818.0,,,,1.0,,,,,,,,,,,,,,,,,,,,,,,,
88,django-crispy-forms,django-crispy-forms/django-crispy-forms,forms,,https://github.com/django-crispy-forms/django-crispy-forms,169982.0,169473.0,232.0,https://github.com/django-crispy-forms/django-crispy-forms,MIT,2011-11-01 11:48:03.000,2026-07-29 11:12:11.000,730.0,72.0,5161.0,The best way to have DRY Django forms. The app provides a tag and filter that lets you quickly render forms in a div..,30,True,['django'],conda-forge/django-crispy-forms,django-crispy-forms,https://pypi.org/project/django-crispy-forms,2026-07-29 11:12:11.000,2022-01-25 08:08:34.000,1.14.0,47.0,509.0,2191172.0,2195001.0,https://anaconda.org/conda-forge/django-crispy-forms,2026-03-01 11:27:30.459,268068.0,1.0,,,,,,,,,,,,,,,,,,,,,,,,
89,Strawberry GraphQL,strawberry-graphql/strawberry,graphql,,https://github.com/strawberry-graphql/strawberry,6338.0,6052.0,383.0,https://github.com/strawberry-graphql/strawberry,MIT,2018-12-21 08:56:55.000,2026-09-07 19:36:29.000,660.0,304.0,4713.0,A GraphQL library for Python that leverages type annotations.,30,True,['graphql'],,strawberry-graphql,https://pypi.org/project/strawberry-graphql,2026-09-07 19:36:22.000,2026-09-07 19:36:22.000,0.327.7,1114.0,286.0,5749148.0,5749148.0,,,,1.0,,,,,,,,,,,,,,,,,,,,,,,,
90,python-socketio,miguelgrinberg/python-socketio,websocket,,https://github.com/miguelgrinberg/python-socketio,72480.0,71268.0,86.0,https://github.com/miguelgrinberg/python-socketio,MIT,2015-07-15 06:17:03.000,2026-09-23 12:14:01.034,624.0,,4369.0,Python Socket.IO server and client.,30,True,,conda-forge/python-socketio,python-socketio,https://pypi.org/project/python-socketio,2026-09-14 22:51:01.000,2026-09-14 22:51:01.000,5.17.0,111.0,1212.0,21247147.0,21264883.0,https://anaconda.org/conda-forge/python-socketio,2026-09-23 12:14:01.034,1223809.0,2.0,,,,,,,,,,,,,,,,,,,,,,,,
91,praw,praw-dev/praw,third-party-apis,,https://github.com/praw-dev/praw,28130.0,27689.0,237.0,https://github.com/praw-dev/praw,BSD-2-Clause,2010-08-19 04:00:07.000,2026-08-20 22:15:59.094,498.0,,4225.0,"PRAW, an acronym for Python Reddit API Wrapper, is a python package that allows for simple access to Reddits API.",30,True,,conda-forge/praw,praw,https://pypi.org/project/praw,2026-08-12 16:57:30.000,2026-08-12 16:57:30.000,8.0.3,136.0,441.0,1198098.0,1200009.0,https://anaconda.org/conda-forge/praw,2026-08-20 22:15:59.094,112783.0,2.0,,,,,,,,,,,,,,,,,,,,,,,,
92,python-slack-sdk,slackapi/python-slack-sdk,third-party-apis,,https://github.com/slackapi/python-slack-sdk,1402.0,,197.0,https://github.com/slackapi/python-slack-sdk,MIT,2014-11-10 21:32:02.000,2026-09-03 19:48:40.868,856.0,57.0,4015.0,Slack Developer Kit for Python.,30,True,,conda-forge/slack-sdk,slack-sdk,https://pypi.org/project/slack-sdk,2026-09-03 14:21:12.000,2026-09-03 14:21:12.000,3.44.1,134.0,1402.0,73289733.0,73304904.0,https://anaconda.org/conda-forge/slack-sdk,2026-09-03 19:48:40.868,1016510.0,2.0,,,,,,,,,,,,,,,,,,,,,,,,
93,django-import-export,django-import-export/django-import-export,django-utils,,https://github.com/django-import-export/django-import-export,133171.0,132956.0,251.0,https://github.com/django-import-export/django-import-export,BSD-2-Clause,2012-11-15 13:12:22.000,2026-05-05 15:44:35.491,825.0,25.0,3320.0,Django application and library for importing and exporting data with admin integration.,30,True,['django'],conda-forge/django-import-export,django-import-export,https://pypi.org/project/django-import-export,2026-05-05 12:42:42.000,2026-05-05 12:42:42.000,4.4.1,110.0,215.0,2331119.0,2334901.0,https://anaconda.org/conda-forge/django-import-export,2026-05-05 15:44:35.491,283650.0,1.0,,,,,,,,,,,,,,,,,,,,,,,,
94,pyotp,pyauth/pyotp,auth,,https://github.com/pyauth/pyotp,29072.0,28613.0,53.0,https://github.com/pyauth/pyotp,MIT,2011-09-23 13:10:31.000,2026-09-06 12:43:39.949,353.0,5.0,3311.0,Python One-Time Password Library.,30,True,,conda-forge/pyotp,pyotp,https://pypi.org/project/pyotp,2023-07-27 23:41:01.000,2023-07-27 23:41:01.000,2.9.0,24.0,459.0,30136073.0,30137935.0,https://anaconda.org/conda-forge/pyotp,2026-09-06 12:43:39.949,135983.0,2.0,,,,,,,,,,,,,,,,,,,,,,,,
95,django-environ,joke2k/django-environ,django-utils,,https://github.com/joke2k/django-environ,283532.0,283014.0,113.0,https://github.com/joke2k/django-environ,MIT,2013-04-02 13:50:07.000,2026-06-19 00:32:42.284,340.0,50.0,3159.0,Django-environ allows you to utilize 12factor inspired environment variables to configure your Django application.,30,True,['django'],conda-forge/django-environ,django-environ,https://pypi.org/project/django-environ,2026-06-18 22:49:54.000,2026-06-18 22:49:54.000,0.14.0,25.0,518.0,6574310.0,6580573.0,https://anaconda.org/conda-forge/django-environ,2026-06-19 00:32:42.284,244278.0,1.0,,,,,,,,,,,,,,,,,,,,,,,,
96,vcrpy,kevin1024/vcrpy,testing,,https://github.com/kevin1024/vcrpy,13216.0,12529.0,166.0,https://github.com/kevin1024/vcrpy,MIT,2012-05-29 04:52:00.000,2026-07-28 13:34:17.000,429.0,148.0,2979.0,Automatically mock your HTTP interactions to simplify and speed up testing.,30,True,,conda-forge/vcrpy,vcrpy,https://pypi.org/project/vcrpy,2026-07-04 14:27:00.000,2026-07-04 14:27:00.000,8.3.0,80.0,687.0,23407805.0,23423257.0,https://anaconda.org/conda-forge/vcrpy,2026-07-06 23:51:23.862,1143515.0,2.0,,,,,,,,,,,,,,,,,,,,,,,,
97,django-storages,jschneier/django-storages,django-utils,,https://github.com/jschneier/django-storages,225323.0,225099.0,285.0,https://github.com/jschneier/django-storages,BSD-3-Clause,2014-12-09 00:37:09.000,2025-04-22 14:56:39.267,873.0,134.0,2825.0,Django-storages is a project to provide a variety of storage backends in a single library.,30,False,['django'],conda-forge/django-storages,django-storages,https://pypi.org/project/django-storages,2025-04-02 02:34:53.000,2025-04-02 02:34:53.000,1.14.6,46.0,224.0,11659223.0,11661946.0,https://anaconda.org/conda-forge/django-storages,2025-04-22 14:56:39.267,168829.0,1.0,,,,,,,,,,,,,,,,,,,,,,,,
98,daphne,django/daphne,websocket,,https://github.com/django/daphne,40837.0,40629.0,80.0,https://github.com/django/daphne,BSD-3-Clause,2015-12-23 17:06:46.000,2026-07-21 16:05:23.854,289.0,39.0,2675.0,Django Channels HTTP/WebSocket server.,30,True,['django'],conda-forge/daphne,daphne,https://pypi.org/project/daphne,2026-07-21 13:15:18.000,2026-07-21 13:15:18.000,4.2.3,64.0,208.0,4282744.0,4286127.0,https://anaconda.org/conda-forge/daphne,2026-07-21 16:05:23.854,240225.0,2.0,,,,,,,,,,,,,,,,,,,,,,,,
99,django-stubs,typeddjango/django-stubs,django-utils,,https://github.com/typeddjango/django-stubs,16317.0,15649.0,352.0,https://github.com/typeddjango/django-stubs,MIT,2018-07-29 17:08:50.000,2026-09-19 16:50:01.861,571.0,172.0,1972.0,PEP-484 stubs for Django.,30,True,['django'],conda-forge/django-stubs,django-stubs,https://pypi.org/project/django-stubs,2026-09-14 08:46:23.000,2026-09-14 08:46:23.000,6.1.1,84.0,668.0,10319256.0,10320774.0,https://anaconda.org/conda-forge/django-stubs,2026-09-19 16:50:01.861,98717.0,1.0,,,,,,,,,,,,,,,,,,,,,,,,
100,django-money,django-money/django-money,django-utils,,https://github.com/django-money/django-money,50.0,,127.0,https://github.com/django-money/django-money,BSD-3-Clause,2011-05-15 12:13:19.000,2026-06-15 22:07:51.000,322.0,90.0,1777.0,Money fields for Django forms and models.,30,True,['django'],,django-money,https://pypi.org/project/django-money,2026-06-07 10:52:33.000,2026-06-07 10:52:33.000,3.6.1,77.0,50.0,695954.0,695954.0,,,,1.0,2026-06-15 22:07:51,1230.0,22.0,430.0,297.0,,,,,,,,,,,,,,,,,,,
101,pytest-django,pytest-dev/pytest-django,testing,,https://github.com/pytest-dev/pytest-django,102917.0,99465.0,161.0,https://github.com/pytest-dev/pytest-django,,2011-09-29 19:35:55.000,2026-09-01 00:56:15.000,367.0,193.0,1547.0,A Django plugin for pytest.,30,False,['django'],conda-forge/pytest-django,pytest-django,https://pypi.org/project/pytest-django,2026-08-10 14:13:06.000,2026-08-10 14:13:06.000,4.14.0,70.0,3452.0,20315143.0,20324129.0,https://anaconda.org/conda-forge/pytest-django,2026-08-05 23:25:45.534,647020.0,2.0,,,,,,,,,,,,,,,,,,,,,,,,
102,Yarl,aio-libs/yarl,url-utils,,https://github.com/aio-libs/yarl,3568.0,,136.0,https://github.com/aio-libs/yarl,Apache-2.0,2016-08-02 12:56:42.000,2026-09-15 19:29:53.000,216.0,81.0,1497.0,Yet another URL library.,30,True,,conda-forge/yarl,yarl,https://pypi.org/project/yarl,2026-09-15 19:29:53.000,2026-09-15 19:29:53.000,1.25.1,139.0,3568.0,444769997.0,445204011.0,https://anaconda.org/conda-forge/yarl,2026-07-20 05:56:56.085,30815052.0,2.0,,,,,,,,,,,,,,,,,,,,,,,,
103,PySocks,Anorov/PySocks,others,,https://github.com/Anorov/PySocks,247499.0,246360.0,32.0,https://github.com/Anorov/PySocks,BSD-3-Clause,2012-02-21 09:10:49.000,2025-04-22 14:56:26.583,267.0,64.0,1281.0,A SOCKS proxy client and wrapper for Python.,30,False,,conda-forge/pysocks,pysocks,https://pypi.org/project/pysocks,2019-09-20 02:06:20.000,2019-09-20 02:06:20.000,1.7.1,19.0,1139.0,40441589.0,41718597.0,https://anaconda.org/conda-forge/pysocks,2025-04-22 14:56:26.583,91944584.0,2.0,,,,,,,,,,,,,,,,,,,,,,,,
104,pymdown-extensions,facelessuser/pymdown-extensions,markdown,,https://github.com/facelessuser/pymdown-extensions,67183.0,64305.0,66.0,https://github.com/facelessuser/pymdown-extensions,MIT,2014-11-21 06:08:04.000,2026-09-24 01:30:06.590,270.0,15.0,1130.0,Extensions for Python Markdown.,30,True,,conda-forge/pymdown-extensions,pymdown-extensions,https://pypi.org/project/pymdown-extensions,2026-09-23 00:08:40.000,2026-09-15 23:20:31.000,12.0.1,124.0,2878.0,18471112.0,18484024.0,https://anaconda.org/conda-forge/pymdown-extensions,2026-09-24 01:30:06.590,942584.0,2.0,,,,,,,,,,,,,,,,,,,,,,,,
105,requests-toolbelt,requests/toolbelt,http-clients,,https://github.com/requests/toolbelt,199125.0,196490.0,72.0,https://github.com/requests/toolbelt,Apache-2.0,2013-12-29 21:19:08.000,2025-04-22 14:56:21.422,193.0,92.0,1032.0,A toolbelt of useful classes and functions to be used with python-requests.,30,False,,conda-forge/requests-toolbelt,requests-toolbelt,https://pypi.org/project/requests-toolbelt,2023-05-01 04:12:06.235,2023-05-01 04:12:06.235,1.0.0,21.0,2635.0,194283494.0,194668903.0,https://anaconda.org/conda-forge/requests-toolbelt,2025-04-22 14:56:21.422,18114256.0,2.0,,,,,,,,,,,,,,,,,,,,,,,,
106,certifi,certifi/python-certifi,others,,https://github.com/certifi/python-certifi,15515.0,5.0,42.0,https://github.com/certifi/python-certifi,MPL-2.0,2011-12-28 05:15:19.000,2026-08-25 22:06:14.000,296.0,4.0,994.0,(Python Distribution) A carefully curated collection of Root Certificates for validating the trustworthiness of SSL..,30,True,,conda-forge/certifi,certifi,https://pypi.org/project/certifi,2026-07-22 03:35:11.000,2026-07-22 03:35:11.000,2026.7.22,77.0,15510.0,1237903937.0,1240735406.0,https://anaconda.org/conda-forge/certifi,2026-07-22 10:55:36.266,212360204.0,2.0,,,,,,,,,,,,,,,,,,,,,,,,
107,httplib2,httplib2/httplib2,http-clients,,https://github.com/httplib2/httplib2,273522.0,272277.0,80.0,https://github.com/httplib2/httplib2,MIT,2016-03-02 22:59:52.000,2026-06-26 12:36:29.231,187.0,62.0,509.0,"Small, fast HTTP client library for Python. Features persistent connections, cache, and Google App Engine support...",30,True,,conda-forge/httplib2,httplib2,https://pypi.org/project/httplib2,2026-06-26 10:13:54.000,2026-06-26 10:13:54.000,0.32.0,45.0,1245.0,115842709.0,115919463.0,https://anaconda.org/conda-forge/httplib2,2026-06-26 12:36:29.231,5833350.0,2.0,,,,,,3.0,,,,,,,,,,,,,,,,,,
108,Mako,sqlalchemy/mako,others,,https://github.com/sqlalchemy/mako,340912.0,339442.0,63.0,https://github.com/sqlalchemy/mako,MIT,2018-11-26 22:21:34.000,2026-09-24 05:26:21.952,94.0,58.0,459.0,Mako Templates for Python.,30,True,,conda-forge/mako,mako,https://pypi.org/project/mako,2026-09-22 20:54:33.000,2026-09-22 20:40:56.000,1.4.2,83.0,1470.0,171955792.0,172154251.0,https://anaconda.org/conda-forge/mako,2026-09-24 05:26:21.952,14686002.0,2.0,,,,,,,,,,,,,,,,,,,,,,,,
109,NiceGUI,zauberzeug/nicegui,web-ui,,https://github.com/zauberzeug/nicegui,3612.0,3066.0,242.0,https://github.com/zauberzeug/nicegui,MIT,2021-05-07 13:55:05.000,2026-09-22 08:18:58.141,949.0,66.0,16228.0,Create web-based user interfaces with Python. The nice way.,29,True,,conda-forge/nicegui,nicegui,https://pypi.org/project/nicegui,2026-09-18 16:41:23.000,2026-09-18 16:41:23.000,3.17.1,317.0,546.0,837015.0,843149.0,https://anaconda.org/conda-forge/nicegui,2026-09-22 08:18:58.141,188559.0,2.0,,,,,,,,,,,,,,,zauberzeug/nicegui,https://hub.docker.com/r/zauberzeug/nicegui,2026-09-18 16:44:41.868089,12.0,98256.0,,,,,
110,SeleniumBase,seleniumbase/SeleniumBase,testing,,https://github.com/seleniumbase/SeleniumBase,2928.0,2791.0,40.0,https://github.com/seleniumbase/SeleniumBase,MIT,2014-03-04 23:07:33.000,2026-09-22 15:07:31.000,1588.0,15.0,13032.0,"Browser automation, web scraping, and testing. CDP Mode provides a Stealthy Chromium instance that bypasses bot-..",29,True,,,seleniumbase,https://pypi.org/project/seleniumbase,2026-09-22 15:07:31.000,2026-09-22 15:07:31.000,4.54.11,1220.0,137.0,1288327.0,1288327.0,,,,2.0,,,,,,,,,,,,,,,,,,,,,,,,
111,pytube,pytube/pytube,third-party-apis,,https://github.com/pytube/pytube,58580.0,58045.0,112.0,https://github.com/pytube/pytube,Unlicense,2012-03-18 19:33:44.000,2026-04-27 15:51:36.772,2516.0,710.0,12303.0,"A lightweight, dependency-free Python library (and command-line utility) for downloading YouTube Videos.",29,True,,conda-forge/pytube,pytube,https://pypi.org/project/pytube,2023-05-07 19:40:40.414,2023-05-07 19:40:40.414,15.0.0,86.0,535.0,2322929.0,2323524.0,https://anaconda.org/conda-forge/pytube,2026-04-27 15:51:36.772,35110.0,2.0,,,,,,,,,,,,,,,,,,,,,,,,
112,litestar,litestar-org/litestar,web-frameworks,,https://github.com/litestar-org/litestar,2718.0,2441.0,308.0,https://github.com/litestar-org/litestar,MIT,2021-12-06 19:43:06.000,2026-08-03 14:21:09.000,593.0,300.0,8374.0,"Light, flexible and extensible ASGI framework | Built to scale.",29,True,['openapi'],,litestar,https://pypi.org/project/litestar,2026-06-11 11:26:58.000,2026-06-11 11:26:58.000,2.24.0,65.0,277.0,1657354.0,1657354.0,,,,2.0,,,,,,,,,,,,,,,,,,,,,,,,
113,trafilatura,adbar/trafilatura,web-scraping,,https://github.com/adbar/trafilatura,11436.0,10328.0,76.0,https://github.com/adbar/trafilatura,Apache-2.0,2019-04-08 11:38:48.000,2026-07-31 16:07:10.000,399.0,67.0,6380.0,"Python & Command-line tool to gather text and metadata on the Web: Crawling, scraping, extraction, output as CSV,..",29,True,,,trafilatura,https://pypi.org/project/trafilatura,2026-07-31 16:06:46.000,2026-07-31 16:06:46.000,2.2.0,52.0,1108.0,11736481.0,11736481.0,,,,1.0,,,,,,,,,,,,,,,,,,,,,,,,
114,web3.py,ethereum/web3.py,others,,https://github.com/ApeWorX/web3.py,2401.0,,316.0,,MIT,2020-10-12 21:54:14.577,2026-08-31 21:43:26.000,1724.0,,5519.0,web3: A Python library for interacting with Ethereum.,29,True,,conda-forge/web3,web3,https://pypi.org/project/web3,2026-08-31 21:43:26.000,2026-08-31 21:43:26.000,8.0.0,255.0,2401.0,4354640.0,4371565.0,https://anaconda.org/conda-forge/web3,2026-05-06 13:30:13.795,1201680.0,2.0,,,,,,,,,,,,,,,,,,,,,,,,
115,django-cors-headers,adamchainz/django-cors-headers,django-utils,,https://github.com/adamchainz/django-cors-headers,316641.0,316128.0,70.0,https://github.com/adamchainz/django-cors-headers,MIT,2013-01-19 08:39:17.000,2025-09-18 14:25:07.383,540.0,5.0,5515.0,Django app for handling the server headers required for Cross-Origin Resource Sharing (CORS).,29,True,['django'],conda-forge/django-cors-headers,django-cors-headers,https://pypi.org/project/django-cors-headers,2025-09-18 10:40:50.000,2025-09-18 10:40:50.000,4.9.0,61.0,513.0,18320609.0,18324382.0,https://anaconda.org/conda-forge/django-cors-headers,2025-09-18 14:25:07.383,283047.0,1.0,,,,,,,,,,,,,,,,,,,,,,,,
116,django-silk,jazzband/django-silk,testing,,https://github.com/jazzband/django-silk,6632.0,6583.0,174.0,https://github.com/jazzband/django-silk,MIT,2014-05-21 21:14:45.000,2026-09-12 05:37:10.000,374.0,125.0,4994.0,Silky smooth profiling for Django.,29,True,['django'],,django-silk,https://pypi.org/project/django-silk,2026-09-12 05:37:10.000,2026-09-12 05:37:10.000,5.6.0,54.0,49.0,2217964.0,2217964.0,,,,2.0,,,,,,,,,,,,,,,,,,,,,,,,
117,flask-sqlalchemy,pallets/flask-sqlalchemy,flask-utils,,https://flask-sqlalchemy.readthedocs.io,540825.0,539497.0,122.0,,BSD-3-Clause,2020-05-26 01:14:50.708,2025-12-01 16:04:19.932,904.0,,4312.0,Add SQLAlchemy support to your Flask application.,29,True,['flask'],conda-forge/flask-sqlalchemy,flask-sqlalchemy,https://pypi.org/project/flask-sqlalchemy,2023-09-11 21:42:34.000,2023-09-11 21:42:34.000,3.1.1,35.0,1328.0,13066790.0,13080280.0,https://anaconda.org/conda-forge/flask-sqlalchemy,2025-12-01 16:04:19.932,1025307.0,1.0,,,,,,,,,,,,,,,,,,,,,,,,
118,django-guardian,django-guardian/django-guardian,auth,,https://github.com/django-guardian/django-guardian,7973.0,7855.0,195.0,https://github.com/django-guardian/django-guardian,BSD-2-Clause,2010-06-04 23:15:37.000,2026-09-13 18:02:35.378,594.0,31.0,3912.0,Per object permissions for Django.,29,True,['django'],conda-forge/django-guardian,django-guardian,https://pypi.org/project/django-guardian,2026-09-12 18:03:25.000,2026-09-12 18:03:25.000,3.5.0,64.0,118.0,838619.0,841304.0,https://anaconda.org/conda-forge/django-guardian,2026-09-13 18:02:35.378,174554.0,2.0,,,,,,,,,,,,,,,,,,,,,,,,
119,flask-login,maxcountryman/flask-login,auth,,https://github.com/maxcountryman/flask-login,226168.0,225496.0,119.0,https://github.com/maxcountryman/flask-login,MIT,2012-03-11 14:42:33.000,2025-04-22 14:56:25.112,803.0,16.0,3582.0,Flask user session management.,29,False,['flask'],conda-forge/flask-login,flask-login,https://pypi.org/project/flask-login,2023-10-30 14:53:19.000,2023-10-30 14:53:19.000,0.6.3,25.0,672.0,17984380.0,17997455.0,https://anaconda.org/conda-forge/flask-login,2025-04-22 14:56:25.112,706091.0,2.0,,,,,,,,,,,,,,,,,,,,,,,,
120,pyquery,gawel/pyquery,html-processing,,https://github.com/gawel/pyquery,28410.0,27808.0,54.0,https://github.com/gawel/pyquery,BSD-3-Clause,2012-11-28 20:27:39.000,2026-07-27 19:00:11.000,185.0,58.0,2381.0,A jquery-like library for python.,29,True,,conda-forge/pyquery,pyquery,https://pypi.org/project/pyquery,2026-07-27 19:00:04.000,2026-07-27 19:00:04.000,2.1.0,39.0,602.0,1215650.0,1217377.0,https://anaconda.org/conda-forge/pyquery,2025-04-22 14:56:42.143,120900.0,3.0,,,,,,,,,,,,,,,,,,,,,,,,
121,Flask-Migrate,miguelgrinberg/Flask-Migrate,flask-utils,,https://github.com/miguelgrinberg/Flask-Migrate,193411.0,193009.0,51.0,https://github.com/miguelgrinberg/Flask-Migrate,MIT,2013-09-08 19:24:57.000,2025-04-22 14:56:28.718,228.0,1.0,2369.0,SQLAlchemy database migrations for Flask applications using Alembic.,29,False,['flask'],conda-forge/flask-migrate,flask-migrate,https://pypi.org/project/flask-migrate,2025-01-10 18:51:09.000,2025-01-10 18:51:09.000,4.1.0,48.0,402.0,3534727.0,3544689.0,https://anaconda.org/conda-forge/flask-migrate,2025-04-22 14:56:28.718,707364.0,1.0,,,,,,,,,,,,,,,,,,,,,,,,
122,jira,pycontribs/jira,third-party-apis,,https://github.com/pycontribs/jira,11925.0,11475.0,270.0,https://github.com/pycontribs/jira,BSD-2-Clause,2014-06-28 14:06:53.000,2026-08-24 13:46:30.236,895.0,223.0,2105.0,Python Jira library. Development chat available on https://matrix.to/#/#pycontribs:matrix.org.,29,True,,conda-forge/jira,jira,https://pypi.org/project/jira,2025-07-28 12:18:21.000,2025-07-28 12:18:21.000,3.10.5,71.0,450.0,17452374.0,17457506.0,https://anaconda.org/conda-forge/jira,2026-08-24 13:46:30.236,302816.0,2.0,,,,,,,,,,,,,,,,,,,,,,,,
123,stripe,stripe/stripe-python,third-party-apis,,https://github.com/stripe/stripe-python,804.0,,373.0,https://github.com/stripe/stripe-python,MIT,2011-06-25 19:53:04.000,2026-09-23 22:23:58.000,538.0,21.0,2051.0,Python library for the Stripe API.,29,True,,anaconda/stripe,stripe,https://pypi.org/project/stripe,2026-09-23 22:23:58.000,2026-09-01 18:44:39.000,15.6.1,569.0,804.0,34857451.0,34857840.0,https://anaconda.org/anaconda/stripe,2026-09-15 00:13:10.356,50630.0,2.0,,,,,,,,,,,,,,,,,,,,,,,,
124,python-zeep,mvantellingen/python-zeep,http-clients,,https://github.com/mvantellingen/python-zeep,753.0,,149.0,https://github.com/mvantellingen/python-zeep,MIT,2016-02-14 10:31:07.000,2026-07-10 12:45:43.320,608.0,466.0,2002.0,A Python SOAP client.,29,True,,conda-forge/zeep,zeep,https://pypi.org/project/zeep,2026-06-18 17:17:57.000,2026-06-18 17:17:57.000,4.3.3,69.0,753.0,30204792.0,30214070.0,https://anaconda.org/conda-forge/zeep,2026-07-10 12:45:43.320,658781.0,3.0,,,,,,,,,,,,,,,,,,,,,,,,
125,django-autocomplete-light,yourlabs/django-autocomplete-light,django-utils,,https://github.com/yourlabs/django-autocomplete-light,4866.0,4756.0,201.0,https://github.com/yourlabs/django-autocomplete-light,MIT,2012-05-03 11:49:37.000,2026-09-09 06:37:05.000,459.0,211.0,1869.0,"A fresh approach to autocomplete implementations, specially for Django.",29,True,['django'],,django-autocomplete-light,https://pypi.org/project/django-autocomplete-light,2026-09-09 06:36:57.000,2026-06-18 11:55:00.000,4.0.3,238.0,110.0,679348.0,679348.0,,,,1.0,,,,,,,,,,,,,,,,,,,,,,,,
126,flask-jwt-extended,vimalloc/flask-jwt-extended,auth,,https://github.com/vimalloc/flask-jwt-extended,67515.0,67133.0,101.0,https://github.com/vimalloc/flask-jwt-extended,MIT,2016-09-13 20:57:28.000,2026-05-14 01:41:59.509,251.0,18.0,1583.0,An open source Flask extension that provides JWT support (with batteries included)!.,29,True,['flask'],conda-forge/flask-jwt-extended,flask-jwt-extended,https://pypi.org/project/flask-jwt-extended,2026-05-13 15:23:16.000,2026-05-13 15:23:16.000,4.7.4,92.0,382.0,5596832.0,5603662.0,https://anaconda.org/conda-forge/flask-jwt-extended,2026-05-14 01:41:59.509,478105.0,2.0,,,,,,,,,,,,,,,,,,,,,,,,
127,django-countries,SmileyChris/django-countries,django-utils,,https://github.com/SmileyChris/django-countries,29932.0,29779.0,59.0,https://github.com/SmileyChris/django-countries,MIT,2013-06-21 20:02:58.000,2026-09-10 22:24:23.000,301.0,3.0,1531.0,"A Django application that provides country choices for use with forms, flag icons static files, and a country field..",29,True,['django'],,django-countries,https://pypi.org/project/django-countries,2026-09-10 22:24:16.000,2026-09-10 22:24:16.000,9.1.0,78.0,153.0,1766498.0,1766498.0,,,,1.0,,,,,,,,,,,,,,,,,,,,,,,,
128,pycurl,pycurl/pycurl,http-clients,,https://github.com/pycurl/pycurl,75432.0,74956.0,121.0,https://github.com/pycurl/pycurl,LGPL-2.1,2013-08-03 20:56:39.000,2026-09-21 13:02:41.330,328.0,3.0,1169.0,PycURL - Python interface to libcurl.,29,False,,conda-forge/pycurl,pycurl,https://pypi.org/project/pycurl,2026-09-16 17:53:07.000,2026-09-16 17:53:07.000,7.48.0,63.0,476.0,3822517.0,3914806.0,https://anaconda.org/conda-forge/pycurl,2026-09-21 13:02:41.330,6552535.0,3.0,,,,,,,,,,,,,,,,,,,,,,,,
129,graphql-core,graphql-python/graphql-core,graphql,,https://github.com/graphql-python/graphql-core,44157.0,43482.0,46.0,https://github.com/graphql-python/graphql-core,MIT,2018-08-01 20:57:07.000,2026-08-28 01:52:55.688,146.0,30.0,530.0,A Python 3 port of the GraphQL.js reference implementation of GraphQL.,29,True,,conda-forge/graphql-core,graphql-core,https://pypi.org/project/graphql-core,2026-08-27 20:27:10.000,2026-08-27 20:25:47.000,3.2.12,110.0,675.0,60395336.0,60435475.0,https://anaconda.org/conda-forge/graphql-core,2026-08-28 01:52:55.688,3050583.0,2.0,,,,,,,,,,,,,,,,,,,,,,,,
130,youtube-dl,ytdl-org/youtube-dl,third-party-apis,,https://github.com/ytdl-org/youtube-dl,728.0,,1011.0,https://github.com/ytdl-org/youtube-dl,Unlicense,2010-10-31 14:35:07.000,2026-02-19 16:45:25.000,10667.0,4131.0,140874.0,Command-line program to download videos from YouTube.com and other video sites.,28,True,,conda-forge/youtube-dl,youtube_dl,https://pypi.org/project/youtube_dl,2021-12-16 19:02:14.000,2021-12-16 19:02:14.000,2021.12.17,955.0,728.0,147419.0,179719.0,https://anaconda.org/conda-forge/youtube-dl,2025-04-22 14:56:44.986,2454873.0,2.0,,,,,,,,,,,,,,,,,,,,youtube-dl,,,,
131,certbot,certbot/certbot,others,,https://github.com/certbot/certbot,3463.0,3004.0,559.0,https://github.com/certbot/certbot,,2014-11-12 02:52:20.000,2026-09-01 21:15:35.000,3509.0,188.0,33226.0,Certbot is EFFs tool to obtain certs from Lets Encrypt and (optionally) auto-enable HTTPS on your server. It can also..,28,False,,conda-forge/certbot-apache,certbot,https://pypi.org/project/certbot,2026-09-01 21:15:35.000,2026-09-01 21:15:35.000,5.8.0,134.0,459.0,452357.0,453586.0,https://anaconda.org/conda-forge/certbot-apache,2026-04-12 15:38:04.452,78680.0,2.0,,,,,,,,,,,,,,,,,,,,,,,,
132,impacket,SecureAuthCorp/impacket,others,,https://www.coresecurity.com,6852.0,6677.0,332.0,,Apache-2.0,,2026-05-19 15:30:36.000,3931.0,,15848.0,Network protocols Constructors and Dissectors.,28,True,,,impacket,https://pypi.org/project/impacket,2026-05-19 15:30:36.000,2026-05-19 15:30:36.000,0.13.1,19.0,175.0,578376.0,578376.0,,,,2.0,,,,,,3.0,,,,,,,,,,,,,,,,,,
133,chalice,aws/chalice,serverless,,https://github.com/aws/chalice,3363.0,3293.0,208.0,https://github.com/aws/chalice,Apache-2.0,2016-05-27 23:27:13.000,2026-05-07 22:47:53.697,1006.0,491.0,11044.0,Python Serverless Microframework for AWS.,28,True,,conda-forge/chalice,chalice,https://pypi.org/project/chalice,2026-05-07 19:02:18.000,2026-05-07 19:02:18.000,1.33.0,96.0,70.0,505616.0,514837.0,https://anaconda.org/conda-forge/chalice,2026-05-07 22:47:53.697,654730.0,1.0,,,,,,,,,,,,,,,,,,,,,,,,
134,Django-Ninja,vitalik/django-ninja,django-utils,,https://github.com/vitalik/django-ninja,274.0,,189.0,https://github.com/vitalik/django-ninja,MIT,2020-05-19 08:48:53.000,2026-09-19 17:14:43.081,613.0,222.0,9192.0,"Fast, Async-ready, Openapi, type hints based framework for building APIs.",28,True,,conda-forge/django-ninja,django-ninja,https://pypi.org/project/django-ninja,2026-09-19 05:35:54.000,2026-09-19 05:35:54.000,1.7.1,85.0,274.0,3246224.0,3247154.0,https://anaconda.org/conda-forge/django-ninja,2026-09-19 17:14:43.081,52106.0,2.0,,,,,,,,,,,,,,,,,,,,,,,,
135,pywebview,r0x0r/pywebview,others,,https://github.com/r0x0r/pywebview,5763.0,5274.0,192.0,https://github.com/r0x0r/pywebview,BSD-3-Clause,2014-11-20 11:05:46.000,2026-04-20 10:20:17.000,627.0,14.0,5871.0,"Build GUI for your Python program with JavaScript, HTML, and CSS.",28,True,,,pywebview,https://pypi.org/project/pywebview,2026-04-15 09:02:10.000,2026-04-15 09:02:10.000,6.2.1,79.0,489.0,1323813.0,1323813.0,,,,2.0,,,,,,,,,,,,,,,,,,,,,,,,
136,aiortc,aiortc/aiortc,others,,https://github.com/aiortc/aiortc,7351.0,7025.0,41.0,https://github.com/aiortc/aiortc,BSD-3-Clause,2018-02-23 22:05:16.000,2026-07-13 19:26:42.000,881.0,30.0,5074.0,WebRTC and ORTC implementation for Python using asyncio.,28,True,,,aiortc,https://pypi.org/project/aiortc,2026-07-13 19:26:42.000,2026-07-13 19:26:42.000,1.15.0,60.0,326.0,1599361.0,1599361.0,,,,2.0,,,,,,,,,,,,,,,,,,,,,,,,
137,connexion,zalando/connexion,openapi-utils,,https://connexion.readthedocs.io/en/latest/,17223.0,16998.0,244.0,,Apache-2.0,2021-02-13 12:55:08.526,2025-12-31 19:01:12.056,784.0,,4601.0,Connexion - API first applications with OpenAPI/Swagger.,28,True,['openapi'],conda-forge/connexion,connexion,https://pypi.org/project/connexion,2025-10-13 12:41:48.000,2025-10-13 12:41:48.000,3.3.0,165.0,225.0,4340117.0,4351368.0,https://anaconda.org/conda-forge/connexion,2025-12-31 19:01:12.056,753880.0,1.0,,,,,,,,,,,,,,,,,,,,,,,,
138,datamodel-code-generator,koxudaxi/datamodel-code-generator,openapi-utils,,https://github.com/datamodel-code-generator/datamodel-code-generator,4825.0,4144.0,217.0,,MIT,,2026-09-24 08:56:38.000,461.0,,4021.0,Datamodel Code Generator.,28,True,['openapi'],,datamodel-code-generator,https://pypi.org/project/datamodel-code-generator,2026-09-24 08:56:38.000,2026-09-24 08:56:38.000,0.83.0,287.0,681.0,13602666.0,13602666.0,,,,1.0,,,,,,,,,,,,,,,,,,,,,,,,
139,django-reversion,etianen/django-reversion,django-utils,,https://github.com/etianen/django-reversion,8025.0,7931.0,198.0,https://github.com/etianen/django-reversion,BSD-3-Clause,2010-05-31 15:32:25.000,2026-06-12 19:55:45.000,491.0,24.0,3163.0,django-reversion is an extension to the Django web framework that provides version control for model instances.,28,True,['django'],,django-reversion,https://pypi.org/project/django-reversion,2026-06-12 19:55:45.000,2026-06-12 19:55:45.000,6.3.0,88.0,94.0,2191558.0,2191558.0,,,,2.0,,,,,,,,,,,,,,,,,,,,,,,,
140,django-mptt,django-mptt/django-mptt,django-utils,,https://github.com/django-mptt/django-mptt,23920.0,23649.0,160.0,https://github.com/django-mptt/django-mptt,MIT,2010-08-31 19:12:55.000,2026-06-02 08:19:47.000,464.0,3.0,2975.0,Utilities for implementing a modified pre-order traversal tree in django.,28,True,['django'],anaconda/django-mptt,django-mptt,https://pypi.org/project/django-mptt,2026-06-02 08:19:47.000,2025-08-26 09:27:02.000,0.18.0,45.0,271.0,1038036.0,1038036.0,https://anaconda.org/anaconda/django-mptt,,,2.0,,,,,,,,,,,,,,,,,,,,,,,,
141,Wikipedia,goldsmith/Wikipedia,third-party-apis,,https://github.com/goldsmith/Wikipedia,79300.0,78886.0,23.0,https://github.com/goldsmith/Wikipedia,MIT,2013-08-20 06:39:09.000,2025-04-22 14:56:31.735,520.0,198.0,2859.0,A Pythonic wrapper for the Wikipedia API.,28,False,,conda-forge/wikipedia,wikipedia,https://pypi.org/project/wikipedia,2014-11-15 15:59:49.000,2014-11-15 15:59:49.000,1.4.0,20.0,414.0,809480.0,824958.0,https://anaconda.org/conda-forge/wikipedia,2025-04-22 14:56:31.735,325047.0,2.0,,,,,,,,,,,,,,,,,,,,,,,,
142,djoser,sunscrapers/djoser,auth,,https://github.com/sunscrapers/djoser,35865.0,35851.0,114.0,https://github.com/sunscrapers/djoser,MIT,2014-09-30 14:50:08.000,2026-08-01 16:14:52.000,467.0,200.0,2680.0,REST implementation of Django authentication system.,28,True,['django'],,djoser,https://pypi.org/project/djoser,2026-08-01 16:14:52.000,2026-08-01 16:14:52.000,2.3.4,59.0,14.0,290081.0,290081.0,,,,2.0,,,,,,,,,,,,,,,,,,,,,,,,
143,autobahn-python,crossbario/autobahn-python,websocket,,https://github.com/crossbario/autobahn-python,43336.0,43042.0,139.0,https://github.com/crossbario/autobahn-python,,2011-07-27 15:22:13.000,2026-09-21 21:36:54.000,768.0,192.0,2542.0,WebSocket and WAMP in Python for Twisted and asyncio.,28,False,,conda-forge/autobahn,autobahn,https://pypi.org/project/autobahn,2026-07-15 19:13:21.000,2026-07-15 19:13:21.000,26.7.1,165.0,294.0,7423373.0,7438366.0,https://anaconda.org/conda-forge/autobahn,2026-08-21 14:31:46.070,1124478.0,2.0,,,,,,,,,,,,,,,,,,,,,,,,
144,rdflib,RDFLib/rdflib,others,,https://github.com/RDFLib/rdflib,1796.0,,210.0,https://github.com/RDFLib/rdflib,BSD-3-Clause,2012-02-03 05:49:13.000,2026-08-05 05:44:39.000,599.0,376.0,2486.0,"RDFLib is a Python library for working with RDF, a simple yet powerful language for representing information.",28,True,,conda-forge/rdflib,rdflib,https://pypi.org/project/rdflib,2026-02-13 07:15:46.000,2026-02-13 07:15:46.000,7.6.0,48.0,1796.0,12863536.0,12885243.0,https://anaconda.org/conda-forge/rdflib,2026-02-13 15:07:19.601,1541200.0,2.0,,,,,,,,,,,,,,,,,,,,,,,,
145,django-simple-history,jazzband/django-simple-history,django-utils,,https://github.com/django-commons/django-simple-history,7512.0,7383.0,192.0,,BSD-3-Clause,,2026-07-22 13:41:28.000,506.0,,2457.0,Store model history and view/revert changes from admin site.,28,True,['django'],,django-simple-history,https://pypi.org/project/django-simple-history,2026-07-22 13:41:28.000,2026-07-22 13:41:28.000,3.13.0,54.0,129.0,4575939.0,4575939.0,,,,2.0,,,,,,,,,,,,,,,,,,,,,,,,
146,slowapi,laurents/slowapi,fastapi-utils,,https://github.com/laurents/slowapi,13034.0,12417.0,28.0,https://github.com/laurents/slowapi,MIT,2020-02-21 12:56:20.000,2026-09-08 00:03:12.000,130.0,117.0,2058.0,A rate limiter for Starlette and FastAPI.,28,True,['fastapi'],,slowapi,https://pypi.org/project/slowapi,2026-06-13 11:59:30.000,2026-06-13 11:59:30.000,0.1.10,11.0,617.0,20643349.0,20643349.0,,,,1.0,,,,,,,,,,,,,,,,,,,,,,,,
147,django-rq,rq/django-rq,django-utils,,https://github.com/rq/django-rq,4549.0,4425.0,142.0,https://github.com/rq/django-rq,MIT,2012-05-15 10:21:58.000,2026-08-30 05:28:34.000,294.0,116.0,1951.0,A simple app that provides django integration for RQ (Redis Queue).,28,True,['django'],,django-rq,https://pypi.org/project/django-rq,2026-08-30 05:28:34.000,2026-08-30 05:28:34.000,4.2.0,66.0,124.0,746230.0,746230.0,,,,2.0,,,,,,,,,,,,,,,,,,,,,,,,
148,CherryPy,cherrypy/cherrypy,web-frameworks,,https://github.com/cherrypy/cherrypy,15424.0,14993.0,149.0,https://github.com/cherrypy/cherrypy,BSD-3-Clause,2015-11-02 23:24:05.416,2026-09-14 22:38:10.907,367.0,270.0,1945.0,"CherryPy is a pythonic, object-oriented HTTP framework. https://cherrypy.dev.",28,True,,anaconda/cherrypy,cherrypy,https://pypi.org/project/cherrypy,2024-06-14 15:25:34.000,2024-06-14 15:25:34.000,18.10.0,121.0,431.0,541200.0,541492.0,https://anaconda.org/anaconda/cherrypy,2026-09-14 22:38:10.907,38046.0,2.0,,,,,,,,,,,,,,,,,,,,,,,,
149,dj-rest-auth,iMerica/dj-rest-auth,auth,,https://github.com/iMerica/dj-rest-auth,68119.0,68093.0,214.0,https://github.com/iMerica/dj-rest-auth,MIT,2020-02-28 19:35:48.000,2026-03-16 18:09:36.487,342.0,247.0,1847.0,Authentication for Django Rest Framework.,28,True,['django'],conda-forge/dj-rest-auth,dj-rest-auth,https://pypi.org/project/dj-rest-auth,2026-03-15 04:05:39.000,2026-03-15 04:05:39.000,7.2.0,55.0,26.0,893365.0,894451.0,https://anaconda.org/conda-forge/dj-rest-auth,2026-03-16 18:09:36.487,67347.0,2.0,,,,,,,,,,,,,,,,,,,,,,,,
150,django-polymorphic,django-polymorphic/django-polymorphic,django-utils,,https://github.com/django-commons/django-polymorphic,8107.0,7924.0,152.0,,BSD-3-Clause,2020-08-21 12:53:34.249,2026-08-01 12:24:54.359,305.0,,1830.0,Seamless polymorphic inheritance for Django models.,28,True,['django'],conda-forge/django_polymorphic,django-polymorphic,https://pypi.org/project/django-polymorphic,2026-08-01 06:40:25.000,2026-08-01 06:40:25.000,4.11.7,70.0,183.0,2600036.0,2603565.0,https://anaconda.org/conda-forge/django_polymorphic,2026-08-01 12:24:54.359,257677.0,2.0,,,,,,,,,,,,,,,,,,,,,,,,
151,sorl-thumbnail,jazzband/sorl-thumbnail,django-utils,,https://github.com/jazzband/sorl-thumbnail,16000.0,15884.0,171.0,https://github.com/jazzband/sorl-thumbnail,BSD-3-Clause,2010-11-12 00:46:35.000,2026-09-21 17:38:58.000,497.0,5.0,1793.0,Thumbnails for Django.,28,True,['django'],conda-forge/sorl-thumbnail,sorl-thumbnail,https://pypi.org/project/sorl-thumbnail,2026-08-19 19:31:38.000,2026-08-19 19:31:38.000,13.1.0,36.0,116.0,408805.0,409010.0,https://anaconda.org/conda-forge/sorl-thumbnail,2025-04-22 14:57:33.341,15002.0,2.0,,,,,,,,,,,,,,,,,,,,,,,,
152,selectolax,rushter/selectolax,html-processing,,https://github.com/rushter/selectolax,4138.0,3548.0,27.0,https://github.com/rushter/selectolax,MIT,2017-11-26 19:37:37.000,2026-09-18 08:18:58.000,91.0,10.0,1678.0,Python binding to Modest and Lexbor engines. Fast HTML5 parser with CSS selectors for Python.,28,True,,,selectolax,https://pypi.org/project/selectolax,2026-09-18 08:18:58.000,2026-09-18 08:18:58.000,0.4.12,73.0,590.0,4654866.0,4654866.0,,,,3.0,,,,,,,,,,,,,,,,,,,,,,,,
153,wtforms,wtforms/wtforms,forms,,https://wtforms.readthedocs.io,260784.0,260090.0,176.0,,,2020-07-29 22:05:27.989,2026-06-15 12:25:08.000,407.0,,1576.0,Form validation and rendering for Python web development.,28,False,,conda-forge/wtforms,wtforms,https://pypi.org/project/wtforms,2026-06-15 12:25:08.000,2026-05-03 05:53:46.000,3.2.2,34.0,694.0,10829946.0,10836625.0,https://anaconda.org/conda-forge/wtforms,2026-05-03 12:28:22.519,494295.0,2.0,,,,,,,,,,,,,,,,,,,,,,,,
154,django-phonenumber-field,stefanfoulis/django-phonenumber-field,django-utils,,https://github.com/django-phonenumber-field/django-phonenumber-field,32413.0,32254.0,121.0,,MIT,,2026-07-23 12:24:14.000,322.0,,1548.0,An international phone number field for django models.,28,True,['django'],,django-phonenumber-field,https://pypi.org/project/django-phonenumber-field,2026-07-23 12:24:14.000,2026-07-23 12:24:14.000,8.5.0,41.0,159.0,6315739.0,6315739.0,,,,2.0,,,,,,,,,,,,,,,,,,,,,,,,
155,waitress,Pylons/waitress,servers,,https://github.com/Pylons/waitress,235409.0,234283.0,61.0,https://github.com/Pylons/waitress,ZPL-2.1,2011-12-17 06:58:21.000,2026-01-06 19:45:42.145,182.0,23.0,1541.0,Waitress - A WSGI server for Python 3.,28,False,,conda-forge/waitress,waitress,https://pypi.org/project/waitress,2024-11-16 20:02:33.000,2024-11-16 20:02:33.000,3.0.2,52.0,1126.0,6214081.0,6219154.0,https://anaconda.org/conda-forge/waitress,2026-01-06 19:45:42.145,355168.0,3.0,,,,,,,,,,,,,,,,,,,,,,,,
156,parsel,scrapy/parsel,web-scraping,,https://github.com/scrapy/parsel,40906.0,40500.0,58.0,https://github.com/scrapy/parsel,BSD-3-Clause,2015-04-24 15:53:36.000,2026-01-29 15:22:08.257,155.0,43.0,1306.0,Parsel lets you extract data from XML/HTML documents using XPath or CSS selectors.,28,True,,conda-forge/parsel,parsel,https://pypi.org/project/parsel,2026-01-29 07:19:22.000,2026-01-29 07:19:22.000,1.11.0,26.0,406.0,3589329.0,3593859.0,https://anaconda.org/conda-forge/parsel,2026-01-29 15:22:08.257,339752.0,2.0,,,,,,,,,,,,,,,,,,,,,,,,
157,hvac,hvac/hvac,third-party-apis,,https://github.com/hvac/hvac,7998.0,7493.0,207.0,https://github.com/hvac/hvac,Apache-2.0,2015-05-05 21:56:50.000,2025-10-30 13:41:40.018,393.0,179.0,1289.0,Python 3.X client for HashiCorp Vault.,28,True,,conda-forge/hvac,hvac,https://pypi.org/project/hvac,2025-10-30 12:57:46.000,2025-10-30 12:57:46.000,2.4.0,74.0,505.0,20300266.0,20311773.0,https://anaconda.org/conda-forge/hvac,2025-10-30 13:41:40.018,863032.0,2.0,,,,,,,,,,,,,,,,,,,,,,,,
158,apispec,marshmallow-code/apispec,openapi-utils,,https://github.com/marshmallow-code/apispec,20552.0,20164.0,97.0,https://github.com/marshmallow-code/apispec,MIT,2014-10-18 23:48:49.000,2026-03-07 11:24:46.158,187.0,30.0,1217.0,A pluggable API specification generator. Currently supports the OpenAPI Specification (f.k.a. the Swagger..,28,True,['openapi'],conda-forge/apispec,apispec,https://pypi.org/project/apispec,2026-03-06 21:48:39.000,2026-03-06 21:48:39.000,6.10.0,125.0,388.0,6766334.0,6792608.0,https://anaconda.org/conda-forge/apispec,2026-03-07 11:24:46.158,1970624.0,1.0,,,,,,,,,,,,,,,,,,,,,,,,
159,tifffile,cgohlke/tifffile,others,,https://github.com/cgohlke/tifffile,91962.0,89254.0,1.0,https://github.com/cgohlke/tifffile,BSD-3-Clause,2020-02-22 22:43:58.000,2026-09-23 08:34:06.900,163.0,1.0,667.0,Read and write TIFF files.,28,True,,conda-forge/tifffile,tifffile,https://pypi.org/project/tifffile,2026-09-21 03:59:38.000,2026-09-21 03:59:38.000,2026.9.20,176.0,2708.0,18038313.0,18172654.0,https://anaconda.org/conda-forge/tifffile,2026-09-23 08:34:06.900,10209960.0,2.0,,,,,,,,,,,,,,,,,,,,,,,,
160,terminado,jupyter/terminado,others,,https://github.com/jupyter/terminado,343585.0,343214.0,50.0,https://github.com/jupyter/terminado,BSD-2-Clause,2014-09-29 23:44:25.000,2025-12-23 18:17:31.212,92.0,32.0,374.0,Terminals served by tornado websockets.,28,True,,conda-forge/terminado,terminado,https://pypi.org/project/terminado,2024-03-12 14:34:36.000,2024-03-12 14:34:36.000,0.18.1,36.0,371.0,29578718.0,29928318.0,https://anaconda.org/conda-forge/terminado,2025-12-23 18:17:31.212,25171229.0,2.0,,,,,,,,,,,,,,,,,,,,,,,,
161,httpbin,postmanlabs/httpbin,others,,https://github.com/postmanlabs/httpbin,1821.0,1790.0,108.0,https://github.com/postmanlabs/httpbin,ISC,2011-05-20 21:14:01.000,2026-06-16 21:41:26.000,1912.0,189.0,13524.0,"HTTP Request & Response Service, written in Python + Flask.",27,True,['flask'],,httpbin,https://pypi.org/project/httpbin,2026-06-16 21:41:26.000,2026-06-16 21:41:26.000,0.10.4,18.0,31.0,240669.0,240669.0,,,,2.0,,,,,,,,,,,,,,,,,,,,,,,,
162,pelican,getpelican/pelican,markdown,,https://github.com/getpelican/pelican,9146.0,8871.0,485.0,https://github.com/getpelican/pelican,AGPL-3.0,2010-10-16 18:57:40.000,2026-04-21 12:31:04.243,1835.0,90.0,13281.0,Static site generator that supports Markdown and reST syntax. Powered by Python.,27,True,,conda-forge/pelican,pelican,https://pypi.org/project/pelican,2026-04-20 15:30:15.000,2026-04-20 15:30:15.000,4.12.0,66.0,275.0,41941.0,49048.0,https://anaconda.org/conda-forge/pelican,2026-04-21 12:31:04.243,518813.0,2.0,,,,,,,,,,,,,,,,,,,,,,,,
163,pwntools,Gallopsled/pwntools,others,,https://github.com/Gallopsled/pwntools,2455.0,2355.0,314.0,https://github.com/Gallopsled/pwntools,MIT,2013-04-29 14:43:03.000,2025-10-12 15:25:25.000,1780.0,127.0,12954.0,CTF framework and exploit development library.,27,True,,,pwntools,https://pypi.org/project/pwntools,2025-10-12 15:25:25.000,2025-10-12 15:25:25.000,4.15.0,123.0,100.0,349846.0,349846.0,,,,2.0,,,,,,,,,,,,,,,,,,,,,,,,
164,cloudscraper,venomous/cloudscraper,web-scraping,,https://github.com/venomous/cloudscraper,32461.0,32179.0,14.0,https://github.com/venomous/cloudscraper,MIT,2019-04-16 02:18:50.000,2025-06-10 03:14:58.000,641.0,36.0,6745.0,A Python module to bypass Cloudflares anti-bot page.,27,False,,,cloudscraper,https://pypi.org/project/cloudscraper,2023-04-25 23:20:54.756,2023-04-25 23:20:54.756,1.2.71,95.0,282.0,3318733.0,3318733.0,,,,2.0,,,,,,,,,,,,,,,,,,,,,,,,
165,django-oscar,django-oscar/django-oscar,django-utils,,https://github.com/django-oscar/django-oscar,1245.0,1198.0,387.0,https://github.com/django-oscar/django-oscar,BSD-3-Clause,2010-12-08 21:30:32.000,2026-08-05 14:13:36.000,2303.0,160.0,6617.0,Domain-driven e-commerce for Django.,27,True,['django'],,django-oscar,https://pypi.org/project/django-oscar,2026-08-05 14:13:36.000,2025-04-04 14:30:00.000,3.2.6,158.0,47.0,69974.0,69974.0,,,,2.0,,,,,,,,,,,,,,,,,,,,,,,,
166,Flask-SocketIO,miguelgrinberg/Flask-SocketIO,websocket,,https://github.com/miguelgrinberg/Flask-SocketIO,62826.0,62061.0,72.0,https://github.com/miguelgrinberg/Flask-SocketIO,MIT,2014-02-09 07:22:50.000,2026-05-14 22:21:08.000,903.0,7.0,5512.0,Socket.IO integration for Flask applications.,27,True,['flask'],conda-forge/flask-socketio,flask-socketio,https://pypi.org/project/flask-socketio,2026-02-21 13:07:51.000,2026-02-21 13:07:51.000,5.6.1,95.0,765.0,2285601.0,2296538.0,https://anaconda.org/conda-forge/flask-socketio,2026-02-21 16:48:27.886,809403.0,3.0,,,,,,,,,,,,,,,,,,,,,,,,
167,Prism,stoplightio/prism,testing,,https://github.com/stoplightio/prism,929.0,830.0,112.0,https://github.com/stoplightio/prism,Apache-2.0,2016-03-18 03:52:09.000,2026-08-13 09:37:03.000,414.0,149.0,5004.0,"Turn any OpenAPI2/3 and Postman Collection file into an API server with mocking, transformations and validations.",27,True,['openapi'],,,,,2026-07-17 08:02:36.635,5.16.0,215.0,,,718965.0,,,,2.0,,,,,,,,@stoplight/prism-cli,https://www.npmjs.com/package/@stoplight/prism-cli,2026-07-17 08:02:36.635,99.0,718965.0,,,,,,,,,,,,
168,Flask-AppBuilder,dpgaspar/Flask-AppBuilder,web-frameworks,,https://github.com/dpgaspar/Flask-AppBuilder,22.0,,228.0,https://github.com/dpgaspar/Flask-AppBuilder,BSD-3-Clause,2013-11-09 21:13:29.000,2026-09-23 08:14:52.424,1443.0,269.0,4960.0,"Simple and rapid application development framework, built on top of Flask. includes detailed security, auto CRUD..",27,True,['flask'],conda-forge/flask-appbuilder,flask-appbuilder,https://pypi.org/project/flask-appbuilder,2026-09-16 13:09:34.000,2026-09-16 13:09:34.000,5.2.3,387.0,22.0,5649008.0,5660269.0,https://anaconda.org/conda-forge/flask-appbuilder,2026-09-23 08:14:52.424,833379.0,2.0,,,,,,,,,,,,,,,,,,,,,,,,
169,graphene-django,graphql-python/graphene-django,graphql,,https://github.com/graphql-python/graphene-django,16558.0,16341.0,223.0,https://github.com/graphql-python/graphene-django,MIT,2016-09-17 23:26:25.000,2026-06-24 23:46:54.000,763.0,166.0,4392.0,"Build powerful, efficient, and flexible GraphQL APIs with seamless Django integration.",27,True,"['django', 'graphql']",conda-forge/graphene-django,graphene-django,https://pypi.org/project/graphene-django,2025-03-13 08:33:02.000,2025-03-13 08:33:02.000,3.2.3,68.0,217.0,952103.0,953026.0,https://anaconda.org/conda-forge/graphene-django,2025-04-22 14:57:21.125,69269.0,2.0,,,,,,,,,,,,,,,,,,,,,,,,
170,pyramid,Pylons/pyramid,web-frameworks,,https://github.com/Pylons/pyramid,19607.0,19051.0,353.0,https://github.com/Pylons/pyramid,,2010-10-24 22:00:35.000,2026-09-02 13:28:31.841,895.0,80.0,4077.0,Pyramid - A Python web framework.,27,False,,pyramid,pyramid,https://pypi.org/project/pyramid,2026-03-11 01:23:56.000,2023-08-25 06:33:20.000,2.0.2,157.0,548.0,1984819.0,1984903.0,https://anaconda.org/anaconda/pyramid,2026-09-02 13:28:31.841,10930.0,2.0,,,,,,,,,,,,,,,,,,,,,8.0,,,
171,slackclient,slackapi/python-slack-sdk,third-party-apis,,https://github.com/slackapi/python-slack-sdk,502.0,,197.0,https://github.com/slackapi/python-slack-sdk,MIT,2014-11-10 21:32:02.000,2026-09-03 14:18:18.000,856.0,57.0,4015.0,Slack Developer Kit for Python.,27,True,,conda-forge/slackclient,slackclient,https://pypi.org/project/slackclient,2022-04-22 00:25:51.000,2022-04-22 00:25:51.000,2.9.4,52.0,502.0,6556367.0,6568812.0,https://anaconda.org/conda-forge/slackclient,2025-04-22 14:56:26.396,1505900.0,2.0,,,,,,,,,,,,,,,,,,,,,,,,
172,django-tastypie,django-tastypie/django-tastypie,web-frameworks,,https://github.com/django-tastypie/django-tastypie,6468.0,6420.0,204.0,https://github.com/django-tastypie/django-tastypie,BSD-3-Clause,2010-03-29 06:01:45.000,2025-09-08 00:14:28.000,1157.0,412.0,3947.0,Creating delicious APIs for Django apps since 2010.,27,True,['django'],,django-tastypie,https://pypi.org/project/django-tastypie,2025-02-23 19:19:45.000,2025-02-23 19:19:45.000,0.15.1,30.0,48.0,116806.0,116806.0,,,,2.0,,,,,,,,,,,,,,,,,,,,,,,,
173,django-haystack,django-haystack/django-haystack,django-utils,,https://github.com/django-haystack/django-haystack,10692.0,10573.0,224.0,https://github.com/django-haystack/django-haystack,,2009-01-29 20:23:57.000,2026-07-02 21:06:27.973,1311.0,584.0,3738.0,Modular search for Django.,27,False,['django'],conda-forge/django-haystack,django-haystack,https://pypi.org/project/django-haystack,2026-06-04 19:12:33.000,2026-06-04 19:12:33.000,3.4.0,48.0,119.0,201014.0,201447.0,https://anaconda.org/conda-forge/django-haystack,2026-07-02 21:06:27.973,13423.0,2.0,,,,,,,,,,,,,,,,,,,,,,,,
174,flasgger,flasgger/flasgger,openapi-utils,,https://github.com/flasgger/flasgger,19948.0,19793.0,114.0,https://github.com/flasgger/flasgger,MIT,2015-07-27 18:21:49.000,2025-04-22 14:56:42.334,526.0,284.0,3734.0,Easy OpenAPI specs and Swagger UI for your Flask API.,27,False,['flask'],conda-forge/flasgger,flasgger,https://pypi.org/project/flasgger,2023-06-10 21:33:42.214,2020-07-31 23:54:47.000,0.9.5,54.0,155.0,791081.0,793440.0,https://anaconda.org/conda-forge/flasgger,2025-04-22 14:56:42.334,172275.0,2.0,,,,,,,,,,,,,,,,,,,,,,,,
175,pytrends,GeneralMills/pytrends,web-scraping,,https://github.com/GeneralMills/pytrends,67.0,,85.0,https://github.com/GeneralMills/pytrends,Apache-2.0,2014-10-08 17:47:24.000,2025-04-22 14:57:40.707,871.0,145.0,3729.0,Pseudo API for Google Trends.,27,False,,conda-forge/pytrends,pytrends,https://pypi.org/project/pytrends,2023-04-13 23:18:01.543,2023-04-13 23:18:01.543,4.9.2,30.0,67.0,892119.0,892562.0,https://anaconda.org/conda-forge/pytrends,2025-04-22 14:57:40.707,31016.0,2.0,2023-04-22 10:13:29,635.0,6.0,161.0,339.0,,,,,,,,,,,,,,,,,,,
176,schemathesis,schemathesis/schemathesis,testing,,https://github.com/schemathesis/schemathesis,1291.0,1170.0,85.0,https://github.com/schemathesis/schemathesis,MIT,2019-08-19 11:13:01.000,2026-09-22 22:29:35.000,224.0,9.0,3620.0,Catch API bugs before your users do.,27,True,"['openapi', 'graphql']",,schemathesis,https://pypi.org/project/schemathesis,2026-09-22 22:29:35.000,2026-09-22 22:29:35.000,4.28.0,486.0,121.0,2837519.0,2837519.0,,,,2.0,,,,,,,,,,,,,,,,,,,,,,,,
177,drf-yasg,axnsan12/drf-yasg,openapi-utils,,https://github.com/axnsan12/drf-yasg,126642.0,126404.0,79.0,https://github.com/axnsan12/drf-yasg,,2017-11-29 10:30:22.000,2026-07-29 15:05:23.229,440.0,246.0,3544.0,Automated generation of real Swagger/OpenAPI 2.0 schemas from Django REST Framework code.,27,False,"['openapi', 'django']",conda-forge/drf-yasg,drf-yasg,https://pypi.org/project/drf-yasg,2026-02-24 18:09:18.000,2026-02-24 18:09:18.000,1.21.15,70.0,238.0,1953293.0,1953731.0,https://anaconda.org/conda-forge/drf-yasg,2026-07-29 15:05:23.229,32417.0,2.0,,,,,,,,,,,,,,,,,,,,,,,,
178,django-webpack-loader,django-webpack/django-webpack-loader,django-utils,,https://github.com/django-webpack/django-webpack-loader,10261.0,10191.0,67.0,https://github.com/django-webpack/django-webpack-loader,MIT,2015-05-16 16:33:58.000,2026-05-13 15:48:22.537,341.0,8.0,2546.0,Transparently use webpack with django.,27,True,['django'],conda-forge/django-webpack-loader,django-webpack-loader,https://pypi.org/project/django-webpack-loader,2026-05-13 13:19:46.000,2026-05-13 13:19:46.000,3.2.4,55.0,70.0,814593.0,815122.0,https://anaconda.org/conda-forge/django-webpack-loader,2026-05-13 15:48:22.537,33347.0,2.0,,,,,,,,,,,,,,,,,,,,,,,,
179,django-ckeditor,django-ckeditor/django-ckeditor,django-utils,,https://github.com/django-ckeditor/django-ckeditor,49695.0,49547.0,132.0,https://github.com/django-ckeditor/django-ckeditor,BSD-3-Clause,2010-03-08 19:20:59.000,2025-06-06 10:16:59.000,687.0,7.0,2466.0,Django admin CKEditor integration.,27,False,['django'],,django-ckeditor,https://pypi.org/project/django-ckeditor,2025-06-06 10:16:40.000,2025-06-06 10:16:40.000,6.7.3,57.0,148.0,613607.0,613607.0,,,,2.0,,,,,,,,,,,,,,,,,,,,,,,,
180,django-imagekit,matthewwithanm/django-imagekit,django-utils,,https://github.com/matthewwithanm/django-imagekit,10418.0,10357.0,81.0,https://github.com/matthewwithanm/django-imagekit,BSD-3-Clause,2011-02-10 21:01:29.000,2026-09-15 22:17:24.000,276.0,92.0,2348.0,Automated image processing for Django. Currently v6.0.,27,True,['django'],,django-imagekit,https://pypi.org/project/django-imagekit,2026-09-15 22:17:24.000,2026-09-15 22:17:24.000,6.1.1,44.0,61.0,342524.0,342524.0,,,,2.0,,,,,,,,,,,,,,,,,,,,,,,,
181,django-bootstrap3,zostera/django-bootstrap3,django-utils,,https://github.com/zostera/django-bootstrap3,19621.0,19549.0,101.0,https://github.com/zostera/django-bootstrap3,BSD-3-Clause,2013-08-13 13:48:04.000,2026-07-30 11:12:22.000,672.0,,2333.0,Bootstrap 3 integration with Django.,27,True,['django'],conda-forge/django-bootstrap3,django-bootstrap3,https://pypi.org/project/django-bootstrap3,2026-07-30 11:12:22.000,2021-04-10 05:34:25.000,15.0.0,109.0,72.0,281954.0,284808.0,https://anaconda.org/conda-forge/django-bootstrap3,2025-04-22 14:56:41.415,57089.0,2.0,,,,,,,,,,,,,,,,,,,,,,,,
182,requests-futures,ross/requests-futures,http-clients,,https://github.com/ross/requests-futures,8295.0,7952.0,28.0,https://github.com/ross/requests-futures,,2013-03-21 14:20:03.000,2026-09-07 17:48:13.000,157.0,1.0,2221.0,Asynchronous Python HTTP Requests for Humans using Futures.,27,False,,conda-forge/requests-futures,requests-futures,https://pypi.org/project/requests-futures,2026-08-29 00:39:30.000,2026-08-29 00:39:30.000,1.1.0,13.0,343.0,4152614.0,4161039.0,https://anaconda.org/conda-forge/requests-futures,2026-08-31 11:18:31.027,615083.0,3.0,,,,,,,,,,,,,,,,,,,,,,,,
183,django-widget-tweaks,jazzband/django-widget-tweaks,django-utils,,https://github.com/jazzband/django-widget-tweaks,50485.0,50331.0,38.0,https://github.com/jazzband/django-widget-tweaks,MIT,2012-03-05 20:11:03.000,2026-08-24 17:41:35.000,138.0,49.0,2164.0,"Tweak the form field rendering in templates, not in python-level form definitions. CSS classes and HTML attributes can..",27,True,['django'],,django-widget-tweaks,https://pypi.org/project/django-widget-tweaks,2026-01-02 12:46:02.000,2026-01-02 12:46:02.000,1.5.1,23.0,154.0,1223163.0,1223163.0,,,,2.0,,,,,,,,,,,,,,,,,,,,,,,,
184,twilio,twilio/twilio-python,third-party-apis,,https://github.com/twilio/twilio-python,705.0,,148.0,https://github.com/twilio/twilio-python,MIT,2009-09-15 05:33:57.000,2026-09-10 10:25:55.077,812.0,69.0,2079.0,A Python module for communicating with the Twilio API and generating TwiML.,27,True,,conda-forge/twilio,twilio,https://pypi.org/project/twilio,2026-09-10 06:00:35.000,2026-09-10 06:00:35.000,9.11.1,373.0,705.0,18720285.0,18726644.0,https://anaconda.org/conda-forge/twilio,2026-09-10 10:25:55.077,483295.0,2.0,,,,,,,,,,,,,,,,,,,,,,,,
185,shortuuid,skorokithakis/shortuuid,url-utils,,https://github.com/skorokithakis/shortuuid,37061.0,36471.0,39.0,https://github.com/skorokithakis/shortuuid,BSD-3-Clause,2011-01-08 13:00:43.000,2025-04-22 14:56:55.305,109.0,2.0,2049.0,"A generator library for concise, unambiguous and URL-safe UUIDs.",27,False,,conda-forge/shortuuid,shortuuid,https://pypi.org/project/shortuuid,2024-03-11 20:11:04.000,2024-03-11 20:11:04.000,1.0.13,26.0,590.0,17705084.0,17716331.0,https://anaconda.org/conda-forge/shortuuid,2025-04-22 14:56:55.305,798560.0,2.0,,,,,,,,,,,,,,,,,,,,,,,,
186,django-tables2,jieter/django-tables2,django-utils,,https://github.com/jieter/django-tables2,8623.0,8472.0,164.0,https://github.com/jieter/django-tables2,,2010-12-07 05:26:16.000,2026-08-30 10:59:03.000,443.0,107.0,2009.0,django-tables2 - An app for creating HTML tables.,27,False,['django'],conda-forge/django-tables2,django-tables2,https://pypi.org/project/django-tables2,2026-08-30 10:59:03.000,2026-08-30 10:59:03.000,3.0.1,135.0,151.0,797931.0,798363.0,https://anaconda.org/conda-forge/django-tables2,2026-04-30 14:59:36.030,27265.0,2.0,,,,,,,,,,,,,,,,,,,,,,,,
187,openapi-python-client,openapi-generators/openapi-python-client,openapi-utils,,https://github.com/openapi-generators/openapi-python-client,1802.0,1618.0,124.0,https://github.com/openapi-generators/openapi-python-client,MIT,2020-02-15 19:33:46.000,2026-09-01 20:04:44.559,290.0,116.0,1984.0,Generate modern Python clients from OpenAPI.,27,True,['openapi'],conda-forge/openapi-python-client,openapi-python-client,https://pypi.org/project/openapi-python-client,2026-08-30 19:39:57.000,2026-08-30 19:39:57.000,0.29.1,107.0,184.0,3056507.0,3058362.0,https://anaconda.org/conda-forge/openapi-python-client,2026-09-01 20:04:44.559,113155.0,2.0,,,,,,,,,,,,,,,,,,,,,,,,
188,html2text,Alir3z4/html2text,markdown,,https://github.com/Alir3z4/html2text,43719.0,42511.0,82.0,https://github.com/Alir3z4/html2text,GPL-3.0,2014-02-19 22:41:11.000,2025-04-15 04:02:28.000,286.0,94.0,1945.0,Convert HTML to Markdown-formatted text.,27,False,,,html2text,https://pypi.org/project/html2text,2025-04-15 04:02:28.000,2025-04-15 04:02:28.000,2025.4.15,41.0,1208.0,12182625.0,12182625.0,,,,2.0,,,,,,,,,,,,,,,,,,,,,,,,
189,django-constance,jazzband/django-constance,django-utils,,https://github.com/jazzband/django-constance,2554.0,2515.0,162.0,https://github.com/jazzband/django-constance,BSD-3-Clause,2010-09-20 12:42:29.000,2026-08-10 14:08:00.000,327.0,26.0,1850.0,Dynamic Django settings.,27,True,['django'],,django-constance,https://pypi.org/project/django-constance,2026-03-15 11:23:49.000,2026-03-15 11:23:49.000,4.3.5,44.0,39.0,1064339.0,1064339.0,,,,2.0,,,,,,,,,,,,,,,,,,,,,,,,
190,python-jose,mpdavis/python-jose,auth,,https://github.com/mpdavis/python-jose,1234.0,,62.0,https://github.com/mpdavis/python-jose,MIT,2015-04-20 19:19:35.000,2026-04-14 00:39:48.000,268.0,121.0,1757.0,A JOSE implementation in Python.,27,True,,conda-forge/python-jose,python-jose,https://pypi.org/project/python-jose,2025-05-28 17:31:52.000,2025-05-28 17:31:52.000,3.5.0,40.0,1234.0,30678892.0,30721012.0,https://anaconda.org/conda-forge/python-jose,2025-05-29 14:57:29.346,2695740.0,2.0,,,,,,,,,,,,,,,,,,,,,,,,
191,OpenAPI-to-GraphQL,IBM/openapi-to-graphql,openapi-utils,,https://github.com/IBM/openapi-to-graphql,882.0,877.0,43.0,https://github.com/IBM/openapi-to-graphql,MIT,2018-09-05 18:52:16.000,2026-06-02 17:07:45.000,212.0,140.0,1645.0,Translate APIs described by OpenAPI Specifications (OAS) into GraphQL.,27,True,"['openapi', 'graphql']",,,,,2023-12-26 06:12:53.413,3.0.7,41.0,,,15921.0,,,,2.0,2026-06-02 17:07:45,687.0,36.0,233.0,148.0,,,openapi-to-graphql-cli,https://www.npmjs.com/package/openapi-to-graphql-cli,2023-12-26 06:12:53.413,5.0,15921.0,,,,,,,,,,,,
192,dj-database-url,jacobian/dj-database-url,django-utils,,https://jazzband.co/projects/dj-database-url,314868.0,314506.0,79.0,,BSD-3-Clause,,2026-02-19 15:30:39.000,215.0,,1574.0,Use Database URLs in your Django Application.,27,True,['django'],,dj-database-url,https://pypi.org/project/dj-database-url,2026-02-19 15:30:39.000,2026-02-16 15:18:33.000,3.1.1,25.0,362.0,7105709.0,7105709.0,,,,2.0,,,,,,,,,,,,,,,,,,,,,,,,
193,Flask-HTTPAuth,miguelgrinberg/Flask-HTTPAuth,auth,,https://github.com/miguelgrinberg/Flask-HTTPAuth,21875.0,21638.0,34.0,https://github.com/miguelgrinberg/Flask-HTTPAuth,MIT,2013-05-18 05:10:52.000,2026-03-29 01:34:11.175,233.0,10.0,1290.0,"Simple extension that provides Basic, Digest and Token HTTP authentication for Flask routes.",27,True,['flask'],conda-forge/flask-httpauth,flask-httpauth,https://pypi.org/project/flask-httpauth,2026-03-28 19:45:23.000,2026-03-28 19:45:23.000,4.8.1,35.0,237.0,1792687.0,1799196.0,https://anaconda.org/conda-forge/flask-httpauth,2026-03-29 01:34:11.175,488240.0,2.0,,,,,,,,,,,,,,,,,,,,,,,,
194,html5lib-python,html5lib/html5lib-python,html-processing,,https://github.com/html5lib/html5lib-python,1729.0,,66.0,https://github.com/html5lib/html5lib-python,MIT,2013-04-09 14:07:42.000,2025-04-22 14:56:31.592,298.0,92.0,1208.0,Standards-compliant library for parsing and serializing HTML documents and fragments in Python.,27,False,,conda-forge/html5lib,html5lib,https://pypi.org/project/html5lib,2020-06-22 23:32:36.000,2017-12-07 14:10:04.000,1.0.1,27.0,1729.0,24590775.0,24684658.0,https://anaconda.org/conda-forge/html5lib,2025-04-22 14:56:31.592,7041279.0,3.0,,,,,,,,,,,,,,,,,,,,,,,,
195,flask-limiter,alisaifee/flask-limiter,flask-utils,,https://github.com/alisaifee/flask-limiter,23850.0,23660.0,46.0,https://github.com/alisaifee/flask-limiter,MIT,2014-02-12 03:37:41.000,2026-05-10 23:07:49.000,130.0,6.0,1206.0,Rate Limiting extension for Flask.,27,True,['flask'],,flask-limiter,https://pypi.org/project/flask-limiter,2025-12-06 17:38:59.000,2025-12-06 17:38:59.000,4.1.1,113.0,190.0,8215833.0,8215833.0,,,,1.0,,,,,,,,,,,,,,,,,,,,,,,,
196,django-bootstrap4,zostera/django-bootstrap4,django-utils,,https://github.com/zostera/django-bootstrap4,194539.0,194450.0,141.0,https://github.com/zostera/django-bootstrap4,BSD-3-Clause,2017-04-25 15:55:15.000,2026-08-28 08:54:58.000,256.0,17.0,1024.0,Bootstrap 4 integration with Django.,27,True,['django'],conda-forge/django-bootstrap4,django-bootstrap4,https://pypi.org/project/django-bootstrap4,2026-08-28 08:54:58.000,2021-05-01 05:04:56.000,3.0.1,38.0,89.0,233152.0,233948.0,https://anaconda.org/conda-forge/django-bootstrap4,2025-08-09 19:10:09.244,46970.0,2.0,,,,,,,,,,,,,,,,,,,,,,,,
197,flask-caching,pallets-eco/flask-caching,flask-utils,,https://github.com/pallets-eco/flask-caching,31436.0,31042.0,139.0,https://github.com/pallets-eco/flask-caching,,2016-07-04 19:53:57.000,2026-09-21 17:23:18.090,210.0,1.0,934.0,A caching extension for Flask.,27,False,['flask'],conda-forge/flask-caching,flask-caching,https://pypi.org/project/flask-caching,2026-09-04 18:59:13.000,2026-09-04 18:59:13.000,2.5.1,32.0,394.0,4718613.0,4725894.0,https://anaconda.org/conda-forge/flask-caching,2026-09-21 17:23:18.090,444160.0,1.0,,,,,,,,,,,,,,,,,,,,,,,,
198,django-formtools,jazzband/django-formtools,forms,,https://github.com/jazzband/django-formtools,12053.0,11949.0,80.0,https://github.com/jazzband/django-formtools,BSD-3-Clause,2014-10-05 15:18:45.000,2026-09-21 17:38:31.000,146.0,86.0,883.0,A set of high-level abstractions for Django forms.,27,True,['django'],,django-formtools,https://pypi.org/project/django-formtools,2026-07-09 16:06:32.000,2026-05-16 13:30:06.000,2.6.1,10.0,104.0,3323314.0,3323314.0,,,,3.0,,,,,,,,,,,,,,,,,,,,,,,,
199,netaddr,netaddr/netaddr,others,,https://github.com/netaddr/netaddr,43666.0,42939.0,54.0,https://github.com/netaddr/netaddr,BSD-3-Clause,2010-05-24 23:14:56.000,2026-06-24 11:27:48.202,178.0,43.0,819.0,A network address manipulation library for Python.,27,True,,conda-forge/netaddr,netaddr,https://pypi.org/project/netaddr,2024-05-28 21:30:34.000,2024-05-28 21:30:34.000,1.3.0,40.0,727.0,9139374.0,9152551.0,https://anaconda.org/conda-forge/netaddr,2026-06-24 11:27:48.202,329426.0,2.0,,,,,,,,,,,,,,,,,,,,,,,,
200,djangorestframework-stubs,typeddjango/djangorestframework-stubs,django-utils,,https://github.com/typeddjango/djangorestframework-stubs,4720.0,4602.0,97.0,https://github.com/typeddjango/djangorestframework-stubs,MIT,2018-11-12 01:07:16.000,2026-09-04 19:34:35.025,139.0,63.0,538.0,PEP-484 stubs for django-rest-framework.,27,True,['django'],conda-forge/djangorestframework-stubs,djangorestframework-stubs,https://pypi.org/project/djangorestframework-stubs,2026-08-25 22:49:26.000,2026-08-25 22:49:26.000,3.18.1,43.0,118.0,5575079.0,5575848.0,https://anaconda.org/conda-forge/djangorestframework-stubs,2026-09-04 19:34:35.025,49240.0,2.0,,,,,,,,,,,,,,,,,,,,,,,,
201,flask-babel,python-babel/flask-babel,flask-utils,,https://github.com/python-babel/flask-babel,30976.0,30823.0,43.0,https://github.com/python-babel/flask-babel,BSD-3-Clause,2010-05-29 14:14:08.000,2025-04-22 14:56:24.883,163.0,20.0,452.0,i18n and l10n support for Flask based on Babel and pytz.,27,False,['flask'],conda-forge/flask-babel,flask-babel,https://pypi.org/project/flask-babel,2023-10-02 01:10:48.000,2023-10-02 01:10:48.000,4.0.0,18.0,153.0,6276510.0,6283231.0,https://anaconda.org/conda-forge/flask-babel,2025-04-22 14:56:24.883,490655.0,1.0,,,,,,,,,,,,,,,,,,,,,,,,
202,sherlock,sherlock-project/sherlock,third-party-apis,,https://github.com/sherlock-project/sherlock,15.0,,314.0,https://github.com/sherlock-project/sherlock,MIT,2018-12-24 14:30:48.000,2026-09-10 05:16:57.000,10724.0,334.0,91236.0,Hunt down social media accounts by username across social networks.,26,True,,,sherlock,https://pypi.org/project/sherlock,2023-02-18 14:51:07.497,2023-02-18 14:51:07.497,0.4.1,7.0,15.0,13589.0,13589.0,,,,2.0,,,,,,,,,,,,,,,,,,,,,,,,
203,sentry,getsentry/sentry,monitoring,,https://github.com/getsentry/sentry,897.0,756.0,1090.0,https://github.com/getsentry/sentry,SSPL-1.0,2010-08-30 22:06:41.000,2026-09-23 23:18:10.765,4691.0,2095.0,43818.0,Developer-first error tracking and performance monitoring.,26,True,,conda-forge/sentry-sdk,sentry,https://pypi.org/project/sentry,2023-07-25 17:18:50.000,2023-07-25 17:18:50.000,23.7.1,378.0,141.0,2344.0,29448.0,https://anaconda.org/conda-forge/sentry-sdk,2026-09-23 23:18:10.765,2032842.0,2.0,,,,,,,,,,,,,,,,,,,,,,,,
204,gallery-dl,mikf/gallery-dl,third-party-apis,,https://github.com/mikf/gallery-dl,72.0,24.0,213.0,https://github.com/mikf/gallery-dl,GPL-2.0,2014-10-12 19:38:05.000,2026-09-19 13:47:51.000,1488.0,1136.0,19755.0,Command-line program to download image galleries and collections from several image hosting sites.,26,True,,,gallery-dl,https://pypi.org/project/gallery-dl,2026-09-19 13:47:51.000,2026-09-12 08:33:14.000,1.32.12,210.0,48.0,282863.0,282863.0,,,,2.0,,,,,,,,,,,,,,,,,,,,,,,,
205,tushare,waditu/tushare,third-party-apis,,https://github.com/waditu/tushare,2856.0,2684.0,34.0,https://github.com/waditu/tushare,BSD-3-Clause,2015-01-07 07:51:14.000,2026-03-25 06:33:43.000,4411.0,704.0,14635.0,TuShare is a utility for crawling historical data of China stocks.,26,True,,,tushare,https://pypi.org/project/tushare,2026-03-25 06:33:43.000,2026-03-25 06:33:43.000,1.4.29,233.0,172.0,255920.0,255920.0,,,,2.0,,,,,,,,,,,,,,,,,,,,,,,,
206,newspaper3k,codelucas/newspaper,web-scraping,,https://github.com/codelucas/newspaper,194.0,,103.0,https://github.com/codelucas/newspaper,MIT,2013-11-25 09:50:50.000,2025-04-22 14:56:43.220,2109.0,501.0,14003.0,"newspaper3k is a news, full-text, and article metadata extraction in Python 3. Advanced docs:.",26,False,,conda-forge/newspaper3k,newspaper3k,https://pypi.org/project/newspaper3k,2018-09-28 04:58:18.000,2018-09-28 04:58:18.000,0.2.8,18.0,194.0,455295.0,458095.0,https://anaconda.org/conda-forge/newspaper3k,2025-04-22 14:56:43.220,198817.0,2.0,,,,,,,,,,,,,,,,,,,,,,,,
207,channels,django/channels,django-utils,,https://github.com/django/channels,467.0,24.0,283.0,https://github.com/django/channels,BSD-3-Clause,2015-06-03 17:16:20.000,2025-11-20 15:53:10.621,818.0,115.0,6300.0,Developer-friendly asynchrony for Django.,26,True,['django'],conda-forge/channels,channels,https://pypi.org/project/channels,2025-11-20 15:13:02.000,2025-11-20 15:13:02.000,4.3.2,73.0,443.0,4835406.0,4839701.0,https://anaconda.org/conda-forge/channels,2025-11-20 15:53:10.621,304960.0,2.0,,,,,,,,,,,,,,,,,,,,,,,,
208,fastapi-users,fastapi-users/fastapi-users,auth,,https://github.com/fastapi-users/fastapi-users,5874.0,5832.0,78.0,https://github.com/fastapi-users/fastapi-users,MIT,2019-10-05 15:40:31.000,2026-03-27 11:21:32.136,498.0,4.0,6061.0,Ready-to-use and customizable users management for FastAPI.,26,True,['fastapi'],conda-forge/fastapi-users,fastapi-users,https://pypi.org/project/fastapi-users,2026-03-27 09:01:16.000,2026-03-27 09:01:16.000,15.0.5,112.0,42.0,1253118.0,1255278.0,https://anaconda.org/conda-forge/fastapi-users,2026-03-27 11:21:32.136,127498.0,2.0,,,,,,,,,,,,,,,,,,,,,,,,
209,spotipy,plamere/spotipy,third-party-apis,,https://spotipy.readthedocs.org/,44115.0,43606.0,205.0,,MIT,2021-02-27 02:50:00.069,2026-03-03 16:37:38.000,973.0,,5444.0,A light weight Python library for the Spotify Web API.,26,True,,conda-forge/spotipy,spotipy,https://pypi.org/project/spotipy,2026-03-03 16:37:38.000,2026-03-03 16:37:38.000,2.26.0,53.0,509.0,258897.0,259394.0,https://anaconda.org/conda-forge/spotipy,2026-01-05 22:51:36.717,33314.0,2.0,,,,,,,,,,,,,,,,,,,,,,,,
210,django-rest-framework-simplejwt,jazzband/djangorestframework-simplejwt,auth,,https://github.com/jazzband/djangorestframework-simplejwt,314.0,,141.0,https://github.com/jazzband/djangorestframework-simplejwt,MIT,2017-05-05 17:41:35.000,2026-09-21 17:38:50.000,709.0,160.0,4329.0,A JSON Web Token authentication plugin for the Django REST Framework.,26,True,['django'],,djangorestframework-simplejwt,https://pypi.org/project/djangorestframework-simplejwt,2025-07-21 16:52:07.000,2025-07-21 16:52:07.000,5.5.1,48.0,314.0,6161082.0,6161082.0,,,,2.0,,,,,,,,,,,,,,,,,,,,,,,,
211,Dredd,apiaryio/dredd,testing,,https://github.com/apiaryio/dredd,1281.0,1240.0,111.0,https://github.com/apiaryio/dredd,MIT,2013-09-04 12:21:35.000,2024-05-11 13:19:25.000,282.0,260.0,4223.0,Language-agnostic HTTP API Testing Tool.,26,False,['openapi'],,dredd_hooks,https://pypi.org/project/dredd_hooks,2018-04-09 12:47:29.000,2021-11-16 12:38:08.000,dredd-transactions@10.1.0,223.0,,6152.0,44200.0,,,,2.0,2023-07-19 20:05:32,3310.0,1.0,1510.0,575.0,,,dredd,https://www.npmjs.com/package/dredd,2021-11-16 12:36:05.644,41.0,38048.0,,,,,,,,,,,,
212,django-grappelli,sehmaschine/django-grappelli,admin-ui,,https://github.com/sehmaschine/django-grappelli,6964.0,6930.0,91.0,https://github.com/sehmaschine/django-grappelli,BSD-3-Clause,2010-03-26 12:25:59.000,2026-04-29 12:22:42.643,655.0,8.0,3930.0,A jazzy skin for the Django Admin-Interface (official repository).,26,True,['django'],conda-forge/django-grappelli,django-grappelli,https://pypi.org/project/django-grappelli,2026-04-29 09:29:35.000,2026-04-29 09:29:35.000,5.0.0,87.0,34.0,249092.0,254938.0,https://anaconda.org/conda-forge/django-grappelli,2026-04-29 12:22:42.643,409288.0,2.0,,,,,,,,,,,,,,,,,,,,,,,,
213,quart,pgjones/quart,web-frameworks,,https://github.com/pgjones/quart,320.0,,68.0,https://github.com/pgjones/quart,MIT,2020-05-21 11:25:28.304,2026-08-30 03:50:59.148,205.0,1.0,3658.0,Quart is a Python ASGI web microframework with the same API as Flask.,26,True,,conda-forge/quart,quart,https://pypi.org/project/quart,2026-08-29 15:58:34.000,2026-08-29 15:58:34.000,0.23.1,69.0,320.0,3070185.0,3072152.0,https://anaconda.org/conda-forge/quart,2026-08-30 03:50:59.148,149530.0,3.0,,,,,,,,,,,,,,,,,,,,,,,,
214,django-taggit,jazzband/django-taggit,django-utils,,https://github.com/jazzband/django-taggit,218.0,,159.0,https://github.com/jazzband/django-taggit,BSD-3-Clause,2009-12-08 23:40:49.000,2026-08-24 17:41:29.000,635.0,116.0,3447.0,Simple tagging for django.,26,True,['django'],conda-forge/django-taggit,django-taggit,https://pypi.org/project/django-taggit,2024-09-29 08:07:14.000,2024-09-29 08:07:14.000,6.1.0,69.0,218.0,1461424.0,1468753.0,https://anaconda.org/conda-forge/django-taggit,2025-04-22 14:56:21.123,498372.0,2.0,,,,,,,,,,,,,,,,,,,,,,,,
215,django-oauth-toolkit,jazzband/django-oauth-toolkit,auth,,https://django-oauth-toolkit.readthedocs.io/,12027.0,11876.0,299.0,,,,2026-08-21 03:45:34.000,854.0,,3333.0,OAuth 2.0 authorization server for Django.,26,False,['django'],,django-oauth-toolkit,https://pypi.org/project/django-oauth-toolkit,2026-08-21 03:45:34.000,2026-08-21 03:45:34.000,3.4.1,53.0,151.0,4642328.0,4642328.0,,,,2.0,,,,,,,,,,,,,,,,,,,,,,,,
216,django-rest-framework-jwt,jpadilla/django-rest-framework-jwt,auth,,https://github.com/jpadilla/django-rest-framework-jwt,28251.0,28151.0,62.0,https://github.com/jpadilla/django-rest-framework-jwt,MIT,2014-01-16 04:54:06.000,2022-12-06 16:30:54.000,648.0,163.0,3191.0,JSON Web Token Authentication support for Django REST Framework.,26,False,,,djangorestframework-jwt,https://pypi.org/project/djangorestframework-jwt,2021-12-15 15:59:35.858,2021-12-15 15:59:35.858,1.3.0,26.0,100.0,98941.0,98941.0,,,,2.0,,,,,,,,,,,,,,,,,,,,,,,,
217,django-redis,jazzband/django-redis,django-utils,,https://github.com/jazzband/django-redis,394.0,,149.0,https://github.com/jazzband/django-redis,,2012-04-17 16:29:49.000,2026-09-21 17:38:39.000,458.0,80.0,3086.0,Full featured redis cache backend for Django.,26,False,['django'],,django-redis,https://pypi.org/project/django-redis,2026-06-02 14:17:47.000,2026-06-02 14:17:47.000,7.0.0,70.0,394.0,10145497.0,10145497.0,,,,2.0,,,,,,-3.0,,,,,,,,,,,,,,,,,,
218,python-markdown2,trentm/python-markdown2,markdown,,https://github.com/trentm/python-markdown2,679.0,,92.0,https://github.com/trentm/python-markdown2,MIT,2011-01-31 00:30:02.000,2026-08-20 23:12:43.000,454.0,93.0,2821.0,markdown2: A fast and complete implementation of Markdown in Python.,26,True,,,markdown2,https://pypi.org/project/markdown2,2026-03-02 20:46:52.000,2026-03-02 20:46:52.000,2.5.5,60.0,679.0,6647990.0,6647990.0,,,,3.0,,,,,,,,,,,,,,,,,,,,,,,,
219,python-social-auth,omab/python-social-auth,auth,,https://github.com/omab/python-social-auth,6448.0,6408.0,284.0,https://github.com/omab/python-social-auth,BSD-3-Clause,2012-12-12 16:08:42.000,2019-10-03 00:57:30.000,1140.0,18.0,2800.0,Social auth made simple.,26,False,,,python-social-auth,https://pypi.org/project/python-social-auth,2017-02-03 12:20:08.000,2017-02-03 12:20:08.000,0.3.6,55.0,40.0,34385.0,34385.0,,,,2.0,,,,,,,,,,,,,,,,,,,,,,,,
220,django-model-utils,jazzband/django-model-utils,django-utils,,https://github.com/jazzband/django-model-utils,499.0,,146.0,https://github.com/jazzband/django-model-utils,BSD-3-Clause,2009-11-10 06:18:00.000,2026-08-31 17:46:33.000,376.0,126.0,2759.0,Django model mixins and utilities.,26,True,['django'],,django-model-utils,https://pypi.org/project/django-model-utils,2024-09-04 11:35:22.000,2024-09-04 11:35:22.000,5.0.0,43.0,499.0,4553646.0,4553646.0,,,,2.0,,,,,,-3.0,,,,,,,,,,,,,,,,,,
221,splinter,cobrateam/splinter,testing,,https://github.com/cobrateam/splinter,7247.0,7192.0,182.0,https://github.com/cobrateam/splinter,BSD-3-Clause,2010-09-18 20:59:15.000,2025-08-16 15:08:24.000,513.0,57.0,2754.0,splinter - python test framework for web applications.,26,False,,,splinter,https://pypi.org/project/splinter,2024-01-16 00:59:02.000,2024-01-16 00:59:02.000,0.21.0,52.0,55.0,294687.0,294687.0,,,,2.0,,,,,,,,,,,,,,,,,,,,,,,,
222,yagmail,kootenpv/yagmail,email,,https://github.com/kootenpv/yagmail,5948.0,5779.0,34.0,https://github.com/kootenpv/yagmail,MIT,2015-04-17 21:39:24.000,2026-05-26 18:40:58.569,268.0,111.0,2724.0,Send email in Python conveniently for gmail using yagmail.,26,True,,conda-forge/yagmail,yagmail,https://pypi.org/project/yagmail,2026-05-26 10:43:11.000,2026-05-26 10:43:11.000,0.16.0,108.0,169.0,257380.0,258340.0,https://anaconda.org/conda-forge/yagmail,2026-05-26 18:40:58.569,69155.0,1.0,,,,,,,,,,,,,,,,,,,,,,,,
223,django-rest-swagger,marcgibbons/django-rest-swagger,openapi-utils,,https://github.com/marcgibbons/django-rest-swagger,21397.0,21321.0,96.0,https://github.com/marcgibbons/django-rest-swagger,BSD-2-Clause,2013-06-13 19:28:32.000,2021-12-15 14:37:49.132,602.0,166.0,2590.0,Swagger Documentation Generator for Django REST Framework: deprecated.,26,False,['django'],,django-rest-swagger,https://pypi.org/project/django-rest-swagger,2021-12-15 14:37:49.132,2021-12-15 14:37:49.132,0.1.6,50.0,76.0,201281.0,201281.0,,,,3.0,,,,,,,,,,,,,,,,,,,,,,,,
224,Js2Py,PiotrDabkowski/Js2Py,others,,https://github.com/PiotrDabkowski/Js2Py,17275.0,17059.0,29.0,https://github.com/PiotrDabkowski/Js2Py,MIT,2014-10-02 21:08:48.000,2025-04-22 14:57:26.868,274.0,159.0,2553.0,JavaScript to Python Translator & JavaScript interpreter written in 100% pure Python Try it online:.,26,False,,conda-forge/js2py,js2py,https://pypi.org/project/js2py,2022-11-06 10:45:09.851,,,48.0,216.0,527871.0,529344.0,https://anaconda.org/conda-forge/js2py,2025-04-22 14:57:26.868,111988.0,3.0,,,,,,,,,,,,,,,,,,,,,,,,
225,ariadne,mirumee/ariadne,graphql,,https://github.com/mirumee/ariadne,2165.0,2062.0,88.0,https://github.com/mirumee/ariadne,BSD-3-Clause,2018-07-09 09:46:17.000,2026-06-15 11:07:35.000,197.0,32.0,2343.0,Python library for implementing GraphQL servers using schema-first approach. Created with by Mirumee.,26,True,['graphql'],,ariadne,https://pypi.org/project/ariadne,2026-06-15 11:07:35.000,2026-06-15 11:07:35.000,1.1.0,74.0,103.0,1592196.0,1592196.0,,,,2.0,,,,,,,,,,,,,,,,,,,,,,,,
226,notion-sdk-py,ramnes/notion-sdk-py,third-party-apis,,https://github.com/ramnes/notion-sdk-py,290.0,,45.0,https://github.com/ramnes/notion-sdk-py,MIT,2021-05-13 20:17:52.000,2026-05-12 08:54:43.000,170.0,7.0,2172.0,"Notion API client SDK, rewritten in Python! (sync + async).",26,True,,conda-forge/notion-client,notion-client,https://pypi.org/project/notion-client,2026-05-12 08:54:43.000,2026-05-12 08:54:43.000,3.1.0,23.0,290.0,3440196.0,3440531.0,https://anaconda.org/conda-forge/notion-client,2025-04-22 14:58:05.769,19430.0,2.0,,,,,,,,,,,,,,,,,,,,,,,,
227,mangum,jordaneremieff/mangum,servers,,https://github.com/Kludex/mangum,9002.0,8836.0,35.0,,MIT,,2026-08-22 12:54:46.000,135.0,,2138.0,AWS Lambda support for ASGI applications.,26,True,['fastapi'],,mangum,https://pypi.org/project/mangum,2026-08-22 12:54:46.000,2026-08-22 12:54:46.000,0.22.0,75.0,166.0,5041099.0,5041099.0,,,,3.0,,,,,,,,,,,,,,,,,,,,,,,,
228,HTTPretty,gabrielfalcao/HTTPretty,testing,,https://github.com/gabrielfalcao/HTTPretty,16944.0,16670.0,107.0,https://github.com/gabrielfalcao/HTTPretty,MIT,2011-01-28 14:59:02.000,2025-04-22 14:56:20.896,276.0,125.0,2113.0,Intercept HTTP requests at the Python socket level. Fakes the whole socket module.,26,False,,conda-forge/httpretty,httpretty,https://pypi.org/project/httpretty,2021-08-16 19:35:31.000,2021-08-16 19:35:31.000,1.1.4,59.0,274.0,1126546.0,1136248.0,https://anaconda.org/conda-forge/httpretty,2025-04-22 14:56:20.896,679195.0,2.0,,,,,,,,,,,,,,,,,,,,,,,,
229,simple-salesforce,simple-salesforce/simple-salesforce,third-party-apis,,https://github.com/simple-salesforce/simple-salesforce,3674.0,3405.0,91.0,https://github.com/simple-salesforce/simple-salesforce,,2013-01-17 20:08:57.000,2026-07-08 20:21:37.000,724.0,240.0,1886.0,A very simple Salesforce.com REST API client for Python.,26,False,,conda-forge/simple-salesforce,simple-salesforce,https://pypi.org/project/simple-salesforce,2026-07-08 19:43:03.000,2026-07-08 19:43:03.000,1.12.10,52.0,269.0,20473430.0,20475295.0,https://anaconda.org/conda-forge/simple-salesforce,2025-04-22 14:56:36.850,208935.0,2.0,,,,,,,,,,,,,,,,,,,,,,,,
230,twython,ryanmcgrath/twython,third-party-apis,,https://github.com/ryanmcgrath/twython,7935.0,7875.0,103.0,https://github.com/ryanmcgrath/twython,MIT,2009-04-02 05:01:31.000,2026-09-01 19:13:33.330,397.0,27.0,1855.0,"Actively maintained, pure Python wrapper for the Twitter API. Supports both normal and streaming Twitter APIs.",26,True,,conda-forge/twython,twython,https://pypi.org/project/twython,2021-07-16 22:35:20.000,2021-07-16 22:35:20.000,3.9.1,61.0,60.0,82908.0,90773.0,https://anaconda.org/conda-forge/twython,2026-09-01 19:13:33.330,503387.0,2.0,,,,,,,,,,,,,,,,,,,,,,,,
231,Hypercorn,pgjones/hypercorn,servers,,https://github.com/pgjones/hypercorn,13646.0,13487.0,73.0,https://github.com/pgjones/hypercorn,MIT,2018-06-02 17:47:42.000,2025-11-08 13:54:03.000,142.0,131.0,1563.0,Hypercorn is an ASGI Server based on Hyper libraries and inspired by Gunicorn.,26,True,,,hypercorn,https://pypi.org/project/hypercorn,2025-11-08 13:54:03.000,2024-05-28 20:55:48.000,0.17.3,57.0,159.0,6069122.0,6069122.0,,,,3.0,,,,,,,,,,,,,,,,,,,,,,,,
232,django-pipeline,jazzband/django-pipeline,django-utils,,https://github.com/jazzband/django-pipeline,2724.0,2689.0,178.0,https://github.com/jazzband/django-pipeline,MIT,2011-06-03 19:01:34.000,2026-08-15 05:10:06.000,366.0,157.0,1539.0,Pipeline is an asset packaging library for Django.,26,True,['django'],,django-pipeline,https://pypi.org/project/django-pipeline,2025-09-13 11:42:55.000,2025-09-13 11:42:55.000,4.1.0,135.0,35.0,192852.0,192852.0,,,,2.0,,,,,,,,,,,,,,,,,,,,,,,,
233,django-cachalot,noripyt/django-cachalot,django-utils,,https://github.com/noripyt/django-cachalot,1068.0,1056.0,40.0,https://github.com/noripyt/django-cachalot,BSD-3-Clause,2014-09-26 13:08:06.000,2026-08-11 00:45:17.346,156.0,28.0,1424.0,"No effort, no worry, maximum performance.",26,True,['django'],conda-forge/django-cachalot,django-cachalot,https://pypi.org/project/django-cachalot,2026-08-10 19:37:46.000,2026-08-10 19:37:46.000,2.9.1,49.0,12.0,205311.0,217351.0,https://anaconda.org/conda-forge/django-cachalot,2026-08-11 00:45:17.346,120403.0,2.0,,,,,,,,,,,,,,,,,,,,,,,,
234,webargs,marshmallow-code/webargs,others,,https://github.com/marshmallow-code/webargs,10604.0,10440.0,84.0,https://github.com/marshmallow-code/webargs,MIT,2014-02-17 02:16:12.000,2025-10-29 18:00:17.616,160.0,6.0,1405.0,"A friendly library for parsing HTTP request arguments, with built-in support for popular web frameworks, including..",26,True,,conda-forge/webargs,webargs,https://pypi.org/project/webargs,2025-10-29 16:07:47.000,2025-10-29 16:07:47.000,8.7.1,105.0,164.0,2471120.0,2478266.0,https://anaconda.org/conda-forge/webargs,2025-10-29 18:00:17.616,514551.0,3.0,,,,,,,,,,,,,,,,,,,,,,,,
235,django-rest-knox,James1345/django-rest-knox,auth,,https://github.com/jazzband/django-rest-knox,11855.0,11809.0,64.0,,MIT,,2026-07-12 12:02:33.000,224.0,,1264.0,Authentication for django rest framework.,26,True,['django'],,django-rest-knox,https://pypi.org/project/django-rest-knox,2026-07-12 12:02:33.000,2026-07-12 12:02:33.000,5.1.0,30.0,46.0,706977.0,706977.0,,,,2.0,,,,,,,,,,,,,,,,,,,,,,,,
236,django-waffle,django-waffle/django-waffle,django-utils,,https://github.com/django-waffle/django-waffle,1903.0,1862.0,164.0,https://github.com/django-waffle/django-waffle,BSD-3-Clause,2011-01-23 17:42:09.000,2025-06-14 17:39:27.000,261.0,47.0,1173.0,A feature flipper for Django.,26,False,['django'],conda-forge/django-waffle,django-waffle,https://pypi.org/project/django-waffle,2025-06-12 07:38:53.000,2025-06-12 07:38:53.000,5.0.0,50.0,41.0,1552308.0,1552792.0,https://anaconda.org/conda-forge/django-waffle,2025-04-22 14:57:36.310,34874.0,2.0,,,,,,,,,,,,,,,,,,,,,,,,
237,jsonfield,rpkilby/jsonfield,django-utils,,https://github.com/rpkilby/jsonfield,14518.0,14242.0,53.0,https://github.com/rpkilby/jsonfield,MIT,2009-05-03 03:42:01.000,2025-07-04 23:06:23.000,268.0,,1160.0,A reusable Django model field for storing ad-hoc JSON data.,26,False,['django'],,jsonfield,https://pypi.org/project/jsonfield,2025-07-04 23:06:23.000,2025-07-04 23:06:23.000,3.2.0,35.0,276.0,738635.0,738635.0,,,,2.0,,,,,,6.0,,,,,,,,,,,,,,,,,,
238,tavern,taverntesting/tavern,testing,,https://github.com/taverntesting/tavern,932.0,917.0,70.0,https://github.com/taverntesting/tavern,MIT,2017-11-01 14:51:25.000,2026-09-11 06:23:56.000,201.0,23.0,1160.0,"A command-line tool and Python library and Pytest plugin for automated testing of RESTful APIs, with a simple, concise..",26,True,,,tavern,https://pypi.org/project/tavern,2026-08-31 07:23:59.000,2026-08-31 07:23:59.000,3.6.3,223.0,15.0,164174.0,164174.0,,,,2.0,,,,,,,,,,,,,,,,,,,,,,,,
239,fastapi-mail,sabuhish/fastapi-mail,email,,https://github.com/sabuhish/fastapi-mail,5818.0,5781.0,58.0,https://github.com/sabuhish/fastapi-mail,MIT,2020-01-25 11:52:29.000,2026-08-22 11:59:01.000,112.0,3.0,1010.0,"Fastapi mail system sending mails(individual, bulk) attachments(individual, bulk).",26,True,['fastapi'],,fastapi-mail,https://pypi.org/project/fastapi-mail,2026-08-22 11:59:01.000,2026-08-22 11:59:01.000,1.6.8,109.0,37.0,738111.0,738111.0,,,,1.0,,,,,,,,,,,,,,,,,,,,,,,,
240,webassets,miracle2k/webassets,others,,https://github.com/miracle2k/webassets,7708.0,7610.0,165.0,https://github.com/miracle2k/webassets,BSD-2-Clause,2009-12-08 05:40:34.000,2026-07-03 16:34:27.743,261.0,70.0,929.0,Asset management for Python web development.,26,True,,conda-forge/webassets,webassets,https://pypi.org/project/webassets,2025-08-17 13:03:58.000,2025-08-17 13:03:58.000,3.0.0,15.0,98.0,203126.0,206555.0,https://anaconda.org/conda-forge/webassets,2026-07-03 16:34:27.743,85727.0,3.0,,,,,,,,,,,,,,,,,,,,,,,,
241,flask-marshmallow,marshmallow-code/flask-marshmallow,flask-utils,,https://github.com/marshmallow-code/flask-marshmallow,34512.0,34334.0,27.0,https://github.com/marshmallow-code/flask-marshmallow,MIT,2014-04-25 23:35:09.000,2026-04-16 07:00:08.164,63.0,25.0,890.0,Flask + marshmallow for beautiful APIs.,26,True,['flask'],conda-forge/flask-marshmallow,flask-marshmallow,https://pypi.org/project/flask-marshmallow,2026-04-16 02:58:29.000,2026-04-16 02:58:29.000,1.5.0,26.0,178.0,1288395.0,1291343.0,https://anaconda.org/conda-forge/flask-marshmallow,2026-04-16 07:00:08.164,221155.0,2.0,,,,,,,,,,,,,,,,,,,,,,,,
242,oauth2client,googleapis/oauth2client,auth,,https://github.com/googleapis/oauth2client,1056.0,,91.0,https://github.com/googleapis/oauth2client,Apache-2.0,2013-11-07 18:03:04.000,2025-04-22 14:56:25.308,429.0,2.0,797.0,This is a Python library for accessing resources protected by OAuth 2.0.,26,False,,conda-forge/oauth2client,oauth2client,https://pypi.org/project/oauth2client,2018-09-07 21:38:16.000,2018-09-07 21:38:16.000,4.1.3,44.0,1056.0,24516638.0,24591744.0,https://anaconda.org/conda-forge/oauth2client,2025-04-22 14:56:25.308,1727441.0,2.0,,,,,,,,,,,,,,,,,,,,,,,,
243,ghapi,fastai/ghapi,third-party-apis,,https://ghapi.fast.ai/,3794.0,3623.0,23.0,,Apache-2.0,,2026-09-20 22:51:47.000,69.0,,687.0,A python client for the GitHub API.,26,True,,,ghapi,https://pypi.org/project/ghapi,2026-09-20 22:51:47.000,2026-09-20 22:51:47.000,2.1.4,55.0,171.0,338965267.0,338965267.0,,,,2.0,,,,,,,,,,,,,,,,,,,,,,,,
244,flask-mail,mattupstate/flask-mail,email,,https://flask-mail.readthedocs.io,84431.0,84202.0,42.0,,BSD-3-Clause,2025-01-13 02:00:21.471,2025-04-22 14:56:27.215,178.0,,641.0,Flask extension for sending email.,26,False,,conda-forge/flask-mail,flask-mail,https://pypi.org/project/flask-mail,2024-05-23 22:30:10.000,2024-05-23 22:30:10.000,0.10.0,29.0,229.0,1195384.0,1209120.0,https://anaconda.org/conda-forge/flask-mail,2025-04-22 14:56:27.215,274733.0,1.0,,,,,,,,,,,,,,,,,,,,,,,,
245,pyngrok,alexdlaird/pyngrok,others,,https://github.com/alexdlaird/pyngrok,11985.0,11641.0,37.0,https://github.com/alexdlaird/pyngrok,MIT,2018-12-16 22:12:33.000,2026-09-22 03:33:01.000,59.0,,465.0,"A Python wrapper for ngrok; programmatic tunnels for ingress, webhooks, demos, and APIs.",26,True,,conda-forge/pyngrok,pyngrok,https://pypi.org/project/pyngrok,2026-04-29 15:16:52.000,2026-04-29 15:16:52.000,8.1.2,121.0,344.0,976008.0,979828.0,https://anaconda.org/conda-forge/pyngrok,2026-04-29 16:49:10.470,290320.0,3.0,,,,,,,,,,,,,,,,,,,,,,,,
246,flask-bcrypt,maxcountryman/flask-bcrypt,flask-utils,,https://github.com/maxcountryman/flask-bcrypt,82016.0,81899.0,25.0,https://github.com/maxcountryman/flask-bcrypt,BSD-3-Clause,2011-06-12 21:20:23.000,2025-09-04 15:38:42.000,64.0,10.0,328.0,Flask-Bcrypt is a Flask extension that provides bcrypt hashing utilities for your application.,26,True,['flask'],conda-forge/flask-bcrypt,flask-bcrypt,https://pypi.org/project/flask-bcrypt,2022-04-05 03:59:51.000,2022-04-05 03:59:51.000,1.0.1,16.0,117.0,1577867.0,1579566.0,https://anaconda.org/conda-forge/flask-bcrypt,2025-04-22 14:56:24.928,84970.0,2.0,,,,,,,,,,,,,,,,,,,,,,,,
247,httpie,httpie/httpie,http-clients,,https://httpie.io/,132.0,1.0,173.0,,BSD-3-Clause,2020-10-14 01:42:30.321,2025-04-22 14:56:48.791,3995.0,,38420.0,"HTTPie: modern, user-friendly command-line HTTP client for the API era.",25,False,,conda-forge/httpie,httpie,https://pypi.org/project/httpie,2024-11-01 17:31:22.000,2024-11-01 17:31:22.000,3.2.4,58.0,131.0,609598.0,614256.0,https://anaconda.org/conda-forge/httpie,2025-04-22 14:56:48.791,330732.0,3.0,,,,,,,,,,,,,,,,,,,,,,,,
248,dirsearch,maurosoria/dirsearch,web-scraping,,https://github.com/maurosoria/dirsearch,204.0,203.0,113.0,https://github.com/maurosoria/dirsearch,GPL-2.0,2013-04-30 15:57:40.000,2026-08-19 04:36:37.000,2439.0,26.0,14642.0,Web path scanner.,25,True,,,dirsearch,https://pypi.org/project/dirsearch,2026-08-19 04:36:37.000,2026-08-19 04:36:37.000,0.5.0,9.0,1.0,19517.0,19517.0,,,,2.0,,,,,,,,,,,,,,,,,,,,,,,,
249,Zappa,Miserlou/Zappa,serverless,,https://github.com/Miserlou/Zappa,44.0,24.0,262.0,https://github.com/Miserlou/Zappa,MIT,2016-01-20 21:57:04.000,2026-03-11 00:42:24.000,1206.0,691.0,11886.0,Serverless Python.,25,True,,,zappa,https://pypi.org/project/zappa,2026-03-11 00:42:24.000,2026-03-11 00:42:24.000,0.62.1,145.0,20.0,198975.0,198975.0,,,,2.0,,,,,,,,,,,,,,,,,,,,,,,,
250,thumbor,thumbor/thumbor,third-party-apis,,https://github.com/thumbor/thumbor,442.0,389.0,211.0,https://github.com/thumbor/thumbor,MIT,2011-03-16 17:30:05.000,2026-05-30 23:23:57.000,865.0,21.0,10486.0,thumbor is an open-source photo thumbnail service by globo.com.,25,True,,,thumbor,https://pypi.org/project/thumbor,2026-05-30 23:23:57.000,2026-05-30 23:23:57.000,7.8.0,120.0,53.0,14851.0,14851.0,,,,3.0,,,,,,,,,,,,,,,,,,,,,,,,
251,hug,hugapi/hug,web-frameworks,,https://github.com/hugapi/hug,5279.0,5232.0,121.0,https://github.com/hugapi/hug,MIT,2015-07-17 03:33:50.000,2025-04-22 14:56:28.919,388.0,186.0,6896.0,"Embrace the APIs of the future. Hug aims to make developing APIs as simple as possible, but no simpler.",25,False,,conda-forge/hug,hug,https://pypi.org/project/hug,2020-02-06 18:13:37.000,2020-02-06 18:13:37.000,2.6.1,71.0,47.0,68699.0,72062.0,https://anaconda.org/conda-forge/hug,2025-04-22 14:56:28.919,400257.0,3.0,,,,,,,,,,,,,,,,,,,,,,,,
252,weblate,WeblateOrg/weblate,others,,https://github.com/WeblateOrg/weblate,54.0,54.0,2235.0,https://github.com/WeblateOrg/weblate,GPL-3.0,2012-02-27 09:33:29.000,2026-09-08 07:31:21.000,1351.0,499.0,6059.0,Web based localization tool with tight version control integration.,25,True,,,weblate,https://pypi.org/project/weblate,2026-09-08 07:31:21.000,2026-09-08 07:31:21.000,2026.9.1,175.0,,23497.0,23497.0,,,,3.0,,,,,,,,,,,,,,,,,,,,,,,,
253,grequests,spyoungtech/grequests,http-clients,,https://github.com/spyoungtech/grequests,5243.0,5062.0,29.0,https://github.com/spyoungtech/grequests,BSD-2-Clause,2012-05-10 21:50:15.000,2025-04-22 14:56:27.352,332.0,10.0,4492.0,Requests + Gevent = 3.,25,False,,conda-forge/grequests,grequests,https://pypi.org/project/grequests,2023-06-08 00:06:01.754,2023-06-08 00:06:01.754,0.7.0,7.0,181.0,273159.0,285485.0,https://anaconda.org/conda-forge/grequests,2025-04-22 14:56:27.352,258859.0,3.0,,,,,,,,,,,,,,,,,,,,,,,,
254,wechatpy,wechatpy/wechatpy,third-party-apis,,https://github.com/wechatpy/wechatpy,10389.0,10364.0,102.0,https://github.com/wechatpy/wechatpy,MIT,2014-09-12 13:03:28.000,2026-05-19 17:29:46.000,821.0,58.0,4307.0,WeChat SDK for Python.,25,True,,,wechatpy,https://pypi.org/project/wechatpy,2022-06-19 11:36:01.000,2021-11-11 15:12:31.000,1.8.18,137.0,25.0,95042.0,95042.0,,,,3.0,,,,,,,,,,,,,,,,,,,,,,,,
255,py-googletrans,ssut/py-googletrans,third-party-apis,,https://github.com/ssut/py-googletrans,405.0,,31.0,https://github.com/ssut/py-googletrans,MIT,2015-06-05 08:35:11.000,2026-08-08 08:16:00.000,742.0,11.0,4277.0,(unofficial) Googletrans: Free and Unlimited Google translate API for Python. Translates totally free of charge.,25,True,,,googletrans,https://pypi.org/project/googletrans,2025-01-01 14:12:00.000,2025-01-01 14:12:00.000,4.0.2,15.0,405.0,1128305.0,1128305.0,,,,3.0,,,,,,,,,,,,,,,,,,,,,,,,
256,pyppeteer,miyakogi/pyppeteer,testing,,https://github.com/miyakogi/pyppeteer,359.0,,24.0,https://github.com/miyakogi/pyppeteer,MIT,2017-08-28 16:39:17.000,2026-09-16 14:16:46.152,367.0,154.0,3917.0,Headless chrome/chromium automation library (unofficial port of puppeteer).,25,True,,conda-forge/pyppeteer,pyppeteer,https://pypi.org/project/pyppeteer,2024-02-18 03:02:41.000,2024-02-18 03:02:41.000,2.0.0,35.0,359.0,590093.0,596151.0,https://anaconda.org/conda-forge/pyppeteer,2026-09-16 14:16:46.152,436199.0,2.0,,,,,,,,,,,,,,,,,,,,,,,,
257,factory_boy,FactoryBoy/factory_boy,testing,,https://github.com/FactoryBoy/factory_boy,647.0,,134.0,https://github.com/FactoryBoy/factory_boy,MIT,2011-05-11 08:26:59.000,2025-04-25 02:28:32.370,401.0,190.0,3639.0,A test fixtures replacement for Python.,25,False,['django'],conda-forge/factory_boy,factory_boy,https://pypi.org/project/factory_boy,2025-02-03 09:49:01.000,2025-02-03 09:49:01.000,3.3.3,46.0,647.0,20457804.0,20463514.0,https://anaconda.org/conda-forge/factory_boy,2025-04-25 02:28:32.370,411190.0,2.0,,,,,,,,,,,,,,,,,,,,,,,,
258,twitter,python-twitter-tools/twitter,third-party-apis,,https://github.com/python-twitter-tools/twitter,50.0,,94.0,https://github.com/python-twitter-tools/twitter,MIT,2008-12-15 21:11:26.000,2025-02-10 18:45:41.000,718.0,1.0,3285.0,Python Twitter API.,25,False,,,twitter,https://pypi.org/project/twitter,2022-09-19 22:46:17.662,2022-09-19 22:45:26.007,1.19.6,60.0,50.0,23855.0,23855.0,,,,3.0,2025-02-10 18:45:40,753.0,3.0,175.0,296.0,,,,,,,,,,,,,,,,,,,
259,sqladmin,aminalaee/sqladmin,fastapi-utils,,https://smithyhq.github.io/sqladmin/,1977.0,1921.0,109.0,,BSD-3-Clause,,2026-09-20 23:17:58.000,296.0,,2829.0,SQLAlchemy admin for FastAPI and Starlette.,25,True,['fastapi'],,sqladmin,https://pypi.org/project/sqladmin,2026-09-20 23:17:58.000,2026-09-20 23:17:58.000,0.32.0,59.0,56.0,862194.0,862194.0,,,,1.0,,,,,,,,,,,,,,,,,,,,,,,,
260,facebook-sdk,mobolic/facebook-sdk,third-party-apis,,https://github.com/mobolic/facebook-sdk,5700.0,5662.0,99.0,https://github.com/mobolic/facebook-sdk,Apache-2.0,2011-05-11 13:38:27.000,2024-08-02 05:15:24.000,939.0,38.0,2786.0,Python SDK for Facebooks Graph API.,25,False,,,facebook-sdk,https://pypi.org/project/facebook-sdk,2018-11-06 06:53:51.000,2018-11-06 06:53:51.000,3.1.0,9.0,38.0,343986.0,343986.0,,,,3.0,,,,,,,,,,,,,,,,,,,,,,,,
261,flask-restplus,noirbizarre/flask-restplus,web-frameworks,,https://github.com/noirbizarre/flask-restplus,14879.0,14698.0,88.0,https://github.com/noirbizarre/flask-restplus,BSD-3-Clause,2014-08-14 13:26:03.000,2025-04-22 14:56:29.180,507.0,372.0,2734.0,"Fully featured framework for fast, easy and documented API development with Flask.",25,False,['flask'],conda-forge/flask-restplus,flask-restplus,https://pypi.org/project/flask-restplus,2019-08-12 21:51:40.000,2019-08-12 21:51:40.000,0.13.0,35.0,181.0,69189.0,72960.0,https://anaconda.org/conda-forge/flask-restplus,2025-04-22 14:56:29.180,448841.0,3.0,,,,,,,,,,,,,,,,,,,,,,,,
262,furl,gruns/furl,url-utils,,https://github.com/gruns/furl,504.0,,16.0,https://github.com/gruns/furl,Unlicense,2011-11-17 01:08:16.000,2026-09-06 13:15:39.057,156.0,40.0,2706.0,URL parsing and manipulation made easy.,25,True,,conda-forge/furl,furl,https://pypi.org/project/furl,2025-03-09 05:36:19.000,2025-03-09 05:36:19.000,2.1.4,52.0,504.0,4830472.0,4845261.0,https://anaconda.org/conda-forge/furl,2026-09-06 13:15:39.057,946511.0,3.0,,,,,,,,,,,,,,,,,,,,,,,,
263,django-fsm,viewflow/django-fsm,django-utils,,https://github.com/viewflow/django-fsm,1963.0,1899.0,70.0,https://github.com/viewflow/django-fsm,MIT,2010-05-31 14:03:48.000,2025-10-07 17:44:28.580,309.0,1.0,2348.0,Django friendly finite state machine support.,25,True,['django'],conda-forge/django-fsm,django-fsm,https://pypi.org/project/django-fsm,2025-10-07 16:33:26.000,2025-10-07 16:33:26.000,3.0.1,26.0,64.0,514937.0,517060.0,https://anaconda.org/conda-forge/django-fsm,2025-10-07 17:44:28.580,97669.0,3.0,,,,,,,,,,,,,,,,,,,,,,,,
264,django-cacheops,Suor/django-cacheops,django-utils,,https://github.com/Suor/django-cacheops,1612.0,1599.0,74.0,https://github.com/Suor/django-cacheops,BSD-3-Clause,2011-06-04 12:25:47.000,2025-04-20 04:36:16.000,231.0,19.0,2179.0,A slick ORM cache with automatic granular event-driven invalidation.,25,False,['django'],,django-cacheops,https://pypi.org/project/django-cacheops,2025-04-20 04:36:16.000,2023-10-24 10:23:43.000,7.0.2,65.0,13.0,1958945.0,1958945.0,,,,3.0,,,,,,,,,,,,,,,,,,,,,,,,
265,django-admin-interface,fabiocaccamo/django-admin-interface,admin-ui,,https://github.com/fabiocaccamo/django-admin-interface,5322.0,5313.0,46.0,https://github.com/fabiocaccamo/django-admin-interface,MIT,2015-10-26 14:46:36.000,2026-01-03 22:15:29.000,200.0,13.0,2028.0,"djangos default admin interface with superpowers - customizable themes, popup windows replaced by modals and many..",25,True,['django'],,django-admin-interface,https://pypi.org/project/django-admin-interface,2025-12-19 01:34:35.000,2025-12-19 01:34:35.000,0.32.0,128.0,9.0,215005.0,215005.0,,,,2.0,,,,,,,,,,,,,,,,,,,,,,,,
266,django-braces,brack3t/django-braces,django-utils,,https://github.com/brack3t/django-braces,16282.0,16209.0,83.0,https://github.com/brack3t/django-braces,BSD-3-Clause,2012-03-02 20:02:51.000,2025-04-22 14:56:39.215,218.0,6.0,1992.0,"Reusable, generic mixins for Django.",25,False,['django'],conda-forge/django-braces,django-braces,https://pypi.org/project/django-braces,2025-03-18 02:03:01.000,2025-03-18 02:03:01.000,1.17.0,33.0,73.0,262328.0,266109.0,https://anaconda.org/conda-forge/django-braces,2025-04-22 14:56:39.215,113456.0,3.0,,,,,,,,,,,,,,,,,,,,,,,,
267,rpyc,tomerfiliba-org/rpyc,rpc,,https://github.com/tomerfiliba-org/rpyc,3699.0,3470.0,87.0,https://github.com/tomerfiliba-org/rpyc,MIT,2009-03-08 11:23:29.000,2025-10-21 22:22:09.860,250.0,95.0,1686.0,RPyC (Remote Python Call) - A transparent and symmetric RPC library for python.,25,True,,conda-forge/rpyc,rpyc,https://pypi.org/project/rpyc,2025-04-18 16:33:20.000,2025-04-18 16:33:20.000,6.0.2,31.0,229.0,851647.0,862955.0,https://anaconda.org/conda-forge/rpyc,2025-10-21 22:22:09.860,814222.0,2.0,,,,,,,,,,,,,,,,,,,,,,,,
268,slacker,os/slacker,third-party-apis,,https://github.com/os/slacker,3338.0,3221.0,45.0,https://github.com/os/slacker,Apache-2.0,2014-03-12 15:13:32.000,2025-04-22 14:56:24.345,246.0,30.0,1604.0,Full-featured Python interface for the Slack API.,25,False,,conda-forge/slacker,slacker,https://pypi.org/project/slacker,2020-02-15 09:06:13.000,2020-02-15 09:06:13.000,0.14.0,57.0,117.0,466302.0,508715.0,https://anaconda.org/conda-forge/slacker,2025-04-22 14:56:24.345,890693.0,3.0,,,,,,,,,,,,,,,,,,,,,,,,
269,python-user-agents,selwin/python-user-agents,others,,https://github.com/selwin/python-user-agents,200.0,,32.0,https://github.com/selwin/python-user-agents,MIT,2013-01-05 00:44:11.000,2025-04-22 14:56:26.410,197.0,44.0,1432.0,"A Python library that provides an easy way to identify devices like mobile phones, tablets and their capabilities by..",25,False,,conda-forge/user-agents,user-agents,https://pypi.org/project/user-agents,2020-08-23 06:01:54.000,2020-08-23 06:01:54.000,2.2.0,12.0,200.0,9289035.0,9291962.0,https://anaconda.org/conda-forge/user-agents,2025-04-22 14:56:26.410,213694.0,3.0,,,,,,,,,,,,,,,,,,,,,,,,
270,easy-thumbnails,SmileyChris/easy-thumbnails,django-utils,,https://github.com/SmileyChris/easy-thumbnails,12003.0,11859.0,101.0,https://github.com/SmileyChris/easy-thumbnails,BSD-3-Clause,2009-10-08 03:44:26.000,2026-05-06 21:53:06.000,325.0,100.0,1409.0,Easy thumbnails for Django.,25,True,['django'],,easy-thumbnails,https://pypi.org/project/easy-thumbnails,2025-08-17 20:49:09.000,2025-08-17 20:49:09.000,2.10.1,54.0,144.0,421820.0,421820.0,,,,3.0,,,,,,,,,,,,,,,,,,,,,,,,
271,fastapi-code-generator,koxudaxi/fastapi-code-generator,fastapi-utils,,https://github.com/koxudaxi/fastapi-code-generator,266.0,256.0,36.0,https://github.com/koxudaxi/fastapi-code-generator,MIT,2020-06-14 10:49:14.000,2026-07-01 09:39:52.000,152.0,47.0,1395.0,This code generator creates FastAPI app from an openapi file.,25,True,"['fastapi', 'openapi']",,fastapi-code-generator,https://pypi.org/project/fastapi-code-generator,2026-07-01 09:39:52.000,2026-07-01 09:39:52.000,0.8.1,51.0,10.0,77872.0,77872.0,,,,1.0,,,,,,,,,,,,,,,,,,,,,,,,
272,django-rosetta,mbi/django-rosetta,django-utils,,https://github.com/mbi/django-rosetta,4003.0,3970.0,87.0,https://github.com/mbi/django-rosetta,MIT,2011-06-16 09:19:42.000,2025-12-07 18:04:16.000,204.0,56.0,1156.0,Rosetta is a Django application that eases the translation process of your Django projects.,25,True,['django'],conda-forge/django-rosetta,django-rosetta,https://pypi.org/project/django-rosetta,2025-12-07 18:04:16.000,2025-12-07 18:04:16.000,0.10.3,40.0,33.0,162300.0,162567.0,https://anaconda.org/conda-forge/django-rosetta,2025-04-22 14:57:33.082,19823.0,3.0,,,,,,,,,,,,,,,,,,,,,,,,
273,mistletoe,miyuchina/mistletoe,markdown,,https://github.com/miyuchina/mistletoe,2037.0,1799.0,46.0,https://github.com/miyuchina/mistletoe,MIT,2017-07-09 10:57:29.000,2026-07-11 14:14:17.000,134.0,40.0,1056.0,"A fast, extensible and spec-compliant Markdown parser in pure Python.",25,True,,,mistletoe,https://pypi.org/project/mistletoe,2026-07-11 14:14:17.000,2026-07-11 14:14:17.000,1.6.0,33.0,238.0,1873527.0,1873527.0,,,,3.0,,,,,,,,,,,,,,,,,,,,,,,,
274,flask-dance,singingwolfboy/flask-dance,auth,,https://github.com/singingwolfboy/flask-dance,6109.0,6080.0,58.0,https://github.com/singingwolfboy/flask-dance,MIT,2014-09-09 11:53:06.000,2025-04-22 14:57:04.024,158.0,47.0,1008.0,"Doing the OAuth dance with style using Flask, requests, and oauthlib.",25,False,['flask'],conda-forge/flask-dance,flask-dance,https://pypi.org/project/flask-dance,2024-03-05 12:43:19.000,2024-03-05 12:43:19.000,7.1.0,52.0,29.0,881977.0,882448.0,https://anaconda.org/conda-forge/flask-dance,2025-04-22 14:57:04.024,16983.0,3.0,,,,,,,,,,,,,,,,,,,,,,,,
275,parameterized,wolever/parameterized,testing,,https://github.com/wolever/parameterized,27440.0,26697.0,30.0,https://github.com/wolever/parameterized,BSD-2-Clause-FreeBSD,2012-03-10 04:56:31.000,2025-04-22 14:56:44.336,106.0,44.0,841.0,Parameterized testing with any Python test framework.,25,False,,conda-forge/parameterized,parameterized,https://pypi.org/project/parameterized,2023-03-27 02:02:06.801,2023-03-27 02:02:06.801,0.9.0,12.0,743.0,13108500.0,13168864.0,https://anaconda.org/conda-forge/parameterized,2025-04-22 14:56:44.336,4104772.0,2.0,,,,,,,,,,,,,,,,,,,,,,,,
276,flask-security,mattupstate/flask-security,flask-utils,,https://github.com/pallets-eco/flask-security,8728.0,8655.0,129.0,,MIT,2024-11-18 12:30:14.722,2026-09-24 18:59:35.000,170.0,,698.0,Quickly add security features to your Flask application.,25,True,['flask'],conda-forge/flask-security,flask-security,https://pypi.org/project/flask-security,2026-09-24 18:59:35.000,2026-08-12 00:23:06.000,5.8.2,37.0,73.0,82939.0,92213.0,https://anaconda.org/conda-forge/flask-security,2026-08-14 10:51:42.746,204032.0,2.0,,,,,,,,,,,,,,,,,,,,,,,,
277,trame,Kitware/trame,web-ui,,https://github.com/Kitware/trame,1097.0,858.0,35.0,https://github.com/Kitware/trame,Apache-2.0,2021-09-24 21:38:47.000,2026-09-09 16:53:39.000,86.0,28.0,697.0,Trame lets you weave various components and technologies into a Web Application solely written in Python.,25,True,,,trame,https://pypi.org/project/trame,2026-09-09 16:53:39.000,2026-09-09 16:53:39.000,4.0.0,163.0,239.0,1437631.0,1437631.0,,,,2.0,,,,,,,,,,,,,,,,,,,,,,,,
278,django-csp,mozilla/django-csp,django-utils,,https://github.com/mozilla/django-csp,5204.0,5150.0,67.0,https://github.com/mozilla/django-csp,BSD-3-Clause,2010-07-14 18:00:59.000,2025-11-14 14:39:37.000,107.0,10.0,625.0,Content Security Policy for Django.,25,True,['django'],,django-csp,https://pypi.org/project/django-csp,2025-04-02 16:41:45.000,2013-11-19 23:16:37.000,2.0.3,23.0,54.0,4009211.0,4009211.0,,,,3.0,,,,,,,,,,,,,,,,,,,,,,,,
279,aiodns,saghul/aiodns,others,,https://pypi.org/p/aiodns,1003.0,,36.0,,MIT,2021-11-25 09:55:32.824,2026-08-03 12:59:13.152,75.0,,593.0,Simple DNS resolver for asyncio.,25,True,,conda-forge/aiodns,aiodns,https://pypi.org/project/aiodns,2026-05-20 01:54:14.000,2026-05-20 01:54:14.000,4.0.4,27.0,1003.0,14153772.0,14163365.0,https://anaconda.org/conda-forge/aiodns,2026-08-03 12:59:13.152,556399.0,3.0,,,,,,,,,,,,,,,,,,,,,,,,
280,aioresponses,pnuckowski/aioresponses,testing,,https://github.com/pnuckowski/aioresponses,878.0,,60.0,https://github.com/pnuckowski/aioresponses,MIT,2016-10-16 10:42:14.000,2026-06-23 21:23:22.000,100.0,63.0,558.0,Aioresponses is a helper for mock/fake web requests in python aiohttp package.,25,True,,,aioresponses,https://pypi.org/project/aioresponses,2026-06-23 21:23:22.000,2026-06-23 21:23:22.000,0.7.9,29.0,878.0,5460469.0,5460469.0,,,,2.0,,,,,,,,,,,,,,,,,,,,,,,,
281,flask-testing,jarus/flask-testing,testing,,https://github.com/jarus/flask-testing,25093.0,24985.0,33.0,https://github.com/jarus/flask-testing,BSD-3-Clause,2012-02-29 16:34:28.000,2025-04-22 14:56:27.629,110.0,56.0,501.0,Unittest extensions for Flask.,25,False,['flask'],conda-forge/flask-testing,flask-testing,https://pypi.org/project/flask-testing,2020-12-24 16:51:48.000,2020-12-24 16:51:48.000,0.8.1,18.0,108.0,649040.0,651120.0,https://anaconda.org/conda-forge/flask-testing,2025-04-22 14:56:27.629,249697.0,2.0,,,,,,,,,,,,,,,,,,,,,,,,
282,OpenAPI Spec validator,p1c2u/openapi-spec-validator,openapi-utils,,https://github.com/python-openapi/openapi-spec-validator,12319.0,11884.0,46.0,,Apache-2.0,2020-07-28 17:07:10.055,2026-05-20 17:31:41.467,73.0,,406.0,OpenAPI 2.0 (aka Swagger) and OpenAPI 3 spec validator.,25,True,,conda-forge/openapi-spec-validator,openapi-spec-validator,https://pypi.org/project/openapi-spec-validator,2026-05-20 09:23:17.000,2026-05-20 09:23:17.000,0.9.0,49.0,435.0,16806647.0,16827429.0,https://anaconda.org/conda-forge/openapi-spec-validator,2026-05-20 17:31:41.467,1537894.0,3.0,,,,,,,,,,,,,,,,,,,,,,,,
283,pyshorteners,ellisonleao/pyshorteners,third-party-apis,,https://github.com/ellisonleao/pyshorteners,18393.0,18341.0,24.0,https://github.com/ellisonleao/pyshorteners,GPL-3.0,2013-09-30 18:33:24.000,2022-06-06 19:18:46.000,65.0,,405.0,Generating short urls with python has never been easier.,25,False,,,pyshorteners,https://pypi.org/project/pyshorteners,2020-03-19 17:54:24.000,2020-03-19 17:55:20.000,1.0.1,27.0,52.0,112322.0,112322.0,,,,3.0,2022-06-06 19:18:46,431.0,,90.0,,,,,,,,,,,,,,,,,,,,
284,uritemplate,python-hyper/uritemplate,url-utils,,https://github.com/python-hyper/uritemplate,571.0,,22.0,https://github.com/python-hyper/uritemplate,BSD-3-Clause,2013-05-14 16:52:08.000,2026-07-13 22:09:18.000,39.0,8.0,246.0,URI template parsing per RFC6570.,25,True,,conda-forge/uritemplate,uritemplate,https://pypi.org/project/uritemplate,2025-06-02 15:12:03.000,2025-06-02 15:12:03.000,4.2.0,13.0,571.0,124796130.0,124944767.0,https://anaconda.org/conda-forge/uritemplate,2025-06-02 19:27:26.762,8769603.0,3.0,,,,,,,,,,,,,,,,,,,,,,,,
285,You-Get,soimort/you-get,web-scraping,,https://github.com/soimort/you-get,42.0,24.0,264.0,https://github.com/soimort/you-get,MIT,2012-08-20 15:53:36.000,2025-04-22 14:57:26.663,9598.0,377.0,53274.0,Dumb downloader that scrapes the web.,24,False,,conda-forge/you-get,you-get,https://pypi.org/project/you-get,2025-01-04 01:51:10.000,2025-01-04 01:51:10.000,0.4.1743,174.0,18.0,9512.0,10289.0,https://anaconda.org/conda-forge/you-get,2025-04-22 14:57:26.663,57498.0,2.0,,,,,,,,,,,,,,,,,,,,you-get,,,,
286,Kong,kong/kong,api-proxies,,https://github.com/kong/kong,25.0,25.0,453.0,https://github.com/kong/kong,Apache-2.0,2014-11-17 23:56:08.000,2026-09-22 09:29:09.000,5213.0,203.0,45007.0,The API and AI Gateway.,24,True,,,,,,,,,,,2536184.0,,,,1.0,,,,,,,,,,,,,,,kong,https://hub.docker.com/r/_/kong,2026-09-16 04:51:30.888006,833.0,360138158.0,,,,,
287,swagger-ui,swagger-api/swagger-ui,openapi-utils,,https://github.com/swagger-api/swagger-ui,38387.0,38387.0,628.0,https://github.com/swagger-api/swagger-ui,Apache-2.0,2011-07-15 22:56:39.000,2026-09-21 07:28:55.000,9259.0,1131.0,29020.0,"Swagger UI is a collection of HTML, JavaScript, and CSS assets that dynamically generate beautiful documentation from..",24,True,['openapi'],,,,,,,,,,,,,,3.0,,,,,,,,,,,,,,,,,,,,,,,,
288,Requests-HTML,psf/requests-html,html-processing,,https://github.com/psf/requests-html,446.0,,66.0,https://github.com/psf/requests-html,MIT,2018-02-24 20:11:02.000,2024-04-16 18:50:38.000,998.0,238.0,13856.0,Pythonic HTML Parsing for Humans.,24,False,,,requests-html,https://pypi.org/project/requests-html,2019-02-17 20:14:17.000,2019-02-17 20:14:17.000,0.10.0,36.0,446.0,333845.0,333845.0,,,,3.0,,,,,,,,,,,,,,,,,,,,,,,,
289,speedtest-cli,sivel/speedtest-cli,others,,https://github.com/sivel/speedtest-cli,211.0,24.0,10.0,https://github.com/sivel/speedtest-cli,Apache-2.0,2012-09-10 19:17:53.000,2025-04-22 14:58:04.715,1911.0,70.0,13529.0,Command line interface for testing internet bandwidth using speedtest.net.,24,False,,conda-forge/speedtest-cli,speedtest-cli,https://pypi.org/project/speedtest-cli,2021-04-08 13:51:32.000,2021-04-08 13:51:32.000,2.1.3,28.0,187.0,252947.0,253452.0,https://anaconda.org/conda-forge/speedtest-cli,2025-04-22 14:58:04.715,29333.0,3.0,,,,,,,,,,,,,,,,,,,,,,,,
290,eve,pyeve/eve,web-frameworks,,https://github.com/pyeve/eve,1228.0,1182.0,221.0,https://github.com/pyeve/eve,BSD-3-Clause,2012-10-22 07:39:33.000,2026-03-24 08:14:06.000,734.0,26.0,6745.0,REST API framework designed for human beings.,24,True,,,eve,https://pypi.org/project/eve,2026-03-24 08:14:06.000,2026-03-24 08:14:06.000,2.3.1,61.0,46.0,23987.0,23987.0,,,,3.0,,,,,,,,,,,,,,,,,,,,,,,,
291,google-maps-services-python,googlemaps/google-maps-services-python,third-party-apis,,https://github.com/googlemaps/google-maps-services-python,113.0,,67.0,https://github.com/googlemaps/google-maps-services-python,Apache-2.0,2014-08-15 04:35:30.000,2025-03-09 02:22:08.000,1334.0,69.0,4804.0,Python client library for Google Maps API Web Services.,24,False,,,googlemaps,https://pypi.org/project/googlemaps,2023-01-26 16:46:28.581,2023-01-26 16:46:28.581,4.10.0,51.0,113.0,3085387.0,3085387.0,,,,3.0,,,,,,,,,,,,,,,,,,,,,,,,
292,mezzanine,stephenmcd/mezzanine,cms,,https://github.com/stephenmcd/mezzanine,2491.0,2466.0,329.0,https://github.com/stephenmcd/mezzanine,BSD-2-Clause,2010-05-29 12:16:55.000,2025-06-04 17:21:14.000,1645.0,62.0,4755.0,CMS framework for Django.,24,False,['django'],,mezzanine,https://pypi.org/project/mezzanine,2025-06-04 17:21:14.000,2025-06-04 17:21:14.000,6.1.1,141.0,25.0,3134.0,3134.0,,,,2.0,,,,,,,,,,,,,,,,,,,,,,,,
293,Radicale,Kozea/Radicale,others,,https://github.com/Kozea/Radicale,254.0,209.0,176.0,https://github.com/Kozea/Radicale,GPL-3.0,2011-08-11 08:27:37.000,2026-09-03 06:39:41.000,478.0,7.0,3880.0,A simple CalDAV (calendar) and CardDAV (contact) server.,24,True,,,radicale,https://pypi.org/project/radicale,2026-09-03 06:39:41.000,2026-09-03 06:39:41.000,3.8.0,94.0,45.0,37082.0,37082.0,,,,3.0,,,,,,,,,,,,,,,,,,,,,,,,
294,bjoern,jonashaag/bjoern,servers,,https://github.com/jonashaag/bjoern,918.0,851.0,44.0,https://github.com/jonashaag/bjoern,BSD-2-Clause,2010-03-01 23:46:47.000,2026-09-07 12:09:16.765,188.0,37.0,3044.0,A screamingly fast Python 2/3 WSGI server written in C.,24,True,,conda-forge/bjoern,bjoern,https://pypi.org/project/bjoern,2022-09-19 16:03:06.582,2022-09-19 16:03:06.582,3.2.2,30.0,67.0,48723.0,52888.0,https://anaconda.org/conda-forge/bjoern,2026-09-07 12:09:16.765,295728.0,3.0,,,,,,,,,,,,,,,,,,,,,,,,
295,viewflow,viewflow/viewflow,django-utils,,https://github.com/viewflow/viewflow,381.0,378.0,27.0,https://github.com/viewflow/viewflow,AGPL-3.0,2013-09-10 10:16:35.000,2026-07-30 13:45:18.000,412.0,14.0,2868.0,Reusable workflow library for Django.,24,True,['django'],,django-viewflow,https://pypi.org/project/django-viewflow,2026-07-30 13:45:07.000,2026-07-30 13:45:07.000,2.4.0,70.0,3.0,209688.0,209688.0,,,,3.0,,,,,,,,,,,,,,,,,,,,,,,,
296,django-activity-stream,justquick/django-activity-stream,django-utils,,https://github.com/justquick/django-activity-stream,1356.0,1345.0,114.0,https://github.com/justquick/django-activity-stream,BSD-3-Clause,2010-02-24 21:16:51.000,2024-03-26 18:06:03.000,486.0,25.0,2342.0,Generate generic activity streams from the actions on your site. Users can follow any actors activities for..,24,False,['django'],,django-activity-stream,https://pypi.org/project/django-activity-stream,2023-10-04 07:51:20.000,2023-10-04 07:51:20.000,2.0.0,41.0,11.0,119207.0,119207.0,,,,3.0,,,,,,,,,,,,,,,,,,,,,,,,
297,flask-wtf,wtforms/flask-wtf,forms,,https://flask-wtf.readthedocs.io,903.0,,106.0,,,2021-05-25 08:06:31.676,2026-04-23 13:19:35.479,312.0,,1506.0,"Form rendering, validation, and CSRF protection for Flask with WTForms.",24,False,['flask'],conda-forge/flask-wtf,flask-wtf,https://pypi.org/project/flask-wtf,2026-04-23 07:41:53.000,2026-04-23 07:41:53.000,1.3.0,52.0,903.0,10092544.0,10101479.0,https://anaconda.org/conda-forge/flask-wtf,2026-04-23 13:19:35.479,571852.0,3.0,,,,,,,,,,,,,,,,,,,,,,,,
298,flask-api,flask-api/flask-api,flask-utils,,https://github.com/flask-api/flask-api,6649.0,6592.0,35.0,https://github.com/flask-api/flask-api,BSD-3-Clause,2014-02-15 12:27:34.000,2025-05-13 06:12:16.000,194.0,18.0,1469.0,Browsable web APIs for Flask.,24,False,['flask'],,flask-api,https://pypi.org/project/flask-api,2023-06-05 16:50:38.084,2017-04-13 01:12:37.000,0.7.1,33.0,57.0,45108.0,45108.0,,,,2.0,,,,,,,,,,,,,,,,,,,,,,,,
299,SeleniumLibrary,robotframework/SeleniumLibrary,testing,,https://github.com/robotframework/SeleniumLibrary,162.0,,129.0,https://github.com/robotframework/SeleniumLibrary,Apache-2.0,2011-10-22 08:01:34.000,2026-05-17 19:15:42.253,785.0,64.0,1468.0,Web testing library for Robot Framework.,24,True,,conda-forge/robotframework-seleniumlibrary,robotframework-seleniumlibrary,https://pypi.org/project/robotframework-seleniumlibrary,2026-05-17 15:13:51.000,2026-05-17 15:13:51.000,6.9.0,76.0,162.0,1090445.0,1092330.0,https://anaconda.org/conda-forge/robotframework-seleniumlibrary,2026-05-17 19:15:42.253,139492.0,3.0,,,,,,,,,,,,,,,,,,,,,,,,
300,django-extra-views,AndrewIngram/django-extra-views,django-utils,,https://github.com/AndrewIngram/django-extra-views,2519.0,2479.0,64.0,https://github.com/AndrewIngram/django-extra-views,MIT,2011-05-16 21:47:47.000,2025-04-22 15:10:56.000,173.0,16.0,1397.0,"Djangos class-based generic views are awesome, lets have more of them.",24,False,['django'],,django-extra-views,https://pypi.org/project/django-extra-views,2025-04-22 15:10:56.000,2025-04-22 15:10:56.000,0.16.0,28.0,40.0,227060.0,227060.0,,,,3.0,,,,,,,,,,,,,,,,,,,,,,,,
301,flask-graphql,graphql-python/flask-graphql,graphql,,https://github.com/graphql-python/flask-graphql,3837.0,3797.0,15.0,https://github.com/graphql-python/flask-graphql,MIT,2016-01-23 09:20:02.000,2025-04-22 14:57:12.186,139.0,41.0,1338.0,Adds GraphQL support to your Flask application.,24,False,"['flask', 'graphql']",conda-forge/flask-graphql,flask-graphql,https://pypi.org/project/flask-graphql,2019-12-05 15:32:32.000,2019-12-05 15:32:32.000,2.0.1,10.0,40.0,1142918.0,1143284.0,https://anaconda.org/conda-forge/flask-graphql,2025-04-22 14:57:12.186,30778.0,2.0,,,,,,,,,,,,,,,,,,,,,,,,
302,django-dbbackup,jazzband/django-dbbackup,django-utils,,http://archmonger.github.io/django-dbbackup/,2652.0,2629.0,84.0,,BSD-3-Clause,,2026-09-10 07:52:59.000,218.0,,1112.0,Management commands to help backup and restore a project database and media.,24,True,['django'],,django-dbbackup,https://pypi.org/project/django-dbbackup,2026-09-10 07:52:59.000,2026-09-10 07:52:59.000,5.3.1,56.0,23.0,187942.0,187942.0,,,,3.0,,,,,,,,,,,,,,,,,,,,,,,,
303,django-cleanup,un1t/django-cleanup,django-utils,,https://github.com/un1t/django-cleanup,17305.0,17268.0,19.0,https://github.com/un1t/django-cleanup,MIT,2012-08-14 09:27:02.000,2025-04-22 14:57:10.039,78.0,1.0,1093.0,Automatically deletes old file for FileField and ImageField. It also deletes files on models instance deletion.,24,False,['django'],conda-forge/django-cleanup,django-cleanup,https://pypi.org/project/django-cleanup,2024-09-18 21:58:04.000,2024-09-18 21:58:04.000,9.0.0,40.0,37.0,476243.0,476644.0,https://anaconda.org/conda-forge/django-cleanup,2025-04-22 14:57:10.039,30124.0,3.0,,,,,,,,,,,,,,,,,,,,,,,,
304,dpkt,kbandla/dpkt,others,,https://github.com/kbandla/dpkt,2577.0,2471.0,67.0,https://github.com/kbandla/dpkt,BSD-3-Clause,2012-06-06 18:39:31.000,2025-04-22 14:57:01.034,270.0,83.0,1084.0,"fast, simple packet creation / parsing, with definitions for the basic TCP/IP protocols.",24,False,,conda-forge/dpkt,dpkt,https://pypi.org/project/dpkt,2022-08-18 05:55:29.977,2022-08-18 05:55:29.977,1.9.8,22.0,106.0,1540371.0,1543381.0,https://anaconda.org/conda-forge/dpkt,2025-04-22 14:57:01.034,222742.0,3.0,,,,,,,,,,,,,,,,,,,,,,,,
305,starlette-admin,jowilf/starlette-admin,admin-ui,,https://github.com/jowilf/starlette-admin,1148.0,1111.0,33.0,https://github.com/jowilf/starlette-admin,MIT,2022-08-29 15:22:50.000,2026-09-21 16:36:51.000,95.0,1.0,1037.0,"Fast, beautiful and extensible administrative interface framework for FastApi & Starlette applications.",24,True,['fastapi'],conda-forge/starlette-admin,starlette-admin,https://pypi.org/project/starlette-admin,2026-08-25 02:59:15.000,2026-08-25 02:59:15.000,1.0.1,88.0,37.0,210633.0,211183.0,https://anaconda.org/conda-forge/starlette-admin,2026-07-22 20:49:36.091,20937.0,2.0,,,,,,,,,,,,,,,,,,,,,,,,
306,django-redis-cache,sebleier/django-redis-cache,django-utils,,https://github.com/sebleier/django-redis-cache,4440.0,4404.0,46.0,https://github.com/sebleier/django-redis-cache,BSD-3-Clause,2009-07-03 17:51:56.000,2025-04-22 14:56:21.111,223.0,74.0,1035.0,A Redis cache backend for django.,24,False,['django'],conda-forge/django-redis-cache,django-redis-cache,https://pypi.org/project/django-redis-cache,2022-03-09 18:49:10.000,2022-03-09 18:49:10.000,3.0.1,53.0,36.0,62777.0,65335.0,https://anaconda.org/conda-forge/django-redis-cache,2025-04-22 14:56:21.111,181643.0,3.0,,,,,,,,,,,,,,,,,,,,,,,,
307,django-filebrowser,sehmaschine/django-filebrowser,django-utils,,https://github.com/sehmaschine/django-filebrowser,1027.0,1023.0,38.0,https://github.com/sehmaschine/django-filebrowser,BSD-3-Clause,2011-03-07 20:38:23.000,2026-07-27 14:06:23.000,408.0,18.0,997.0,Media-Management with Grappelli.,24,True,['django'],,django-filebrowser,https://pypi.org/project/django-filebrowser,2026-07-27 14:06:23.000,2026-07-27 14:06:23.000,5.0.0,42.0,4.0,17659.0,17659.0,,,,3.0,,,,,,,,,,,,,,,,,,,,,,,,
308,django-markdownx,neutronX/django-markdownx,markdown,,https://github.com/neutronX/django-markdownx,2944.0,2923.0,41.0,https://github.com/neutronX/django-markdownx,BSD-3-Clause,2014-11-01 14:15:37.000,2026-05-23 14:19:23.000,158.0,47.0,939.0,Comprehensive Markdown plugin built for Django.,24,True,['django'],,django-markdownx,https://pypi.org/project/django-markdownx,2026-05-23 14:19:23.000,2026-05-23 14:19:23.000,4.0.11,65.0,21.0,129178.0,129178.0,,,,3.0,,,,,,,,,,,,,,,,,,,,,,,,
309,django-nose,jazzband/django-nose,testing,,https://github.com/jazzband/django-nose,10114.0,10037.0,63.0,https://github.com/jazzband/django-nose,BSD-3-Clause,2009-10-01 17:53:27.000,2023-08-25 15:56:54.000,236.0,102.0,884.0,Django test runner using nose.,24,False,['django'],,django-nose,https://pypi.org/project/django-nose,2020-08-20 02:49:13.000,2020-08-20 02:49:13.000,1.4.7,18.0,77.0,205488.0,205488.0,,,,3.0,,,,,,,,,,,,,,,,,,,,,,,,
310,micawber,coleifer/micawber,web-scraping,,https://github.com/coleifer/micawber,3190.0,3164.0,29.0,https://github.com/coleifer/micawber,MIT,2012-03-27 21:42:46.000,2026-09-03 01:59:19.000,90.0,,679.0,a small library for extracting rich content from urls.,24,True,,conda-forge/micawber,micawber,https://pypi.org/project/micawber,2026-09-03 01:59:19.000,2026-09-03 01:59:19.000,0.8.0,32.0,26.0,116897.0,117283.0,https://anaconda.org/conda-forge/micawber,2025-04-22 14:57:44.753,26257.0,2.0,,,,,,,,,,,,,,,,,,,,,,,,
311,django-test-plus,revsys/django-test-plus,testing,,https://github.com/revsys/django-test-plus,3502.0,3494.0,38.0,https://github.com/revsys/django-test-plus,BSD-3-Clause,2015-05-23 16:08:52.000,2026-08-02 03:56:06.180,63.0,4.0,632.0,Useful additions to Djangos default TestCase.,24,True,['django'],conda-forge/django-test-plus,django-test-plus,https://pypi.org/project/django-test-plus,2026-08-02 00:38:40.000,2026-08-02 00:38:40.000,2.6.2,45.0,8.0,128331.0,132463.0,https://anaconda.org/conda-forge/django-test-plus,2026-08-02 03:56:06.180,119840.0,3.0,,,,,,,,,,,,,,,,,,,,,,,,
312,treq,twisted/treq,http-clients,,https://github.com/twisted/treq,1933.0,1806.0,59.0,https://github.com/twisted/treq,MIT,2012-05-18 18:57:21.000,2026-07-02 14:22:35.135,141.0,57.0,604.0,Python requests like API built on top of Twisteds HTTP client.,24,True,,conda-forge/treq,treq,https://pypi.org/project/treq,2026-07-02 00:07:52.000,2026-07-02 00:07:52.000,26.7.0,25.0,127.0,142885.0,147310.0,https://anaconda.org/conda-forge/treq,2026-07-02 14:22:35.135,318610.0,3.0,,,,,,,,,,,,,,,,,,,,,,,,
313,flask-session,fengsp/flask-session,flask-utils,,https://flask-session.readthedocs.io,55381.0,55211.0,20.0,,BSD-3-Clause,,2024-03-26 07:56:11.000,249.0,,536.0,Server-side session support for Flask.,24,False,['flask'],,flask-session,https://pypi.org/project/flask-session,2024-03-26 07:56:11.000,2024-03-26 07:56:11.000,0.8.0,18.0,170.0,5786127.0,5786127.0,,,,2.0,,,,,,,,,,,,,,,,,,,,,,,,
314,Flask-Moment,miguelgrinberg/Flask-Moment,flask-utils,,https://github.com/miguelgrinberg/Flask-Moment,25423.0,25393.0,22.0,https://github.com/miguelgrinberg/Flask-Moment,MIT,2013-10-24 04:17:57.000,2025-04-22 14:56:27.804,49.0,1.0,368.0,Formatting of dates and times in Flask templates using moment.js.,24,False,['flask'],conda-forge/flask-moment,flask-moment,https://pypi.org/project/flask-moment,2024-05-28 22:20:40.000,2024-05-28 22:20:40.000,1.0.6,24.0,30.0,97037.0,99759.0,https://anaconda.org/conda-forge/flask-moment,2025-04-22 14:56:27.804,174261.0,2.0,,,,,,,,,,,,,,,,,,,,,,,,
315,webtest,Pylons/webtest,testing,,https://github.com/Pylons/webtest,13523.0,13173.0,98.0,https://github.com/Pylons/webtest,MIT,2012-11-12 23:19:10.000,2025-10-12 21:19:28.345,113.0,30.0,342.0,"Wraps any WSGI application and makes it easy to send test requests to that application, without starting up an HTTP..",24,True,,conda-forge/webtest,webtest,https://pypi.org/project/webtest,2025-10-06 20:38:57.000,2025-10-06 20:38:57.000,3.0.7,62.0,350.0,1020609.0,1021124.0,https://anaconda.org/conda-forge/webtest,2025-10-12 21:19:28.345,31455.0,3.0,,,,,,,,,,,,,,,,,,,,,,,,
316,flask-paginate,lixxu/flask-paginate,flask-utils,,https://github.com/lixxu/flask-paginate,3910.0,3895.0,28.0,https://github.com/lixxu/flask-paginate,BSD-3-Clause,2012-10-07 12:21:45.000,2026-09-06 12:32:34.667,79.0,10.0,281.0,Pagination support for flask.,24,True,['flask'],conda-forge/flask-paginate,flask-paginate,https://pypi.org/project/flask-paginate,2024-04-12 02:17:43.000,2024-04-12 02:17:43.000,2024.4.12,38.0,15.0,171973.0,172621.0,https://anaconda.org/conda-forge/flask-paginate,2026-09-06 12:32:34.667,46029.0,2.0,,,,,,,,,,,,,,,,,,,,,,,,
317,httpagentparser,shon/httpagentparser,others,,https://github.com/shon/httpagentparser,6364.0,6313.0,37.0,https://github.com/shon/httpagentparser,MIT,2011-03-11 09:13:11.000,2026-03-08 10:13:30.000,57.0,21.0,225.0,Python HTTP Agent Parser.,24,True,,,httpagentparser,https://pypi.org/project/httpagentparser,2026-03-08 10:13:30.000,2026-03-08 10:13:30.000,1.9.9,59.0,51.0,460726.0,460726.0,,,,3.0,,,,,,,,,,,,,,,,,,,,,,,,
318,asgi-lifespan,florimondmanca/asgi-lifespan,others,,https://github.com/florimondmanca/asgi-lifespan,17765.0,17697.0,7.0,https://github.com/florimondmanca/asgi-lifespan,MIT,2019-09-27 19:42:10.000,2025-04-22 14:57:49.740,13.0,1.0,214.0,Programmatic startup/shutdown of ASGI apps.,24,False,,conda-forge/asgi-lifespan,asgi-lifespan,https://pypi.org/project/asgi-lifespan,2023-03-28 17:37:00.954,2023-03-28 17:37:00.954,2.1.0,15.0,68.0,8322187.0,8326144.0,https://anaconda.org/conda-forge/asgi-lifespan,2025-04-22 14:57:49.740,257247.0,3.0,,,,,,4.0,,,,,,,,,,,,,,,,,,
319,grip,joeyespo/grip,markdown,,https://github.com/joeyespo/grip,2305.0,2271.0,40.0,https://github.com/joeyespo/grip,MIT,2012-11-17 07:27:16.000,2024-07-10 06:39:28.000,423.0,113.0,6440.0,Preview GitHub README.md files locally before committing them.,23,False,,,grip,https://pypi.org/project/grip,2023-10-12 05:07:59.000,2023-10-12 05:07:59.000,4.6.2,27.0,34.0,39822.0,39822.0,,,,3.0,,,,,,,,,,,,,,,,,,,,,,,,
320,notion-py,jamalex/notion-py,third-party-apis,,https://github.com/jamalex/notion-py,61.0,,36.0,https://github.com/jamalex/notion-py,MIT,2018-11-26 03:08:41.000,2026-02-16 23:02:32.000,473.0,166.0,4386.0,Unofficial Python API client for Notion.so.,23,True,,,notion,https://pypi.org/project/notion,2026-02-16 23:02:32.000,2026-02-16 23:02:32.000,0.1.0,22.0,61.0,764816.0,764816.0,,,,3.0,,,,,,,,,,,,,,,,,,,,,,,,
321,wave,h2oai/wave,web-ui,,https://github.com/h2oai/wave,115.0,,66.0,https://github.com/h2oai/wave,Apache-2.0,2020-05-16 20:07:18.000,2026-09-15 07:18:43.000,371.0,222.0,4252.0,Realtime Web Apps and Dashboards for Python and R.,23,True,,,wave,https://pypi.org/project/wave,2024-03-15 17:05:53.000,2024-03-15 17:05:53.000,0.1.0,3.0,115.0,65187.0,65187.0,,,,2.0,,,,,,,,,,,,,,,,,,,,,,,,
322,lektor,lektor/lektor,cms,,https://github.com/lektor/lektor,542.0,501.0,101.0,https://github.com/lektor/lektor,BSD-3-Clause,2015-12-19 09:18:36.000,2026-08-09 02:15:50.856,318.0,250.0,3947.0,The lektor static file content management system.,23,True,,conda-forge/lektor,lektor,https://pypi.org/project/lektor,2026-08-07 23:48:06.000,2026-08-07 23:48:06.000,3.3.14,55.0,41.0,4056.0,7928.0,https://anaconda.org/conda-forge/lektor,2026-08-09 02:15:50.856,282660.0,3.0,,,,,,,,,,,,,,,,,,,,,,,,
323,python-twitter,bear/python-twitter,third-party-apis,,https://github.com/bear/python-twitter,99.0,,171.0,https://github.com/bear/python-twitter,Apache-2.0,2012-09-12 06:51:02.000,2024-08-07 23:14:50.000,955.0,102.0,3410.0,A Python wrapper around the Twitter API.,23,False,,,python-twitter,https://pypi.org/project/python-twitter,2018-11-03 12:32:06.000,2018-06-07 17:34:52.000,3.4.2,24.0,99.0,86953.0,86953.0,,,,3.0,,,,,,,,,,,,,,,,,,,,,,,,
324,opentelemetry-python,open-telemetry/opentelemetry-python,monitoring,,https://github.com/open-telemetry/opentelemetry-python,9.0,,394.0,https://github.com/open-telemetry/opentelemetry-python,Apache-2.0,2019-05-07 21:13:30.000,2026-08-17 19:39:29.000,974.0,398.0,2591.0,OpenTelemetry Python API and SDK.,23,True,,conda-forge/opentelemetry-api,timing-asgi,https://pypi.org/project/timing-asgi,2026-02-17 11:24:46.000,2026-02-17 11:24:46.000,0.3.2,58.0,9.0,436423.0,510698.0,https://anaconda.org/conda-forge/opentelemetry-api,2026-07-16 18:17:05.044,5347804.0,2.0,,,,,,,,,,,,,,,,,,,,,,,,
325,django-rules,dfunckt/django-rules,auth,,https://github.com/dfunckt/django-rules,56.0,,34.0,https://github.com/dfunckt/django-rules,MIT,2014-03-06 20:46:57.000,2025-10-11 06:42:08.000,152.0,41.0,1976.0,"Awesome Django authorization, without the database.",23,True,['django'],,rules,https://pypi.org/project/rules,2024-09-02 16:01:44.000,2022-03-02 09:42:48.000,3.2.1,22.0,56.0,458680.0,458680.0,,,,3.0,,,,,,,,,,,,,,,,,,,,,,,,
326,fastapi-utils,dmontagu/fastapi-utils,fastapi-utils,,https://fastapiutils.github.io/fastapi-utils/,5293.0,5181.0,6.0,,MIT,,2024-11-11 08:30:01.000,167.0,,1952.0,Reusable utilities for FastAPI.,23,False,['fastapi'],,fastapi-utils,https://pypi.org/project/fastapi-utils,2024-11-11 08:30:01.000,2024-11-11 08:30:01.000,0.8.0,7.0,112.0,838534.0,838534.0,,,,2.0,,,,,,,,,,,,,,,,,,,,,,,,
327,django-q,Koed00/django-q,django-utils,,https://github.com/Koed00/django-q,2041.0,2015.0,62.0,https://github.com/Koed00/django-q,MIT,2015-06-14 12:37:08.000,2024-08-13 12:14:42.000,280.0,332.0,1814.0,A multiprocessing distributed task queue for Django.,23,False,['django'],,django-q,https://pypi.org/project/django-q,2021-06-27 12:04:53.000,2021-06-27 12:04:53.000,1.3.9,78.0,26.0,46082.0,46082.0,,,,3.0,,,,,,,,,,,,,,,,,,,,,,,,
328,rauth,litl/rauth,auth,,https://github.com/litl/rauth,61.0,,42.0,https://github.com/litl/rauth,MIT,2012-03-02 14:18:54.000,2022-06-26 18:20:47.000,174.0,39.0,1601.0,"A Python library for OAuth 1.0/a, 2.0, and Ofly.",23,False,,,rauth,https://pypi.org/project/rauth,2017-01-22 16:51:43.000,2017-01-22 16:51:43.000,0.7.3,36.0,61.0,698080.0,698080.0,,,,3.0,,,,,,,,,,,,,,,,,,,,,,,,
329,django-lifecycle,rsinger86/django-lifecycle,django-utils,,https://github.com/rsinger86/django-lifecycle,519.0,493.0,41.0,https://github.com/rsinger86/django-lifecycle,MIT,2018-03-18 20:53:33.000,2026-06-14 10:05:47.000,96.0,18.0,1406.0,"Declarative model lifecycle hooks, an alternative to Signals.",23,True,['django'],,django-lifecycle,https://pypi.org/project/django-lifecycle,2026-06-14 10:05:47.000,2026-06-14 10:05:47.000,1.3.0,48.0,26.0,203934.0,203934.0,,,,3.0,,,,,,,,,,,,,,,,,,,,,,,,
330,spyne,arskom/spyne,rpc,,https://github.com/arskom/spyne,1018.0,997.0,131.0,https://github.com/arskom/spyne,LGPL-2.1,2010-07-23 06:26:28.000,2025-04-22 14:56:21.754,324.0,84.0,1142.0,A transport agnostic sync/async RPC library that focuses on exposing services with a well-defined API using popular..,23,False,,conda-forge/spyne,spyne,https://pypi.org/project/spyne,2022-02-03 02:53:36.000,2022-02-03 02:53:36.000,2.14.0,47.0,21.0,119986.0,122494.0,https://anaconda.org/conda-forge/spyne,2025-04-22 14:56:21.754,313598.0,3.0,,,,,,,,,,,,,,,,,,,,,,,,
331,django-configurations,jazzband/django-configurations,django-utils,,https://github.com/jazzband/django-configurations,3473.0,3404.0,74.0,https://github.com/jazzband/django-configurations,BSD-3-Clause,2012-07-21 13:56:20.000,2025-12-15 20:21:25.000,144.0,64.0,1136.0,A helper for organizing Django project settings by relying on well established programming patterns.,23,True,['django'],conda-forge/django-configurations,django-configurations,https://pypi.org/project/django-configurations,2024-03-27 11:40:53.000,2024-03-27 11:40:53.000,2.5.1,25.0,69.0,371513.0,373015.0,https://anaconda.org/conda-forge/django-configurations,2025-04-22 14:56:40.604,106696.0,3.0,,,,,,,,,,,,,,,,,,,,,,,,
332,Flask-User,lingthio/Flask-User,auth,,https://github.com/lingthio/Flask-User,2900.0,2890.0,39.0,https://github.com/lingthio/Flask-User,MIT,2014-02-19 23:57:57.000,2026-09-01 20:01:29.704,293.0,125.0,1075.0,"Customizable User Authorization & User Management: Register, Confirm, Login, Change username/password, Forgot password..",23,True,['flask'],conda-forge/flask-user,flask-user,https://pypi.org/project/flask-user,2019-11-30 11:59:14.000,2018-04-16 17:42:06.000,0.6.21,54.0,10.0,7030.0,10867.0,https://anaconda.org/conda-forge/flask-user,2026-09-01 20:01:29.704,245591.0,3.0,,,,,,,,,,,,,,,,,,,,,,,,
333,hyper,python-hyper/hyper,http-clients,,https://github.com/python-hyper/hyper,1478.0,1412.0,43.0,https://github.com/python-hyper/hyper,MIT,2014-01-23 07:53:47.000,2025-04-22 14:56:45.221,197.0,100.0,1050.0,HTTP/2 for Python.,23,False,,conda-forge/hyper,hyper,https://pypi.org/project/hyper,2016-09-27 13:03:52.800,2016-09-27 13:03:52.800,0.7.0,18.0,66.0,158755.0,159696.0,https://anaconda.org/conda-forge/hyper,2025-04-22 14:56:45.221,97887.0,3.0,,,,,,,,,,,,,,,,,,,,,,,,
334,Model Bakery,model-bakers/model_bakery,testing,,https://github.com/model-bakers/model_bakery,120.0,,72.0,https://github.com/model-bakers/model_bakery,Apache-2.0,2019-10-08 12:49:08.000,2026-09-24 10:19:20.475,107.0,10.0,1003.0,Object factory for Django.,23,True,['django'],conda-forge/model_bakery,model_bakery,https://pypi.org/project/model_bakery,2026-09-22 11:31:19.000,2026-09-22 11:31:19.000,1.24.1,55.0,120.0,1675042.0,1675644.0,https://anaconda.org/conda-forge/model_bakery,2026-09-24 10:19:20.475,44572.0,3.0,,,,,,,,,,,,,,,,,,,,,,,,
335,extruct,scrapinghub/extruct,web-scraping,,https://github.com/scrapinghub/extruct,1531.0,1493.0,40.0,https://github.com/scrapinghub/extruct,BSD-3-Clause,2015-10-26 11:51:21.000,2026-04-01 23:30:09.000,120.0,55.0,966.0,Extract embedded metadata from HTML markup.,23,True,,,extruct,https://pypi.org/project/extruct,2024-11-08 14:59:22.000,2024-11-08 14:59:22.000,0.18.0,26.0,38.0,532654.0,532654.0,,,,2.0,,,,,,,,,,,,,,,,,,,,,,,,
336,flask-talisman,GoogleCloudPlatform/flask-talisman,flask-utils,,https://github.com/GoogleCloudPlatform/flask-talisman,63.0,,19.0,https://github.com/GoogleCloudPlatform/flask-talisman,Apache-2.0,2015-11-12 23:40:25.000,2024-05-01 11:53:42.000,86.0,24.0,940.0,HTTP security headers for Flask.,23,False,['flask'],,flask-talisman,https://pypi.org/project/flask-talisman,2023-08-03 12:00:26.000,2023-08-03 12:00:26.000,1.1.0,15.0,63.0,2215198.0,2215198.0,,,,2.0,2020-07-13 17:40:33,60.0,35.0,44.0,22.0,,,,,,,,,,,,,,,,,,,
337,django-markdown-editor,agusmakmun/django-markdown-editor,markdown,,https://github.com/agusmakmun/django-markdown-editor,1220.0,1198.0,46.0,https://github.com/agusmakmun/django-markdown-editor,GPL-3.0,2016-12-27 18:33:34.000,2026-06-22 15:00:39.000,1291.0,37.0,895.0,"Awesome Django Markdown Editor, supported for Bootstrap & Semantic-UI.",23,True,['django'],,martor,https://pypi.org/project/martor,2026-06-22 15:00:39.000,2026-06-22 15:00:39.000,1.8.2,92.0,22.0,48828.0,48828.0,,,,3.0,,,,,,,,,,,,,,,,,,,,,,,,
338,django-easy-audit,soynatan/django-easy-audit,django-utils,,https://github.com/soynatan/django-easy-audit,382.0,377.0,58.0,https://github.com/soynatan/django-easy-audit,GPL-3.0,2016-10-23 06:55:16.000,2026-08-11 02:50:42.000,202.0,109.0,844.0,"Yet another Django audit log app, hopefully the simplest one.",23,True,['django'],,django-easy-audit,https://pypi.org/project/django-easy-audit,2026-08-11 02:50:42.000,2026-06-30 03:07:29.000,1.3.9,71.0,5.0,97716.0,97716.0,,,,3.0,,,,,,,,,,,,,,,,,,,,,,,,
339,flask-mongoengine,MongoEngine/flask-mongoengine,flask-utils,,https://github.com/MongoEngine/flask-mongoengine,10410.0,10356.0,90.0,https://github.com/MongoEngine/flask-mongoengine,BSD-3-Clause,2012-05-15 11:33:26.000,2024-01-18 13:35:22.000,248.0,45.0,833.0,MongoEngine flask extension with WTF model forms support.,23,False,['flask'],,flask-mongoengine,https://pypi.org/project/flask-mongoengine,2020-11-21 06:02:04.000,2020-11-21 06:02:04.000,1.0.0,21.0,54.0,53061.0,53061.0,,,,2.0,,,,,,,,,,,,,,,,,,,,,,,,
340,selene,yashaka/selene,testing,,https://github.com/yashaka/selene,5963.0,5960.0,45.0,https://github.com/yashaka/selene,MIT,2015-04-17 08:52:14.000,2026-05-20 19:55:46.000,176.0,134.0,733.0,User-oriented Web UI browser tests in Python.,23,True,,,selene,https://pypi.org/project/selene,2026-05-20 19:55:46.000,2020-02-17 13:32:07.000,1.0.2,91.0,3.0,11285.0,11285.0,,,,3.0,,,,,,,,,,,,,,,,,,,,,,,,
341,django-paypal,spookylukey/django-paypal,django-utils,,https://github.com/spookylukey/django-paypal,4251.0,4249.0,73.0,https://github.com/spookylukey/django-paypal,MIT,2012-06-09 14:04:06.000,2024-07-29 17:00:43.000,206.0,14.0,721.0,A pluggable Django application for integrating PayPal Payments Standard or Payments Pro.,23,False,['django'],,django-paypal,https://pypi.org/project/django-paypal,2024-04-30 19:52:35.000,2021-12-15 15:40:40.554,0.1.4,29.0,2.0,17023.0,17023.0,,,,3.0,,,,,,,,,,,,,,,,,,,,,,,,
342,flask-apispec,jmcarp/flask-apispec,flask-utils,,https://github.com/jmcarp/flask-apispec,1893.0,1865.0,32.0,https://github.com/jmcarp/flask-apispec,MIT,2015-07-13 02:46:44.000,2025-05-04 14:03:06.000,151.0,116.0,652.0,Build and document REST APIs with Flask and apispec.,23,False,['flask'],conda-forge/flask-apispec,flask-apispec,https://pypi.org/project/flask-apispec,2022-08-11 23:33:04.168,2022-08-11 23:33:04.168,0.11.4,30.0,28.0,208198.0,213371.0,https://anaconda.org/conda-forge/flask-apispec,2025-04-22 14:56:31.952,393185.0,2.0,,,,,,,,,,,,,,,,,,,,,,,,
343,trustme,python-trio/trustme,others,,https://github.com/python-trio/trustme,2058.0,2006.0,25.0,https://github.com/python-trio/trustme,MIT,2017-07-17 18:13:54.000,2025-11-03 06:20:04.000,30.0,4.0,593.0,"#1 quality TLS certs while you wait, for the discerning tester.",23,True,,conda-forge/trustme,trustme,https://pypi.org/project/trustme,2025-01-02 01:55:30.000,2025-01-02 01:55:30.000,1.2.1,16.0,52.0,766115.0,766773.0,https://anaconda.org/conda-forge/trustme,2025-04-22 14:57:39.232,46113.0,3.0,,,,,,,,,,,,,,,,,,,,,,,,
344,django-robots,jazzband/django-robots,django-utils,,https://github.com/jazzband/django-robots,1615.0,1602.0,45.0,https://github.com/jazzband/django-robots,BSD-3-Clause,2009-09-20 15:27:41.000,2026-08-31 17:46:43.000,102.0,23.0,475.0,A Django app for managing robots.txt files following the robots exclusion protocol.,23,True,['django'],,django-robots,https://pypi.org/project/django-robots,2023-12-09 13:03:38.000,2018-07-17 15:29:32.000,3.1.0,29.0,13.0,116279.0,116279.0,,,,3.0,,,,,,,,,,,,,,,,,,,,,,,,
345,httmock,patrys/httmock,testing,,https://github.com/patrys/httmock,3190.0,3133.0,29.0,https://github.com/patrys/httmock,Apache-2.0,2013-03-19 23:35:33.000,2023-09-29 20:58:48.000,57.0,17.0,466.0,A mocking library for requests.,23,False,,,httmock,https://pypi.org/project/httmock,2020-10-28 12:01:29.000,2020-10-28 12:01:29.000,1.4.0,19.0,57.0,731040.0,731040.0,,,,3.0,,,,,,,,,,,,,,,,,,,,,,,,
346,flask-swagger,getsling/flask-swagger,openapi-utils,,https://github.com/getsling/flask-swagger,15022.0,14973.0,24.0,https://github.com/getsling/flask-swagger,MIT,2015-03-01 01:08:16.000,2025-04-22 14:56:35.632,88.0,21.0,457.0,A swagger 2.0 spec extractor for flask.,23,False,['flask'],conda-forge/flask-swagger,flask-swagger,https://pypi.org/project/flask-swagger,2019-03-26 11:27:48.000,2019-03-26 11:27:48.000,0.2.14,17.0,49.0,185308.0,192456.0,https://anaconda.org/conda-forge/flask-swagger,2025-04-22 14:56:35.632,142967.0,3.0,,,,,,,,,,,,,,,,,,,,,,,,
347,flask-assets,miracle2k/flask-assets,flask-utils,,https://github.com/miracle2k/flask-assets,8316.0,8241.0,43.0,https://github.com/miracle2k/flask-assets,BSD-2-Clause,2010-08-06 11:51:29.000,2025-04-22 14:56:29.104,100.0,22.0,452.0,Flask webassets integration.,23,False,['flask'],conda-forge/flask-assets,flask-assets,https://pypi.org/project/flask-assets,2023-10-22 14:01:03.000,2023-10-22 14:01:03.000,2.1.0,16.0,75.0,136871.0,140796.0,https://anaconda.org/conda-forge/flask-assets,2025-04-22 14:56:29.104,133461.0,2.0,,,,,,,,,,,,,,,,,,,,,,,,
348,openapi-core,p1c2u/openapi-core,openapi-utils,,https://github.com/python-openapi/openapi-core,2866.0,2735.0,73.0,,BSD-3-Clause,2021-04-27 11:30:21.328,2026-04-03 02:23:59.206,137.0,,367.0,client-side and server-side support for the OpenAPI Specification v3.,23,True,,conda-forge/openapi-core,openapi-core,https://pypi.org/project/openapi-core,2026-04-02 23:47:57.000,2026-04-02 23:47:57.000,0.23.1,77.0,131.0,2463937.0,2465158.0,https://anaconda.org/conda-forge/openapi-core,2026-04-03 02:23:59.206,79374.0,3.0,,,,,,,,,,,,,,,,,,,,,,,,
349,Flask-OpenID,pallets-eco/flask-openid,auth,,https://github.com/pallets-eco/flask-openid,7690.0,7659.0,16.0,https://github.com/pallets-eco/flask-openid,BSD-3-Clause,2010-05-06 11:08:54.000,2025-04-22 14:56:29.543,75.0,5.0,234.0,Flask-OpenID adds openid support to flask applications.,23,False,['flask'],conda-forge/flask-openid,flask-openid,https://pypi.org/project/flask-openid,2024-05-26 15:49:11.000,2024-05-26 15:49:11.000,1.3.1,14.0,31.0,784967.0,787169.0,https://anaconda.org/conda-forge/flask-openid,2025-04-22 14:56:29.543,259869.0,3.0,,,,,,,,,,,,,,,,,,,,,,,,
350,streaming-form-data,siddhantgoel/streaming-form-data,others,,https://github.com/siddhantgoel/streaming-form-data,239.0,215.0,22.0,https://github.com/siddhantgoel/streaming-form-data,MIT,2017-02-09 19:43:21.000,2026-06-10 19:35:36.000,35.0,2.0,184.0,Streaming (and fast!) parser for multipart/form-data written in Cython.,23,True,,,streaming-form-data,https://pypi.org/project/streaming-form-data,2026-06-10 19:35:36.000,2026-06-10 19:35:36.000,2.1.0,49.0,24.0,520067.0,520067.0,,,,3.0,,,,,,,,,,,,,,,,,,,,,,,,
351,ipaddress,phihag/ipaddress,others,,https://github.com/phihag/ipaddress,41805.0,41145.0,7.0,https://github.com/phihag/ipaddress,PSF-2.0,2013-02-03 20:45:43.000,2025-04-22 14:56:26.258,53.0,14.0,104.0,Python 3.3+s ipaddress for older Python versions.,23,False,,conda-forge/ipaddress,ipaddress,https://pypi.org/project/ipaddress,2019-10-18 01:30:27.000,2019-10-18 01:30:27.000,1.0.23,22.0,660.0,3187890.0,3196307.0,https://anaconda.org/conda-forge/ipaddress,2025-04-22 14:56:26.258,1018554.0,3.0,,,,,,,,,,,,,,,,,,,,,,,,
352,redoc,Redocly/redoc,openapi-utils,,https://github.com/Redocly/redoc,14333.0,14333.0,232.0,https://github.com/Redocly/redoc,MIT,2015-10-30 12:53:02.000,2026-09-24 10:57:01.000,2396.0,444.0,25927.0,OpenAPI/Swagger-generated API Reference Documentation.,22,True,['openapi'],,,,,,,,,,,,,,3.0,,,,,,,,,,,,,,,,,,,,,,,,
353,pyspider,binux/pyspider,web-scraping,,https://github.com/binux/pyspider,359.0,355.0,62.0,https://github.com/binux/pyspider,Apache-2.0,2014-02-21 19:18:47.000,2024-04-30 19:43:29.000,3672.0,301.0,17031.0,A Powerful Spider(Web Crawler) System in Python.,22,False,,,pyspider,https://pypi.org/project/pyspider,2018-04-18 04:17:18.000,2018-04-18 04:17:18.000,0.3.10,17.0,4.0,368.0,368.0,,,,2.0,,,,,,,,,,,,,,,,,,,,,,,,
354,coursera-dl,coursera-dl/coursera-dl,third-party-apis,,https://github.com/coursera-dl/coursera-dl,260.0,256.0,85.0,https://github.com/coursera-dl/coursera-dl,LGPL-3.0,2012-03-21 21:07:15.000,2025-04-22 14:56:29.257,2255.0,216.0,9630.0,Script for downloading Coursera.org videos and naming them.,22,False,,conda-forge/coursera-dl,coursera-dl,https://pypi.org/project/coursera-dl,2018-06-03 08:31:25.000,2019-12-16 21:11:03.021,0.11.5,12.0,4.0,634.0,4900.0,https://anaconda.org/conda-forge/coursera-dl,2025-04-22 14:56:29.257,85325.0,3.0,,,,,,,,,,,,,,,,,,,,,,,,
355,Pattern,clips/pattern,web-scraping,,https://github.com/clips/pattern,1967.0,1965.0,31.0,https://github.com/clips/pattern,BSD-3-Clause,2011-05-03 15:29:01.000,2025-04-22 14:57:14.078,1570.0,178.0,8856.0,"Web mining module for Python, with tools for scraping, natural language processing, machine learning, network analysis..",22,False,,conda-forge/pattern,pattern,https://pypi.org/project/pattern,2024-12-23 17:40:25.000,,,1.0,2.0,6658.0,6906.0,https://anaconda.org/conda-forge/pattern,2025-04-22 14:57:14.078,20633.0,2.0,,,,,,,,,,,,,,,,,,,,,,,,
356,selenium-python-helium,mherrmann/selenium-python-helium,testing,,https://github.com/mherrmann/helium,796.0,759.0,13.0,,MIT,,2026-07-07 15:52:52.000,513.0,,8314.0,Lighter browser automation based on Selenium.,22,True,,,helium,https://pypi.org/project/helium,2026-07-07 15:52:52.000,2026-07-07 15:52:52.000,7.0.3,52.0,37.0,24396.0,24396.0,,,,3.0,,,,,,,,,,,,,,,,,,,,,,,,
357,robyn,sansyrox/robyn,web-frameworks,,https://github.com/sparckles/robyn,283.0,263.0,91.0,,BSD-3-Clause,2021-09-29 19:57:08.371,2026-06-25 03:08:33.000,333.0,,7267.0,A Super Fast Async Python Web Framework with a Rust runtime.,22,True,,conda-forge/robyn,robyn,https://pypi.org/project/robyn,2026-06-25 03:08:33.000,2026-06-25 03:08:33.000,0.88.0,165.0,20.0,17376.0,38029.0,https://anaconda.org/conda-forge/robyn,2025-10-18 16:41:50.525,1239235.0,3.0,,,,,,,,,,,,,,,,,,,,,,,,
358,webpy,webpy/webpy,web-frameworks,,https://github.com/webpy/webpy,77.0,24.0,99.0,https://github.com/webpy/webpy,Unlicense,2008-09-29 03:42:56.000,2026-09-09 21:27:30.000,1299.0,54.0,5924.0,web.py is a web framework for python that is as simple as it is powerful.,22,True,,conda-forge/web.py,web.py,https://pypi.org/project/web.py,2020-11-09 11:24:34.000,,,22.0,53.0,57706.0,59713.0,https://anaconda.org/conda-forge/web.py,2025-04-22 14:56:39.114,148579.0,3.0,,,,,,,,,,,,,,,,,,,,,,,,
359,apistar,encode/apistar,openapi-utils,,https://github.com/encode/apistar,844.0,789.0,91.0,https://github.com/encode/apistar,BSD-3-Clause,2017-03-17 15:42:12.000,2026-01-07 09:32:09.056,411.0,32.0,5571.0,The Web API toolkit.,22,True,['openapi'],conda-forge/apistar,apistar,https://pypi.org/project/apistar,2023-11-30 00:45:19.885,2023-11-30 00:45:19.885,0.1.0,95.0,55.0,9556.0,32817.0,https://anaconda.org/conda-forge/apistar,2026-01-07 09:32:09.056,186093.0,3.0,,,,,,,,,,,,,,,,,,,,,,,,
360,MechanicalSoup,MechanicalSoup/MechanicalSoup,web-scraping,,https://github.com/MechanicalSoup/MechanicalSoup,116.0,,59.0,https://github.com/MechanicalSoup/MechanicalSoup,MIT,2014-05-26 09:06:11.000,2025-10-08 07:33:58.000,385.0,42.0,4802.0,A Python library for automating interaction with websites.,22,True,,conda-forge/mechanicalsoup,MechanicalSoup,https://pypi.org/project/MechanicalSoup,2025-05-30 04:09:55.000,2025-05-30 04:09:55.000,1.4.0,29.0,116.0,102335.0,107425.0,https://anaconda.org/conda-forge/mechanicalsoup,2025-05-30 12:52:17.348,346173.0,2.0,,,,,,,,,,,,,,,,,,,,,,,,
361,python-goose,grangier/python-goose,web-scraping,,https://github.com/grangier/python-goose,33.0,,36.0,https://github.com/grangier/python-goose,Apache-2.0,2012-01-08 20:52:44.000,2026-07-23 01:54:46.000,831.0,107.0,3923.0,"Html Content / Article Extractor, web scrapping lib in Python.",22,True,,,goose3,https://pypi.org/project/goose3,2026-07-23 01:54:46.000,2026-07-23 01:54:46.000,3.1.22,33.0,33.0,47324.0,47324.0,,,,2.0,,,,,,,,,,,,,,,,,,,,,,,,
362,robobrowser,jmcarp/robobrowser,web-scraping,,https://github.com/jmcarp/robobrowser,1035.0,986.0,10.0,https://github.com/jmcarp/robobrowser,BSD-3-Clause,2014-02-08 21:29:49.000,2020-09-10 18:41:47.000,339.0,59.0,3701.0,Your friendly neighborhood web scraper.,22,False,,,robobrowser,https://pypi.org/project/robobrowser,2015-06-07 19:47:05.000,2015-06-07 19:47:05.000,0.5.3,13.0,49.0,17942.0,17942.0,,,,2.0,,,,,,,,,,,,,,,,,,,,,,,,
363,django-jet,geex-arts/django-jet,admin-ui,,https://github.com/geex-arts/django-jet,3404.0,3396.0,29.0,https://github.com/geex-arts/django-jet,AGPL-3.0,2015-07-29 21:35:35.000,2025-11-26 22:21:07.000,769.0,304.0,3623.0,Modern responsive template for the Django admin interface with improved functionality. We are proud to announce..,22,True,['django'],,django-jet,https://pypi.org/project/django-jet,2018-10-18 06:34:50.000,2018-10-18 06:34:50.000,1.0.8,25.0,8.0,16594.0,16594.0,,,,3.0,,,,,,,,,,,,,,,,,,,,,,,,
364,responder,taoufik07/responder,web-frameworks,,https://responder.kennethreitz.org,610.0,595.0,87.0,,Apache-2.0,2018-11-14 09:55:42.605,2026-07-14 04:14:55.000,218.0,,3620.0,A familiar HTTP Service Framework for Python.,22,True,,conda-forge/responder,responder,https://pypi.org/project/responder,2026-07-14 04:14:55.000,2026-07-14 04:14:55.000,9.2.0,114.0,15.0,2640.0,4083.0,https://anaconda.org/conda-forge/responder,2025-04-22 14:56:57.171,135705.0,3.0,,,,,,,,,,,,,,,,,,,,,,,,
365,modoboa,modoboa/modoboa,email,,https://github.com/modoboa/modoboa,77.0,62.0,134.0,https://github.com/modoboa/modoboa,ISC,2013-04-16 09:43:55.000,2026-09-17 05:30:24.000,484.0,50.0,3536.0,Mail hosting made simple.,22,True,,,modoboa,https://pypi.org/project/modoboa,2026-09-17 05:30:24.000,2026-09-17 05:30:24.000,2.10.1,118.0,15.0,2689.0,2689.0,,,,2.0,,,,,,,,,,,,,,,,,,,,,,,,
366,sync-engine,nylas/sync-engine,email,,https://github.com/nylas/sync-engine,10.0,,80.0,https://github.com/nylas/sync-engine,AGPL-3.0,2014-01-15 18:18:17.000,2026-07-21 21:11:26.000,347.0,69.0,3505.0,IMAP/SMTP sync system with modern APIs.,22,True,,,nylas,https://pypi.org/project/nylas,2026-07-21 21:11:26.000,2026-07-21 21:11:26.000,6.17.0,96.0,10.0,365983.0,365983.0,,,,2.0,,,,,,,,,,,,,,,,,,,,,,,,
367,proxy.py,abhinavsingh/proxy.py,others,,https://github.com/abhinavsingh/proxy.py,37.0,,23.0,https://github.com/abhinavsingh/proxy.py,BSD-3-Clause,2013-08-19 21:33:51.000,2025-02-18 16:36:50.000,590.0,81.0,3164.0,Ngrok FRP Alternative Fast Lightweight 0 Dependency Pluggable TLS interception DNS-over-HTTPS Poor Mans VPN Reverse &..,22,False,,,proxy.py,https://pypi.org/project/proxy.py,2025-02-18 16:36:35.000,2025-02-18 16:36:35.000,2.4.10,45.0,37.0,495932.0,495932.0,,,,3.0,,,,,,,,,,,,,,,,,,,,,,,,
368,django-compressor,django-compressor/django-compressor,django-utils,,https://github.com/django-compressor/django-compressor,183.0,,226.0,https://github.com/django-compressor/django-compressor,,2010-02-05 15:48:14.000,2026-02-14 07:39:02.000,609.0,122.0,2871.0,Compresses linked and inline javascript or CSS into a single cached file.,22,False,['django'],,django-compressor,https://pypi.org/project/django-compressor,2025-11-10 13:12:10.000,2025-11-10 13:12:10.000,4.6.0,41.0,183.0,2510329.0,2510329.0,,,,3.0,,,,,,,,,,,,,,,,,,,,,,,,
369,telepot,nickoala/telepot,third-party-apis,,https://github.com/nickoala/telepot,4293.0,4270.0,10.0,https://github.com/nickoala/telepot,MIT,2015-07-09 03:06:53.000,2021-03-09 06:27:24.000,476.0,107.0,2425.0,Python framework for Telegram Bot API.,22,False,,,telepot,https://pypi.org/project/telepot,2018-05-26 16:26:54.000,,,78.0,23.0,11907.0,11907.0,,,,3.0,,,,,,,,,,,,,,,,,,,,,,,,
370,django-push-notifications,jazzband/django-push-notifications,django-utils,,https://github.com/jazzband/django-push-notifications,12.0,,116.0,https://github.com/jazzband/django-push-notifications,MIT,2013-03-15 00:57:33.000,2026-07-20 16:04:01.000,635.0,126.0,2386.0,Send push notifications to mobile devices through GCM or APNS in Django.,22,True,['django'],,django-push-notifications,https://pypi.org/project/django-push-notifications,2025-11-16 06:45:50.000,2025-11-16 06:45:50.000,3.3.0,22.0,12.0,226911.0,226911.0,,,,3.0,,,,,,,,,,,,,,,,,,,,,,,,
371,masonite,MasoniteFramework/masonite,web-frameworks,,https://github.com/MasoniteFramework/masonite,601.0,548.0,89.0,https://github.com/MasoniteFramework/masonite,MIT,2017-12-06 00:30:22.000,2026-06-07 01:28:12.000,138.0,30.0,2362.0,The Modern And Developer Centric Python Web Framework. Be sure to read the documentation and join the Discord channel..,22,True,,,masonite,https://pypi.org/project/masonite,2026-06-07 01:28:12.000,2026-06-07 01:28:12.000,4.20.4,316.0,53.0,9250.0,9250.0,,,,3.0,,,,,,,,,,,,,,,,,,,,,,,,
372,django-suit,darklow/django-suit,admin-ui,,https://github.com/darklow/django-suit,3371.0,3360.0,60.0,https://github.com/darklow/django-suit,AFL-3.0,2013-02-17 11:59:33.000,2024-02-12 15:05:34.000,705.0,299.0,2313.0,Modern theme for Django admin interface.,22,False,['django'],,django-suit,https://pypi.org/project/django-suit,2022-11-29 19:58:01.176,2019-10-02 08:36:30.000,0.2.28,47.0,11.0,18731.0,18731.0,,,,3.0,,,,,,,,,,,,,,,,,,,,,,,,
373,flanker,mailgun/flanker,email,,https://github.com/mailgun/flanker,578.0,571.0,58.0,https://github.com/mailgun/flanker,Apache-2.0,2013-11-14 01:07:11.000,2024-05-03 19:55:11.000,206.0,75.0,1642.0,Python email address and Mime parsing library.,22,False,,,flanker,https://pypi.org/project/flanker,2019-12-05 16:08:20.000,2019-12-05 16:08:20.000,0.9.11,62.0,7.0,34020.0,34020.0,,,,2.0,,,,,,,,,,,,,,,,,,,,,,,,
374,django-admin-bootstrapped,django-admin-bootstrapped/django-admin-bootstrapped,admin-ui,,https://github.com/django-admin-bootstrapped/django-admin-bootstrapped,1623.0,1619.0,65.0,https://github.com/django-admin-bootstrapped/django-admin-bootstrapped,Apache-2.0,2012-10-23 06:35:27.000,2021-08-15 05:01:34.000,386.0,35.0,1580.0,"A Django admin theme using Twitter Bootstrap. It doesnt need any kind of modification on your side, just add it to the..",22,False,['django'],,django-admin-bootstrapped,https://pypi.org/project/django-admin-bootstrapped,2015-12-15 08:51:59.000,2015-12-15 08:51:59.000,2.5.7,45.0,4.0,2462.0,2462.0,,,,3.0,,,,,,,,,,,,,,,,,,,,,,,,
375,django-organizations,bennylope/django-organizations,django-utils,,https://github.com/bennylope/django-organizations,7.0,,54.0,https://github.com/bennylope/django-organizations,BSD-2-Clause,2012-02-02 02:38:49.000,2026-07-03 19:58:44.000,223.0,19.0,1358.0,Multi-user accounts for Django projects.,22,True,['django'],conda-forge/django-organizations,django-organizations,https://pypi.org/project/django-organizations,2026-07-03 19:58:44.000,2026-07-03 19:58:44.000,2.7.0,59.0,7.0,84058.0,84245.0,https://anaconda.org/conda-forge/django-organizations,2026-03-08 19:07:07.860,14224.0,3.0,,,,,,-3.0,,,,,,,,,,,,,,,,,,
376,django-devserver,dcramer/django-devserver,servers,,https://github.com/dcramer/django-devserver,427.0,427.0,39.0,https://github.com/dcramer/django-devserver,BSD-3-Clause,2010-02-09 20:35:52.000,2020-02-26 17:37:11.000,158.0,59.0,1269.0,A drop-in replacement for Djangos runserver.,22,False,['django'],,django-devserver,https://pypi.org/project/django-devserver,2014-05-02 19:10:18.000,2014-05-02 19:10:18.000,0.8.0,24.0,,8247.0,8247.0,,,,3.0,,,,,,,,,,,,,,,,,,,,,,,,
377,django-watson,etianen/django-watson,django-utils,,https://github.com/etianen/django-watson,852.0,842.0,45.0,https://github.com/etianen/django-watson,BSD-3-Clause,2011-08-20 17:50:53.000,2024-08-14 11:09:08.000,128.0,23.0,1219.0,"Full-text multi-table search application for Django. Easy to install and use, with good performance.",22,False,['django'],,django-watson,https://pypi.org/project/django-watson,2023-01-14 14:30:02.448,2023-01-14 14:30:02.448,1.6.3,35.0,10.0,95378.0,95378.0,,,,3.0,,,,,,,,,,,,,,,,,,,,,,,,
378,gevent-socketio,abourget/gevent-socketio,websocket,,https://github.com/abourget/gevent-socketio,1414.0,1408.0,60.0,https://github.com/abourget/gevent-socketio,BSD-3-Clause,2012-01-11 15:18:14.000,2022-09-17 20:57:58.000,331.0,108.0,1214.0,Official repository for gevent-socketio.,22,False,,,gevent-socketio,https://pypi.org/project/gevent-socketio,2014-02-03 05:14:23.000,2014-02-03 05:14:23.000,0.3.6,9.0,6.0,2335.0,2335.0,,,,3.0,,,,,,,,,,,,,,,,,,,,,,,,
379,livereload,lepture/python-livereload,servers,,https://github.com/lepture/python-livereload,354.0,,62.0,https://github.com/lepture/python-livereload,BSD-3-Clause,2012-05-03 16:38:39.000,2026-02-01 06:25:57.000,151.0,58.0,1049.0,livereload server in python.,22,True,,conda-forge/livereload,livereload,https://pypi.org/project/livereload,2024-12-18 13:41:56.000,2024-12-18 13:41:56.000,2.7.1,33.0,354.0,372506.0,385227.0,https://anaconda.org/conda-forge/livereload,2025-04-22 14:56:22.067,954144.0,3.0,,,,,,,,,,,,,,,,,,,,,,,,
380,sockjs-tornado,mrjoes/sockjs-tornado,websocket,,https://github.com/mrjoes/sockjs-tornado,2318.0,2303.0,36.0,https://github.com/mrjoes/sockjs-tornado,MIT,2011-12-06 20:41:39.000,2025-04-22 14:57:56.501,162.0,37.0,849.0,WebSocket emulation - Python server.,22,False,,conda-forge/sockjs-tornado,sockjs-tornado,https://pypi.org/project/sockjs-tornado,2020-04-24 15:02:06.000,2020-04-24 15:02:06.000,1.0.7,11.0,15.0,53421.0,53479.0,https://anaconda.org/conda-forge/sockjs-tornado,2025-04-22 14:57:56.501,3604.0,3.0,,,,,,,,,,,,,,,,,,,,,,,,
381,prometheus-flask-exporter,rycus86/prometheus_flask_exporter,monitoring,,https://github.com/rycus86/prometheus_flask_exporter,81.0,,29.0,https://github.com/rycus86/prometheus_flask_exporter,MIT,2017-11-23 20:04:19.000,2025-04-22 14:57:19.448,164.0,42.0,674.0,Prometheus exporter for Flask applications.,22,False,['flask'],conda-forge/prometheus_flask_exporter,prometheus-flask-exporter,https://pypi.org/project/prometheus-flask-exporter,2025-03-11 23:05:29.000,2025-03-11 23:05:29.000,0.23.2,73.0,81.0,2057580.0,2101681.0,https://anaconda.org/conda-forge/prometheus_flask_exporter,2025-04-22 14:57:19.448,3263504.0,2.0,,,,,,,,,,,,,,,,,,,,,,,,
382,starlette context,tomwojcik/starlette-context,monitoring,,https://github.com/tomwojcik/starlette-context,1738.0,1645.0,11.0,https://github.com/tomwojcik/starlette-context,MIT,2019-11-01 16:32:04.000,2026-02-28 11:32:01.000,29.0,2.0,610.0,Middleware for Starlette that allows you to store and access the context data of a request. Can be used with logging..,22,True,['fastapi'],,starlette-context,https://pypi.org/project/starlette-context,2026-02-28 11:32:01.000,2026-02-28 11:32:01.000,0.5.1,20.0,93.0,1777819.0,1777819.0,,,,2.0,,,,,,,,,,,,,,,,,,,,,,,,
383,pytest-flask,pytest-dev/pytest-flask,testing,,https://github.com/pytest-dev/pytest-flask,201.0,,39.0,https://github.com/pytest-dev/pytest-flask,MIT,2014-09-03 12:51:29.000,2025-08-18 20:45:09.000,89.0,16.0,497.0,A set of pytest fixtures to test Flask applications.,22,False,['flask'],conda-forge/pytest-flask,pytest-flask,https://pypi.org/project/pytest-flask,2023-10-23 14:53:18.000,2023-10-23 14:53:18.000,1.3.0,30.0,201.0,1175449.0,1178101.0,https://anaconda.org/conda-forge/pytest-flask,2025-04-22 14:56:38.362,185683.0,3.0,,,,,,,,,,,,,,,,,,,,,,,,
384,deform,Pylons/deform,forms,,https://github.com/Pylons/deform,884.0,854.0,104.0,https://github.com/Pylons/deform,BSD-3-Clause,2011-02-16 06:29:46.000,2026-02-26 11:31:20.000,162.0,52.0,418.0,A Python HTML form library.,22,True,,,deform,https://pypi.org/project/deform,2026-02-26 11:31:20.000,2026-02-26 11:31:20.000,3.0.1,43.0,30.0,21319.0,21319.0,,,,3.0,,,,,,,,,,,,,,,,,,,,,,,,
385,starlette_exporter,stephenhillier/starlette_exporter,fastapi-utils,,https://github.com/stephenhillier/starlette_exporter,41.0,,27.0,https://github.com/stephenhillier/starlette_exporter,Apache-2.0,2019-10-26 22:04:25.000,2026-07-29 04:04:06.000,38.0,10.0,415.0,Prometheus exporter for Starlette and FastAPI.,22,True,['fastapi'],,starlette_exporter,https://pypi.org/project/starlette_exporter,2026-07-29 04:04:06.000,2026-07-29 04:04:06.000,0.24.0,29.0,41.0,1558471.0,1558471.0,,,,2.0,,,,,,,,,,,,,,,,,,,,,,,,
386,cornice,Cornices/cornice,web-frameworks,,https://github.com/Cornices/cornice,971.0,927.0,124.0,https://github.com/Cornices/cornice,,2011-10-12 13:17:51.000,2026-09-02 09:45:42.948,149.0,50.0,384.0,Build Web Services with Pyramid.,22,False,['pyramid'],anaconda/cornice,cornice,https://pypi.org/project/cornice,2024-02-08 11:28:46.000,2024-02-08 11:28:46.000,6.1.0,59.0,44.0,115052.0,115163.0,https://anaconda.org/anaconda/cornice,2026-09-02 09:45:42.948,14230.0,3.0,,,,,,,,,,,,,,,,,,,,,,,,
387,Spectree,0b01001001/spectree,openapi-utils,,https://github.com/0b01001001/spectree,157.0,145.0,51.0,https://github.com/0b01001001/spectree,Apache-2.0,2019-12-01 07:04:07.000,2026-09-10 15:20:27.000,86.0,10.0,361.0,API spec validator and OpenAPI document generator for Python web frameworks.,22,True,['openapi'],,spectree,https://pypi.org/project/spectree,2026-09-10 15:20:27.000,2026-09-10 15:20:27.000,3.0.0,125.0,12.0,322962.0,322962.0,,,,3.0,,,,,,,,,,,,,,,,,,,,,,,,
388,purl,codeinthehole/purl,url-utils,,https://github.com/codeinthehole/purl,4190.0,4155.0,18.0,https://github.com/codeinthehole/purl,MIT,2012-03-27 21:18:43.000,2023-08-04 07:41:28.000,39.0,14.0,297.0,"A simple, immutable URL class with a clean API for interrogation and manipulation.",22,False,,,purl,https://pypi.org/project/purl,2021-05-15 21:05:39.000,2017-05-12 14:54:05.000,1.3.1,25.0,35.0,303577.0,303577.0,,,,3.0,,,,,,,,,,,,,,,,,,,,,,,,
389,flask-seasurf,maxcountryman/flask-seasurf,flask-utils,,https://github.com/maxcountryman/flask-seasurf,2851.0,2830.0,34.0,https://github.com/maxcountryman/flask-seasurf,BSD-3-Clause,2011-12-06 18:51:00.000,2026-09-06 14:10:14.343,50.0,13.0,190.0,SeaSurf is a Flask extension for preventing cross-site request forgery (CSRF).,22,True,['flask'],conda-forge/flask-seasurf,flask-seasurf,https://pypi.org/project/flask-seasurf,2024-07-29 14:05:16.000,2024-07-29 14:05:16.000,2.0.0,30.0,21.0,54012.0,56677.0,https://anaconda.org/conda-forge/flask-seasurf,2026-09-06 14:10:14.343,186578.0,3.0,,,,,,,,,,,,,,,,,,,,,,,,
390,httpx-ws,frankie567/httpx-ws,websocket,,https://github.com/frankie567/httpx-ws,1744.0,1636.0,18.0,https://github.com/frankie567/httpx-ws,MIT,2022-11-22 08:06:40.000,2026-03-28 19:06:07.397,29.0,2.0,147.0,WebSocket support for HTTPX.,22,True,,conda-forge/httpx-ws,httpx-ws,https://pypi.org/project/httpx-ws,2026-03-28 14:11:11.000,2026-03-28 14:11:11.000,0.9.0,28.0,108.0,11233871.0,11235343.0,https://anaconda.org/conda-forge/httpx-ws,2026-03-28 19:06:07.397,63323.0,3.0,,,,,,,,,,,,,,,,,,,,,,,,
391,http-prompt,httpie/http-prompt,http-clients,,https://github.com/httpie/http-prompt,63.0,60.0,29.0,https://github.com/httpie/http-prompt,MIT,2016-04-06 07:24:35.000,2024-05-21 06:03:21.000,345.0,56.0,9108.0,"An interactive command-line HTTP and API testing client built on top of HTTPie featuring autocomplete, syntax..",21,False,,,http-prompt,https://pypi.org/project/http-prompt,2021-03-05 14:02:14.000,2021-03-05 14:02:14.000,2.0.0,24.0,3.0,1114.0,1114.0,,,,3.0,,,,,,,,,,,,,,,,,,,,,,,,
392,PyWebIO,pywebio/PyWebIO,web-ui,,https://github.com/pywebio/PyWebIO,2028.0,1974.0,19.0,https://github.com/pywebio/PyWebIO,MIT,2020-02-29 10:28:10.000,2025-04-08 13:35:34.000,383.0,31.0,4816.0,Write interactive web app in script way.,21,False,,,pywebio,https://pypi.org/project/pywebio,2025-04-04 15:25:46.000,2025-04-04 15:25:46.000,1.8.4,35.0,54.0,7343.0,7343.0,,,,3.0,,,,,,,,,,,,,,,,,,,,,,,,
393,websockify,novnc/websockify,websocket,,https://github.com/novnc/websockify,67.0,45.0,104.0,https://github.com/novnc/websockify,LGPL-3.0,2011-01-12 22:51:17.000,2026-02-11 16:10:56.000,834.0,40.0,4357.0,Websockify is a WebSocket to TCP proxy/bridge. This allows a browser to connect to any application/server/service.,21,True,,conda-forge/websockify,websockify,https://pypi.org/project/websockify,2025-05-26 14:40:12.000,2025-05-26 14:40:12.000,0.13.0,13.0,22.0,170985.0,174955.0,https://anaconda.org/conda-forge/websockify,2025-09-04 22:04:57.628,293851.0,3.0,,,,,,,,,,,,,,,,,,,,,,,,
394,fastapi-admin,fastapi-admin/fastapi-admin,admin-ui,,https://github.com/fastapi-admin/fastapi-admin,518.0,512.0,19.0,https://github.com/fastapi-admin/fastapi-admin,Apache-2.0,2020-04-06 05:09:44.000,2025-04-05 06:11:16.000,461.0,75.0,3757.0,"A fast admin dashboard based on FastAPI and TortoiseORM with tabler ui, inspired by Django admin.",21,False,['fastapi'],,fastapi-admin,https://pypi.org/project/fastapi-admin,2022-06-08 00:52:23.000,2022-06-08 00:52:23.000,1.0.4,27.0,6.0,27527.0,27527.0,,,,3.0,,,,,,,,,,,,,,,,,,,,,,,,
395,fastapi-admin/fastapi-admin,fastapi-admin/fastapi-admin,fastapi-utils,,https://github.com/fastapi-admin/fastapi-admin,518.0,512.0,19.0,https://github.com/fastapi-admin/fastapi-admin,Apache-2.0,2020-04-06 05:09:44.000,2025-04-05 06:11:16.000,461.0,75.0,3757.0,"A fast admin dashboard based on FastAPI and TortoiseORM with tabler ui, inspired by Django admin.",21,False,['fastapi'],,fastapi-admin,https://pypi.org/project/fastapi-admin,2022-06-08 00:52:23.000,2022-06-08 00:52:23.000,1.0.4,27.0,6.0,27527.0,27527.0,,,,2.0,,,,,,,,,,,,,,,,,,,,,,,,
396,Cactus,eudicots/Cactus,others,,https://github.com/eudicots/Cactus,1276.0,1276.0,52.0,https://github.com/eudicots/Cactus,BSD-3-Clause,2011-02-28 11:56:43.000,2023-08-28 12:33:33.000,313.0,100.0,3472.0,Static site generator for designers. Uses Python and Django templates.,21,False,['django'],,cactus,https://pypi.org/project/cactus,2021-12-15 15:49:39.278,2021-12-15 15:49:39.278,3.0.0,20.0,,218.0,218.0,,,,3.0,,,,,,,,,,,,,,,,,,,,,,,,
397,django-sql-explorer,groveco/django-sql-explorer,django-utils,,https://www.sqlexplorer.io,542.0,534.0,109.0,,MIT,,2024-09-24 20:47:32.000,371.0,,2785.0,"SQL Reporting that Just Works. Fast, simple, and confusion-free.Write and share queries in a delightful SQL editor,..",21,False,['django'],,django-sql-explorer,https://pypi.org/project/django-sql-explorer,2024-09-24 20:47:32.000,2024-08-02 17:24:42.000,5.1.1,68.0,8.0,216891.0,216891.0,,,,3.0,,,,,,,,,,,,,,,,,,,,,,,,
398,twitterscraper,taspinar/twitterscraper,third-party-apis,,https://github.com/taspinar/twitterscraper,532.0,530.0,34.0,https://github.com/taspinar/twitterscraper,MIT,2016-06-16 06:51:10.000,2022-10-05 15:48:52.000,591.0,144.0,2351.0,Scrape Twitter for Tweets.,21,False,,,twitterscraper,https://pypi.org/project/twitterscraper,2020-07-28 11:38:17.000,2020-07-28 11:38:17.000,1.6.1,47.0,2.0,1638.0,1638.0,,,,3.0,,,,,,,,,,,,,,,,,,,,,,,,
399,django-blog-zinnia,Fantomas42/django-blog-zinnia,django-utils,,https://github.com/Fantomas42/django-blog-zinnia,877.0,876.0,71.0,https://github.com/Fantomas42/django-blog-zinnia,BSD-3-Clause,2009-07-13 14:58:26.000,2024-05-03 19:19:17.000,730.0,40.0,2129.0,Simple yet powerful and really extendable application for managing a blog within your Django Web site.,21,False,['django'],,django-blog-zinnia,https://pypi.org/project/django-blog-zinnia,2018-03-10 21:22:04.000,2016-09-27 13:25:46.000,0.18.1,29.0,1.0,574.0,574.0,,,,3.0,,,,,,,,,,,,,,,,,,,,,,,,
400,fastapi-crudrouter,awtkns/fastapi-crudrouter,fastapi-utils,,https://github.com/awtkns/fastapi-crudrouter,276.0,265.0,21.0,https://github.com/awtkns/fastapi-crudrouter,MIT,2020-12-19 20:58:44.000,2023-11-01 12:10:38.000,178.0,65.0,1694.0,A dynamic FastAPI router that automatically creates CRUD routes for your models.,21,False,['fastapi'],,fastapi-crudrouter,https://pypi.org/project/fastapi-crudrouter,2023-01-28 08:46:00.463,2023-01-28 08:46:00.463,0.8.6,27.0,11.0,7458.0,7458.0,,,,2.0,,,,,,,,,,,,,,,,,,,,,,,,
401,python-react,markfinger/python-react,web-ui,,https://github.com/markfinger/python-react,1951.0,1951.0,23.0,https://github.com/markfinger/python-react,MIT,2014-12-02 00:12:53.000,2023-06-29 15:16:48.000,115.0,10.0,1614.0,Server-side rendering of React components.,21,False,,,react,https://pypi.org/project/react,2018-10-08 09:55:41.000,2018-10-08 09:55:41.000,4.3.0,15.0,,6670.0,6670.0,,,,3.0,,,,,,,,,,,,,,,,,,,,,,,,
402,flask-bootstrap,esbullington/flask-bootstrap,flask-utils,,https://github.com/esbullington/flask-bootstrap,150.0,,6.0,https://github.com/esbullington/flask-bootstrap,BSD-3-Clause,2012-03-06 17:53:29.000,2025-04-22 14:56:52.700,724.0,1.0,1577.0,"A Flask app template with integrated SQLAlchemy, authentication, and Bootstrap frontend.",21,False,['flask'],conda-forge/flask-bootstrap,flask-bootstrap,https://pypi.org/project/flask-bootstrap,2017-01-11 23:28:23.000,,,36.0,150.0,909308.0,909551.0,https://anaconda.org/conda-forge/flask-bootstrap,2025-04-22 14:56:52.700,23835.0,3.0,,,,,,,,,,,,,,,,,,,,,,,,
403,python-lambda,nficano/python-lambda,serverless,,https://github.com/nficano/python-lambda,,,48.0,https://github.com/nficano/python-lambda,ISC,2016-02-26 03:21:06.000,2023-06-28 11:38:10.000,227.0,65.0,1513.0,A toolkit for developing and deploying serverless Python code in AWS Lambda.,21,False,,,python-lambda,https://pypi.org/project/python-lambda,2021-01-05 04:42:47.000,2021-01-05 04:42:47.000,11.8.0,49.0,,3313.0,3313.0,,,,3.0,2022-06-03 06:57:29,384.0,29.0,631.0,54.0,,,,,,,,,,,,,,,,,,,
404,Django Facebook,tschellenbach/Django-facebook,third-party-apis,,https://github.com/tschellenbach/Django-facebook,408.0,408.0,89.0,https://github.com/tschellenbach/Django-facebook,BSD-3-Clause,2010-05-05 10:00:50.000,2021-11-28 03:00:31.000,561.0,134.0,1429.0,Facebook open graph api implementation using the Django web framework in python.,21,False,,,django-facebook,https://pypi.org/project/django-facebook,2015-05-26 19:01:35.000,2015-05-26 19:01:35.000,6.0.3,152.0,,1612.0,1612.0,,,,3.0,,,,,,,,,,,,,,,,,,,,,,,,
405,Meinheld,mopemope/meinheld,servers,,https://github.com/mopemope/meinheld,1260.0,1250.0,20.0,https://github.com/mopemope/meinheld,BSD-3-Clause,2010-07-30 01:38:27.000,2025-04-22 14:57:24.884,90.0,23.0,1347.0,Meinheld is a high performance asynchronous WSGI Web Server (based on picoev).,21,False,,conda-forge/meinheld,meinheld,https://pypi.org/project/meinheld,2020-05-17 13:09:14.000,2020-05-17 13:09:14.000,1.0.2,40.0,10.0,15979.0,16515.0,https://anaconda.org/conda-forge/meinheld,2025-04-22 14:57:24.884,41290.0,3.0,,,,,,,,,,,,,,,,,,,,,,,,
406,django-angular,jrief/django-angular,django-utils,,https://github.com/jrief/django-angular,687.0,677.0,67.0,https://github.com/jrief/django-angular,MIT,2013-03-11 09:12:53.000,2023-11-13 22:42:39.000,294.0,22.0,1232.0,Let AngularJS play well with Django.,21,False,['django'],,django-angular,https://pypi.org/project/django-angular,2023-11-13 22:42:39.000,2023-11-13 22:42:39.000,2.3.1,56.0,10.0,6634.0,6634.0,,,,3.0,,,,,,,,,,,,,,,,,,,,,,,,
407,django-split-settings,sobolevn/django-split-settings,django-utils,,https://django-split-settings.readthedocs.io,3518.0,3506.0,29.0,,BSD-3-Clause,,2024-07-05 14:29:59.000,68.0,,1131.0,Organize Django settings into multiple files and directories. Easily override and modify settings. Use wildcards and..,21,False,['django'],,django-split-settings,https://pypi.org/project/django-split-settings,2024-07-05 14:29:59.000,2024-07-05 14:29:59.000,1.3.2,18.0,12.0,416099.0,416099.0,,,,3.0,,,,,,,,,,,,,,,,,,,,,,,,
408,django-jenkins,kmmbvnr/django-jenkins,django-utils,,https://github.com/kmmbvnr/django-jenkins,1449.0,1440.0,72.0,https://github.com/kmmbvnr/django-jenkins,LGPL-3.0,2010-07-02 08:55:14.000,2022-03-29 15:06:39.000,279.0,19.0,946.0,Plug and play continuous integration with django and jenkins.,21,False,['django'],,django-jenkins,https://pypi.org/project/django-jenkins,2016-09-15 09:54:04.000,2016-09-15 09:54:04.000,0.110.0,19.0,9.0,15429.0,15429.0,,,,3.0,,,,,,,,,,,,,,,,,,,,,,,,
409,django-cache-machine,django-cache-machine/django-cache-machine,django-utils,,https://github.com/django-cache-machine/django-cache-machine,326.0,325.0,29.0,https://github.com/django-cache-machine/django-cache-machine,BSD-3-Clause,2010-02-09 23:01:12.000,2023-02-20 18:13:51.000,159.0,23.0,885.0,Automatic caching and invalidation for Django models through the ORM.,21,False,['django'],,django-cache-machine,https://pypi.org/project/django-cache-machine,2022-07-06 18:41:15.000,2022-07-06 18:41:15.000,1.2.0,10.0,1.0,8578.0,8578.0,,,,3.0,,,,,,,,,,,,,,,,,,,,,,,,
410,klein,twisted/klein,others,,https://github.com/twisted/klein,1965.0,1911.0,58.0,https://github.com/twisted/klein,MIT,2012-02-10 17:55:04.000,2025-08-19 09:57:08.000,120.0,88.0,840.0,werkzeug + twisted.web.,21,False,,,klein,https://pypi.org/project/klein,2024-08-12 01:50:16.000,2024-08-12 01:50:16.000,24.8.0,27.0,54.0,36011.0,36011.0,,,,3.0,,,,,,,,,,,,,,,,,,,,,,,,
411,django-floppyforms,jazzband/django-floppyforms,django-utils,,https://github.com/jazzband/django-floppyforms,2191.0,2176.0,51.0,https://github.com/jazzband/django-floppyforms,MirOS,2010-11-24 23:21:33.000,2025-01-04 11:48:49.000,150.0,41.0,835.0,Full control of form rendering in the templates.,21,False,['django'],,django-floppyforms,https://pypi.org/project/django-floppyforms,2020-05-20 02:41:28.000,2020-05-20 02:41:28.000,1.9.0,27.0,15.0,18082.0,18082.0,,,,3.0,,,,,,,,,,,,,,,,,,,,,,,,
412,Frozen-Flask,Frozen-Flask/Frozen-Flask,flask-utils,,https://github.com/Frozen-Flask/Frozen-Flask,3927.0,3894.0,30.0,https://github.com/Frozen-Flask/Frozen-Flask,,2010-12-24 14:59:29.000,2025-04-22 14:56:27.699,76.0,13.0,796.0,Freezes a Flask application into a set of static files.,21,False,['flask'],conda-forge/frozen-flask,frozen-flask,https://pypi.org/project/frozen-flask,2024-02-09 14:32:16.000,2024-02-09 14:32:16.000,1.0.2,21.0,33.0,195541.0,198687.0,https://anaconda.org/conda-forge/frozen-flask,2025-04-22 14:56:27.699,377574.0,3.0,,,,,,,,,,,,,,,,,,,,,,,,
413,opentracing-python,opentracing/opentracing-python,monitoring,,https://github.com/opentracing/opentracing-python,167.0,,34.0,https://github.com/opentracing/opentracing-python,Apache-2.0,2016-01-06 22:57:00.000,2025-10-13 13:52:59.062,116.0,28.0,750.0,OpenTracing API for Python. This library is DEPRECATED! https://github.com/opentracing/specification/issues/163.,21,True,,conda-forge/opentracing,opentracing,https://pypi.org/project/opentracing,2020-11-19 17:10:42.000,2020-11-19 17:10:42.000,2.4.0,27.0,167.0,3231391.0,3239099.0,https://anaconda.org/conda-forge/opentracing,2025-10-13 13:52:59.062,547272.0,3.0,,,,,,,,,,,,,,,,,,,,,,,,
414,html5-parser,kovidgoyal/html5-parser,html-processing,,https://github.com/kovidgoyal/html5-parser,932.0,913.0,7.0,https://github.com/kovidgoyal/html5-parser,Apache-2.0,2017-06-03 06:56:36.000,2026-09-20 04:56:57.000,39.0,1.0,706.0,Fast C based HTML 5 parsing for python.,21,True,,,html5-parser,https://pypi.org/project/html5-parser,2026-09-20 04:56:57.000,2023-11-19 15:09:54.000,0.4.12,22.0,19.0,17545.0,17545.0,,,,3.0,,,,,,,,,,,,,,,,,,,,,,,,
415,fastapi_login,MushroomMaula/fastapi_login,auth,,https://github.com/MushroomMaula/fastapi_login,1148.0,1141.0,15.0,https://github.com/MushroomMaula/fastapi_login,MIT,2019-10-21 14:47:00.000,2024-12-14 08:18:15.000,59.0,,649.0,FastAPI-Login tries to provide similar functionality as Flask-Login does.,21,False,['fastapi'],,fastapi_login,https://pypi.org/project/fastapi_login,2024-12-14 08:18:15.000,2024-12-14 08:18:15.000,1.10.3,34.0,7.0,70349.0,70349.0,,,,3.0,,,,,,,,,,,,,,,,,,,,,,,,
416,python-whois,joepie91/python-whois,others,,https://github.com/joepie91/python-whois,756.0,582.0,7.0,https://github.com/joepie91/python-whois,WTFPL,2013-01-30 15:34:02.000,2025-10-07 04:36:12.000,207.0,108.0,427.0,A python module for retrieving and parsing WHOIS data.,21,False,,,python-whois,https://pypi.org/project/python-whois,2025-10-07 04:36:12.000,2025-10-07 04:36:12.000,0.9.6,29.0,174.0,1773185.0,1773185.0,,,,3.0,,,,,,,,,,,,,,,,,,,,,,,,
417,django-cas-ng,django-cas-ng/django-cas-ng,auth,,https://github.com/django-cas-ng/django-cas-ng,674.0,659.0,92.0,https://github.com/django-cas-ng/django-cas-ng,MIT,2014-05-23 22:52:34.000,2026-05-05 10:22:08.000,169.0,4.0,394.0,"Django CAS 1.0/2.0/3.0 client authentication library, supporting Django 4.2+ and Python 3.8+.",21,True,['django'],,django-cas-ng,https://pypi.org/project/django-cas-ng,2026-05-05 10:22:08.000,2025-11-18 17:08:56.000,5.1.0,30.0,15.0,42635.0,42635.0,,,,3.0,,,,,,,,,,,,,,,,,,,,,,,,
418,pysimplesoap,pysimplesoap/pysimplesoap,http-clients,,https://github.com/pysimplesoap/pysimplesoap,1842.0,1827.0,51.0,https://github.com/pysimplesoap/pysimplesoap,LGPL-3.0,2013-06-02 11:09:05.000,2024-02-21 18:45:27.000,229.0,97.0,373.0,Python Simple SOAP Library.,21,False,,,pysimplesoap,https://pypi.org/project/pysimplesoap,2023-10-24 01:20:23.000,2023-10-24 01:20:23.000,1.8.22,15.0,15.0,20244.0,20244.0,,,,3.0,,,,,,,,,,,,,,,,,,,,,,,,
419,python-mocket,mindflayer/python-mocket,testing,,https://github.com/mindflayer/python-mocket,15.0,,34.0,https://github.com/mindflayer/python-mocket,BSD-3-Clause,2013-04-30 07:44:28.000,2026-08-26 06:16:13.000,51.0,6.0,311.0,"a socket mock framework - for all kinds of socket animals, web-clients included.",21,True,,,mocket,https://pypi.org/project/mocket,2026-08-26 06:15:02.000,2026-08-26 06:15:02.000,3.14.4,116.0,15.0,222182.0,222182.0,,,,3.0,,,,,,,,,,,,,,,,,,,,,,,,
420,async-asgi-testclient,vinissimus/async-asgi-testclient,testing,,https://github.com/vinissimus/async-asgi-testclient,1042.0,991.0,14.0,https://github.com/vinissimus/async-asgi-testclient,MIT,2019-04-15 12:26:06.000,2023-06-29 14:52:47.000,21.0,15.0,161.0,A framework-agnostic library for testing ASGI web applications.,21,False,,,async-asgi-testclient,https://pypi.org/project/async-asgi-testclient,2022-06-13 09:30:07.000,2022-06-13 09:30:07.000,1.4.11,32.0,51.0,363414.0,363414.0,,,,3.0,,,,,,,,,,,,,,,,,,,,,,,,
421,graphql-relay-py,graphql-python/graphql-relay-py,graphql,,https://github.com/graphql-python/graphql-relay-py,53.0,,10.0,https://github.com/graphql-python/graphql-relay-py,MIT,2015-09-17 17:16:20.000,2025-04-22 14:56:40.651,40.0,11.0,144.0,A library to help construct a graphql-py server supporting react-relay.,21,False,,conda-forge/graphql-relay,graphql-relay,https://pypi.org/project/graphql-relay,2022-04-16 11:03:43.000,2022-04-16 11:03:43.000,3.2.0,27.0,53.0,30088078.0,30114861.0,https://anaconda.org/conda-forge/graphql-relay,2025-04-22 14:56:40.651,1794481.0,3.0,,,,,,,,,,,,,,,,,,,,,,,,
422,cookiecutter-django,cookiecutter/cookiecutter-django,django-utils,,https://github.com/cookiecutter/cookiecutter-django,34.0,34.0,479.0,https://github.com/cookiecutter/cookiecutter-django,BSD-3-Clause,2013-08-14 17:43:31.000,2025-10-16 09:39:40.000,3021.0,91.0,13177.0,Cookiecutter Django is a framework for jumpstarting production-ready Django projects quickly.,20,True,['django'],,cookiecutter-django,https://pypi.org/project/cookiecutter-django,2018-01-15 20:46:23.000,2021-12-15 16:56:11.651,1.8.6,5.0,,54.0,54.0,,,,3.0,,,,,,,,,,,,,,,,,,,,,,,,
423,Google Images Download,hardikvasa/google-images-download,third-party-apis,,https://github.com/hardikvasa/google-images-download,3.0,,41.0,https://github.com/hardikvasa/google-images-download,MIT,2015-03-28 16:50:28.000,2026-05-18 03:31:37.000,2094.0,65.0,8669.0,Python Script to download hundreds of images from Google Images. It is a ready-to-run code!.,20,True,,,google_images_download,https://pypi.org/project/google_images_download,2019-05-21 18:28:03.000,2019-05-21 18:28:03.000,2.8.0,40.0,3.0,2005.0,2005.0,,,,3.0,,,,,,,,,,,,,,,,,,,,,,,,
424,idom,idom-team/idom,web-ui,,https://github.com/rmorshea/idom,285.0,275.0,29.0,,MIT,,2023-02-26 19:45:00.617,329.0,,8142.0,"Its React, but in Python.",20,False,,,idom,https://pypi.org/project/idom,2023-02-26 19:45:00.617,2023-02-26 19:45:00.617,1.0.0,109.0,10.0,1633.0,1633.0,,,,3.0,,,,,,,,,,,,,,,,,,,,,,,,
425,xadmin,sshwsfc/xadmin,admin-ui,,https://github.com/sshwsfc/xadmin,816.0,816.0,51.0,https://github.com/sshwsfc/xadmin,BSD-3-Clause,2012-11-19 06:21:50.000,2025-02-11 16:50:43.000,1394.0,386.0,4774.0,"Drop-in replacement of Django admin comes with lots of goodies, fully extensible with plugin support, pretty UI based..",20,False,,,xadmin2,https://pypi.org/project/xadmin2,2022-09-24 08:54:19.425,2022-09-24 08:54:19.425,2.0.4,4.0,,77.0,77.0,,,,3.0,,,,,,,,,,,,,,,,,,,,,,,,
426,scdl,flyingrub/scdl,third-party-apis,,https://github.com/scdl-org/scdl,435.0,430.0,53.0,,GPL-3.0,,2026-08-20 06:35:30.000,398.0,,4086.0,Download Music from Souncloud.,20,True,,,scdl,https://pypi.org/project/scdl,2026-08-20 06:35:30.000,2026-08-20 06:35:30.000,3.0.8,90.0,5.0,2519.0,2519.0,,,,3.0,,,,,,,,,,,,,,,,,,,,,,,,
427,WikiExtractor,attardi/wikiextractor,third-party-apis,,https://github.com/attardi/wikiextractor,466.0,456.0,41.0,,AGPL-3.0,,2026-08-10 19:52:23.000,1002.0,,3995.0,A tool for extracting plain text from Wikipedia dumps.,20,True,,,wikiextractor,https://pypi.org/project/wikiextractor,2026-08-10 19:52:23.000,2026-08-10 19:52:23.000,3.1.0,6.0,10.0,2843.0,2843.0,,,,3.0,,,,,,,,,,,,,,,,,,,,,,,,
428,sslyze,nabla-c0d3/sslyze,others,,https://github.com/nabla-c0d3/sslyze,16.0,,81.0,https://github.com/nabla-c0d3/sslyze,AGPL-3.0,2014-08-18 04:33:30.000,2026-03-29 09:58:58.000,493.0,19.0,3743.0,Fast and powerful SSL/TLS scanning library.,20,True,,,sslyze,https://pypi.org/project/sslyze,2026-03-29 09:58:58.000,2026-03-29 09:58:58.000,6.3.1,72.0,16.0,129118.0,129118.0,,,,3.0,,,,,,,,,,,,,,,,,,,,,,,,
429,django-shop,awesto/django-shop,django-utils,,https://github.com/awesto/django-shop,239.0,230.0,97.0,https://github.com/awesto/django-shop,BSD-3-Clause,2010-11-19 11:15:48.000,2023-10-19 01:09:56.000,1034.0,104.0,3130.0,A Django based shop system.,20,False,['django'],,django-shop,https://pypi.org/project/django-shop,2021-02-02 21:13:24.000,2021-02-02 21:13:24.000,1.2.4,47.0,9.0,457.0,457.0,,,,3.0,,,,,,,,,,,,,,,,,,,,,,,,
430,gmusicapi,simon-weber/gmusicapi,third-party-apis,,https://github.com/simon-weber/gmusicapi,517.0,497.0,51.0,https://github.com/simon-weber/gmusicapi,BSD-3-Clause,2012-01-20 17:19:12.000,2020-03-27 18:07:43.000,304.0,61.0,2511.0,An unofficial client library for Google Music.,20,False,,,gmusicapi,https://pypi.org/project/gmusicapi,2020-03-27 18:06:36.000,2020-03-27 18:06:36.000,13.0.0,29.0,20.0,612.0,612.0,,,,3.0,,,,,,,,,,,,,,,,,,,,,,,,
431,Wooey,wooey/wooey,web-ui,,https://github.com/wooey/wooey,52.0,52.0,25.0,https://github.com/wooey/wooey,BSD-3-Clause,2015-03-01 16:47:05.000,2026-04-16 16:43:01.000,190.0,55.0,2224.0,A Django app that creates automatic web UIs for Python scripts.,20,True,,,wooey,https://pypi.org/project/wooey,2026-04-13 01:47:53.000,2026-04-13 01:47:53.000,0.14.0,42.0,,302.0,302.0,,,,3.0,,,,,,,,,,,,,,,,,,,,,,,,
432,flask-ask,johnwheeler/flask-ask,flask-utils,,https://github.com/johnwheeler/flask-ask,812.0,810.0,40.0,https://github.com/johnwheeler/flask-ask,Apache-2.0,2016-05-12 00:54:46.000,2021-08-24 01:20:53.000,370.0,71.0,1878.0,Alexa Skills Kit for Python.,20,False,['flask'],,flask-ask,https://pypi.org/project/flask-ask,2018-02-28 21:57:01.000,2018-02-28 21:57:01.000,0.9.8,34.0,2.0,547.0,547.0,,,,3.0,,,,,,,,,,,,,,,,,,,,,,,,
433,offlineimap,OfflineIMAP/offlineimap,email,,https://github.com/OfflineIMAP/offlineimap,33.0,32.0,164.0,https://github.com/OfflineIMAP/offlineimap,,2012-07-23 15:28:58.000,2026-09-02 05:14:26.294,357.0,96.0,1860.0,Read/sync your IMAP mailboxes (python2) [LEGACY: move to offlineimap3].,20,False,,conda-forge/offlineimap,offlineimap,https://pypi.org/project/offlineimap,2026-06-08 09:48:17.000,2026-06-08 09:48:17.000,8.0.3,44.0,1.0,241.0,1702.0,https://anaconda.org/conda-forge/offlineimap,2026-09-02 05:14:26.294,87691.0,3.0,,,,,,,,,,,,,,,,,,,,,,,,
434,flask-sockets,heroku-python/flask-sockets,websocket,,https://github.com/heroku-python/flask-sockets,48.0,,13.0,https://github.com/heroku-python/flask-sockets,MIT,2013-10-01 00:41:09.000,2021-05-14 12:12:05.000,164.0,32.0,1741.0,[DEPRECATED] Alternative: https://github.com/miguelgrinberg/flask-sock.,20,False,['flask'],,flask-sockets,https://pypi.org/project/flask-sockets,2016-06-05 02:14:01.000,2016-06-05 02:14:01.000,0.2.1,3.0,48.0,39659.0,39659.0,,,,3.0,,,,,,,,,,,,,,,,,,,,,,,,
435,imdbpy,alberanid/imdbpy,third-party-apis,,https://cinemagoer.github.io/,7841.0,7806.0,87.0,,GPL-2.0,,2022-07-09 12:09:01.903,375.0,,1323.0,IMDbPY is now cinemagoer.,20,False,,,imdbpy,https://pypi.org/project/imdbpy,2022-07-09 12:09:01.903,2022-07-09 12:09:01.903,2022.7.9,45.0,35.0,5076.0,5076.0,,,,3.0,,,,,,,,,,,,,,,,,,,,,,,,
436,frontera,scrapinghub/frontera,web-scraping,,https://github.com/scrapinghub/frontera,50.0,44.0,42.0,https://github.com/scrapinghub/frontera,BSD-3-Clause,2014-11-22 15:42:50.000,2025-06-06 14:41:24.000,218.0,95.0,1314.0,A scalable frontier for web crawlers.,20,False,,,frontera,https://pypi.org/project/frontera,2025-06-06 14:41:24.000,2025-06-06 14:41:24.000,0.7.2,23.0,6.0,4042.0,4042.0,,,,3.0,,,,,,,,,,,,,,,,,,,,,,,,
437,django-vanilla-views,encode/django-vanilla-views,django-utils,,https://github.com/encode/django-vanilla-views,771.0,768.0,31.0,https://github.com/encode/django-vanilla-views,BSD-2-Clause,2013-09-02 13:41:57.000,2024-02-14 02:38:33.000,74.0,3.0,984.0,Beautifully simple class-based views.,20,False,['django'],,django-vanilla-views,https://pypi.org/project/django-vanilla-views,2021-05-09 09:56:51.000,2021-05-09 09:56:51.000,3.0.0,15.0,3.0,14097.0,14097.0,,,,3.0,,,,,,,,,,,,,,,,,,,,,,,,
438,flask-debugtoolbar,flask-debugtoolbar/flask-debugtoolbar,testing,,https://flask-debugtoolbar.readthedocs.io,78.0,,,,BSD-3-Clause,2020-10-13 10:48:17.869,2025-04-22 14:56:27.983,149.0,,978.0,A toolbar overlay for debugging Flask applications.,20,False,['flask'],conda-forge/flask-debugtoolbar,flask-debugtoolbar,https://pypi.org/project/flask-debugtoolbar,2024-09-28 14:55:33.000,2024-09-28 14:55:33.000,0.16.0,31.0,78.0,1002574.0,1005997.0,https://anaconda.org/conda-forge/flask-debugtoolbar,2025-04-22 14:56:27.983,243065.0,3.0,,,,,,,,,,,,,,,,,,,,,,,,
439,django-solo,lazybird/django-solo,django-utils,,https://github.com/lazybird/django-solo,2872.0,2774.0,46.0,https://github.com/lazybird/django-solo,,2013-05-22 21:28:08.000,2026-01-01 15:46:51.000,84.0,12.0,946.0,Helps working with singletons - things like global settings that you want to edit from the admin site.,20,False,['django'],,django-solo,https://pypi.org/project/django-solo,2026-01-01 15:46:51.000,2026-01-01 15:46:51.000,2.5.1,18.0,98.0,355600.0,355600.0,,,,3.0,,,,,,,,,,,,,,,,,,,,,,,,
440,flask-profiler,muatik/flask-profiler,flask-utils,,https://github.com/muatik/flask-profiler,405.0,401.0,29.0,https://github.com/muatik/flask-profiler,MIT,2015-10-05 20:49:53.000,2022-12-02 02:48:05.000,94.0,44.0,749.0,a flask profiler which watches endpoint calls and tries to make some analysis.,20,False,['flask'],,flask-profiler,https://pypi.org/project/flask-profiler,2018-11-19 23:11:10.000,2018-11-19 23:11:10.000,1.8.1,39.0,4.0,23680.0,23680.0,,,,3.0,,,,,,,,,,,,,,,,,,,,,,,,
441,flask_pydantic,bauerji/flask_pydantic,flask-utils,,https://github.com/pallets-eco/flask-pydantic,920.0,909.0,24.0,,MIT,,2025-12-22 02:58:51.000,69.0,,434.0,Flask extension for integration with Pydantic library.,20,True,['flask'],,flask_pydantic,https://pypi.org/project/flask_pydantic,2025-12-22 02:58:51.000,2025-12-22 02:58:51.000,0.14.0,28.0,11.0,433202.0,433202.0,,,,3.0,,,,,,,,,,,,,,,,,,,,,,,,
442,fastapi-jsonrpc,smagafurov/fastapi-jsonrpc,rpc,,https://github.com/smagafurov/fastapi-jsonrpc,97.0,83.0,18.0,https://github.com/smagafurov/fastapi-jsonrpc,MIT,2019-08-09 17:56:48.000,2026-09-02 11:36:25.000,39.0,6.0,423.0,JSON-RPC server based on fastapi.,20,True,['fastapi'],,fastapi-jsonrpc,https://pypi.org/project/fastapi-jsonrpc,2026-09-02 11:36:25.000,2026-09-02 11:36:25.000,4.0.0,86.0,14.0,16051.0,16051.0,,,,3.0,,,,,,,,,,,,,,,,,,,,,,,,
443,django-stronghold,mgrouchy/django-stronghold,auth,,https://github.com/mgrouchy/django-stronghold,499.0,491.0,23.0,https://github.com/mgrouchy/django-stronghold,MIT,2013-01-29 02:30:21.000,2024-07-19 14:08:30.000,48.0,15.0,393.0,Get inside your stronghold and make all your Django views default login_required.,20,False,['django'],,django-stronghold,https://pypi.org/project/django-stronghold,2020-01-17 16:34:53.000,2020-01-17 16:34:53.000,0.4.0,23.0,8.0,44461.0,44461.0,,,,3.0,,,,,,,,,,,,,,,,,,,,,,,,
444,http-parser,benoitc/http-parser,http-clients,,https://github.com/benoitc/http-parser,562.0,547.0,31.0,https://github.com/benoitc/http-parser,MIT,2011-04-14 15:33:36.000,2024-05-21 14:05:11.000,95.0,20.0,345.0,HTTP request/response parser for python in C.,20,False,,,http-parser,https://pypi.org/project/http-parser,2020-04-06 23:00:26.000,2020-04-06 23:00:26.000,0.9.0,36.0,15.0,16878.0,16878.0,,,,3.0,,,,,,,,,,,,,,,,,,,,,,,,
445,graphene-mongo,graphql-python/graphene-mongo,graphql,,https://github.com/graphql-python/graphene-mongo,380.0,377.0,38.0,https://github.com/graphql-python/graphene-mongo,MIT,2018-01-22 04:06:16.000,2026-02-03 20:55:42.000,111.0,23.0,287.0,Graphene MongoEngine integration.,20,True,['graphql'],conda-forge/graphene-mongo,graphene-mongo,https://pypi.org/project/graphene-mongo,2026-01-03 09:20:00.000,2026-01-03 09:20:00.000,0.4.5,39.0,3.0,13130.0,13308.0,https://anaconda.org/conda-forge/graphene-mongo,2026-01-05 00:41:58.830,13387.0,3.0,,,,,,,,,,,,,,,,,,,,,,,,
446,flask_injector,alecthomas/flask_injector,flask-utils,,https://github.com/alecthomas/flask_injector,1062.0,1041.0,13.0,,BSD-3-Clause,2021-04-01 18:52:03.036,2025-04-22 14:57:49.545,40.0,,283.0,"Adds Injector, a Dependency Injection framework, support to Flask.",20,False,['flask'],conda-forge/flask-injector,flask_injector,https://pypi.org/project/flask_injector,2023-07-27 00:33:16.000,2023-07-27 00:33:16.000,0.15.0,28.0,21.0,63383.0,63604.0,https://anaconda.org/conda-forge/flask-injector,2025-04-22 14:57:49.545,14367.0,3.0,,,,,,,,,,,,,,,,,,,,,,,,
447,Flask-Excel,pyexcel-webwares/Flask-Excel,flask-utils,,https://github.com/pyexcel-webwares/Flask-Excel,1369.0,1364.0,8.0,https://github.com/pyexcel-webwares/Flask-Excel,BSD-3-Clause,2015-01-21 19:55:07.000,2020-11-10 23:13:19.000,87.0,11.0,257.0,"A flask extension using pyexcel to read, manipulate and write data in different excel formats: csv, ods, xls, xlsx and..",20,False,,,flask-excel,https://pypi.org/project/flask-excel,2017-07-20 02:40:14.000,2017-07-20 02:40:14.000,0.0.7,8.0,5.0,11301.0,11301.0,,,,3.0,,,,,,,,,,,,,,,,,,,,,,,,
448,pytest-splinter,pytest-dev/pytest-splinter,testing,,https://github.com/pytest-dev/pytest-splinter,632.0,616.0,31.0,https://github.com/pytest-dev/pytest-splinter,MIT,2014-02-16 17:03:35.000,2023-06-15 13:58:36.000,49.0,15.0,254.0,pytest splinter and selenium integration for anyone interested in browser interaction in tests.,20,False,,,pytest-splinter,https://pypi.org/project/pytest-splinter,2022-09-09 19:48:12.442,2022-09-09 19:48:12.442,3.3.2,74.0,16.0,48317.0,48317.0,,,,3.0,,,,,,,,,,,,,,,,,,,,,,,,
449,flask-rebar,plangrid/flask-rebar,flask-utils,,https://github.com/plangrid/flask-rebar,65.0,58.0,48.0,https://github.com/plangrid/flask-rebar,MIT,2018-02-26 17:39:13.000,2026-09-02 14:53:39.000,37.0,53.0,235.0,"Flask-Rebar combines flask, marshmallow, and swagger for robust REST services.",20,True,"['flask', 'openapi']",,flask-rebar,https://pypi.org/project/flask-rebar,2026-09-02 14:53:39.000,2026-09-02 14:53:39.000,3.5.0,57.0,7.0,2300.0,2300.0,,,,3.0,,,,,,,,,,,,,,,,,,,,,,,,
450,python-jwt,davedoesdev/python-jwt,auth,,https://github.com/davedoesdev/python-jwt,82.0,,5.0,https://github.com/davedoesdev/python-jwt,MIT,2013-09-30 08:03:49.000,2023-11-13 07:57:01.000,29.0,,222.0,Python module for generating and verifying JSON Web Tokens.,20,False,,,python-jwt,https://pypi.org/project/python-jwt,2023-11-13 07:57:01.000,2023-11-13 07:57:01.000,4.1.0,45.0,82.0,274238.0,274238.0,,,,3.0,2023-11-13 07:55:27,169.0,1.0,8.0,17.0,,,,,,,,,,,,,,,,,,,
451,guillotina,plone/guillotina,web-frameworks,,https://github.com/plone/guillotina,184.0,144.0,54.0,https://github.com/plone/guillotina,BSD-3-Clause,2017-03-01 16:12:44.000,2026-08-21 09:38:55.000,54.0,64.0,208.0,Python AsyncIO data API to manage billions of resources.,20,True,,,guillotina,https://pypi.org/project/guillotina,2026-08-21 09:38:55.000,2026-08-21 09:38:55.000,7.1.4,612.0,40.0,5649.0,5649.0,,,,3.0,,,,,,,,,,,,,,,,,,,,,,,,
452,python-graphql-client,prisma-labs/python-graphql-client,graphql,,https://github.com/prisma-labs/python-graphql-client,101.0,,6.0,https://github.com/prisma-labs/python-graphql-client,MIT,2016-05-12 12:09:18.000,2021-03-04 21:32:03.000,45.0,10.0,156.0,Simple GraphQL client for Python 2.7+.,20,False,,,python-graphql-client,https://pypi.org/project/python-graphql-client,2021-03-04 21:32:03.000,2021-03-04 21:32:03.000,0.4.3,9.0,101.0,453760.0,453760.0,,,,3.0,,,,,,,,,,,,,,,,,,,,,,,,
453,gabbi,cdent/gabbi,testing,,https://github.com/cdent/gabbi,12.0,,30.0,https://github.com/cdent/gabbi,Apache-2.0,2014-12-12 14:46:59.000,2026-09-18 16:59:10.000,36.0,25.0,152.0,Declarative HTTP Testing for Python and anything else.,20,True,,,gabbi,https://pypi.org/project/gabbi,2026-09-17 20:09:45.000,2026-09-17 20:09:45.000,4.2.3,136.0,12.0,16659.0,16659.0,,,,3.0,,,,,,,,,,,,,,,,,,,,,,,,
454,markdown-include,cmacmackin/markdown-include,markdown,,https://github.com/cmacmackin/markdown-include,8375.0,8103.0,12.0,https://github.com/cmacmackin/markdown-include,GPL-3.0,2015-01-09 01:12:35.000,2025-04-22 14:57:38.757,40.0,12.0,100.0,Provides syntax for Python-Markdown which allows for the inclusion of the contents of other Markdown documents.,20,False,,conda-forge/markdown-include,markdown-include,https://pypi.org/project/markdown-include,2023-02-07 09:49:00.957,2023-02-07 09:49:00.957,0.8.1,14.0,272.0,201747.0,202357.0,https://anaconda.org/conda-forge/markdown-include,2025-04-22 14:57:38.757,42703.0,3.0,,,,,,,,,,,,,,,,,,,,,,,,
455,pyramid_debugtoolbar,Pylons/pyramid_debugtoolbar,testing,,https://github.com/Pylons/pyramid_debugtoolbar,46.0,,71.0,https://github.com/Pylons/pyramid_debugtoolbar,BSD-3-Clause,2011-07-23 02:21:03.000,2025-09-04 19:05:24.000,83.0,43.0,96.0,Pyramid debug toolbar.,20,True,['pyramid'],conda-forge/pyramid_debugtoolbar,pyramid_debugtoolbar,https://pypi.org/project/pyramid_debugtoolbar,2024-02-05 03:40:27.000,2024-02-05 03:40:27.000,4.12.1,66.0,46.0,1645662.0,1645811.0,https://anaconda.org/conda-forge/pyramid_debugtoolbar,2025-04-22 14:57:47.760,9885.0,3.0,,,,,,,,,,,,,,,,,,,,,,,,
456,swagger-codegen,swagger-api/swagger-codegen,openapi-utils,,https://github.com/swagger-api/swagger-codegen,26.0,26.0,1248.0,https://github.com/swagger-api/swagger-codegen,Apache-2.0,2011-07-06 14:26:48.000,2026-08-04 06:49:33.000,5966.0,3447.0,17781.0,"swagger-codegen contains a template-driven engine to generate documentation, API clients and server stubs in different..",19,True,['openapi'],,,,,,,,,,,,,,3.0,,,,,,,io.swagger.codegen.v3.swagger-codegen-maven-plugin,,,,,,https://search.maven.org/artifact/io.swagger.codegen.v3.swagger-codegen-maven-plugin,,,,,,,,,,,
457,japronto,squeaky-pl/japronto,web-frameworks,,https://github.com/squeaky-pl/japronto,133.0,126.0,23.0,https://github.com/squeaky-pl/japronto,MIT,2016-10-26 19:51:32.000,2023-08-14 21:42:00.000,581.0,90.0,8612.0,Screaming-fast Python 3.5+ HTTP toolkit integrated with pipelining HTTP server based on uvloop and picohttpparser.,19,False,,,japronto,https://pypi.org/project/japronto,2018-11-09 13:14:51.000,2018-11-09 13:14:51.000,0.1.2,8.0,7.0,36.0,36.0,,,,3.0,,,,,,,,,,,,,,,,,,,,,,,,
458,vibora,vibora-io/vibora,web-frameworks,,https://github.com/vibora-io/vibora,118.0,116.0,28.0,https://github.com/vibora-io/vibora,MIT,2018-06-13 15:58:58.000,2020-12-23 01:00:55.000,303.0,140.0,5648.0,"Fast, asynchronous and elegant Python web framework.",19,False,,,vibora,https://pypi.org/project/vibora,2018-06-16 04:25:57.000,2018-06-16 04:25:57.000,0.0.6,8.0,2.0,487.0,487.0,,,,3.0,,,,,,,,,,,,,,,,,,,,,,,,
459,AutoRest,Azure/autorest,openapi-utils,,https://github.com/Azure/autorest,1033.0,1033.0,182.0,https://github.com/Azure/autorest,MIT,2015-02-20 23:02:54.000,2026-08-27 23:36:34.000,739.0,24.0,4798.0,"OpenAPI (f.k.a Swagger) Specification code generator. Supports C#, PowerShell, Go, Java, Node.js, TypeScript, Python.",19,True,['openapi'],,,,,,,,,,,,,,3.0,,,,,,,,,,,,,,,,,,,,,,,,
460,httprunner,httprunner/httprunner,testing,,https://github.com/httprunner/httprunner,7.0,,54.0,https://github.com/httprunner/httprunner,Apache-2.0,2017-06-13 03:54:29.000,2025-12-11 16:50:50.000,1283.0,501.0,4285.0,HttpRunner API/UI.,19,True,,,httprunner,https://pypi.org/project/httprunner,2023-07-23 06:59:10.000,2023-07-23 06:59:10.000,4.3.5,152.0,7.0,4964.0,4964.0,,,,3.0,,,,,,,,,,,,,,,,,,,,,,,,
461,pyload,pyload/pyload,others,,https://github.com/pyload/pyload,27.0,24.0,250.0,https://github.com/pyload/pyload,AGPL-3.0,2013-02-10 13:12:02.000,2026-09-10 21:17:50.000,753.0,216.0,3868.0,The free and open-source Download Manager written in pure Python.,19,True,,,pyload-ng,https://pypi.org/project/pyload-ng,2026-07-09 16:55:01.000,,,106.0,3.0,4181.0,4181.0,,,,3.0,,,,,,,,,,,,,,,,,,,,,,,,
462,Gerapy,Gerapy/Gerapy,web-scraping,,https://github.com/Gerapy/Gerapy,149.0,149.0,17.0,https://github.com/Gerapy/Gerapy,MIT,2017-06-30 03:58:27.000,2026-07-04 08:45:35.000,646.0,7.0,3504.0,"Distributed Crawler Management Framework Based on Scrapy, Scrapyd, Django and Vue.js.",19,True,['django'],,gerapy,https://pypi.org/project/gerapy,2023-07-19 18:53:46.000,2023-07-19 18:53:46.000,0.9.13,49.0,,279.0,279.0,,,,3.0,,,,,,,,,,,,,,,,,,,,,,,,
463,python-instagram,facebookarchive/python-instagram,third-party-apis,,https://github.com/facebookarchive/python-instagram,5.0,,52.0,https://github.com/facebookarchive/python-instagram,MIT,2011-02-02 02:45:23.000,2020-10-01 16:22:11.000,1098.0,118.0,3039.0,Python Client for Instagram API.,19,False,,,python-instagram,https://pypi.org/project/python-instagram,2015-07-22 15:56:56.000,2015-07-22 15:56:56.000,1.3.2,14.0,5.0,3515.0,3515.0,,,,3.0,,,,,,,,,,,,,,,,,,,,,,,,
464,python-oauth2,joestump/python-oauth2,auth,,https://github.com/joestump/python-oauth2,5.0,,42.0,https://github.com/joestump/python-oauth2,MIT,2009-10-21 17:21:07.000,2025-04-22 14:56:38.881,907.0,75.0,3003.0,"A fully tested, abstract interface to creating OAuth clients and servers.",19,False,,conda-forge/python-oauth2,python-oauth2,https://pypi.org/project/python-oauth2,2019-06-28 17:57:45.000,2019-06-28 17:57:45.000,1.1.1,13.0,5.0,23656.0,28414.0,https://anaconda.org/conda-forge/python-oauth2,2025-04-22 14:56:38.881,95167.0,3.0,,,,,,,,,,,,,,,,,,,,,,,,
465,scrapely,scrapy/scrapely,web-scraping,,https://github.com/scrapy/scrapely,155.0,152.0,25.0,https://github.com/scrapy/scrapely,BSD-3-Clause,2011-04-18 22:38:56.000,2022-04-04 10:53:21.000,275.0,32.0,1883.0,A pure-python HTML screen-scraping library.,19,False,,,scrapely,https://pypi.org/project/scrapely,2019-11-28 11:03:32.000,2019-11-28 11:03:32.000,0.14.1,13.0,3.0,458.0,458.0,,,,3.0,,,,,,,,,,,,,,,,,,,,,,,,
466,requestium,tryolabs/requestium,testing,,https://github.com/tryolabs/requestium,115.0,109.0,18.0,https://github.com/tryolabs/requestium,BSD-3-Clause,2017-06-30 19:07:16.000,2026-02-02 00:36:32.000,145.0,8.0,1837.0,Integration layer between Requests and Selenium for automation of web actions.,19,True,,,requestium,https://pypi.org/project/requestium,2026-01-19 16:59:35.000,2026-01-19 16:59:35.000,0.5.1,23.0,6.0,40004.0,40004.0,,,,3.0,,,,,,,,,,,,,,,,,,,,,,,,
467,wdb,Kozea/wdb,testing,,https://github.com/Kozea/wdb,281.0,272.0,22.0,https://github.com/Kozea/wdb,GPL-3.0,2012-10-05 16:40:23.000,2022-12-06 14:33:43.000,121.0,40.0,1584.0,An improbable web debugger through WebSockets.,19,False,,,wdb,https://pypi.org/project/wdb,2019-09-16 09:25:54.000,2019-09-16 09:25:54.000,3.3.0,53.0,9.0,7318.0,7318.0,,,,3.0,,,,,,,,,,,,,,,,,,,,,,,,
468,emmett,emmett-framework/emmett,web-frameworks,,https://github.com/emmett-framework/emmett,103.0,95.0,25.0,https://github.com/emmett-framework/emmett,BSD-3-Clause,2014-10-20 20:23:26.000,2026-04-07 09:44:27.000,73.0,40.0,1213.0,The web framework for inventors.,19,True,,,emmett,https://pypi.org/project/emmett,2026-04-07 09:44:27.000,2026-04-07 09:44:27.000,2.8.1,61.0,8.0,472.0,472.0,,,,3.0,,,,,,,,,,,,,,,,,,,,,,,,
469,pyresttest,svanoort/pyresttest,testing,,https://github.com/svanoort/pyresttest,128.0,128.0,17.0,https://github.com/svanoort/pyresttest,Apache-2.0,2014-05-01 23:40:10.000,2025-04-22 14:56:50.530,326.0,132.0,1156.0,Python Rest Testing.,19,False,,conda-forge/pyresttest,pyresttest,https://pypi.org/project/pyresttest,2016-03-15 03:13:33.000,2016-03-15 03:13:33.000,1.7.1,14.0,,1866.0,2970.0,https://anaconda.org/conda-forge/pyresttest,2025-04-22 14:56:50.530,110401.0,3.0,,,,,,,,,,,,,,,,,,,,,,,,
470,mixer,klen/mixer,testing,,https://github.com/klen/mixer,18.0,,43.0,https://github.com/klen/mixer,BSD-3-Clause,2013-05-19 13:49:50.000,2024-03-08 09:29:07.000,96.0,49.0,939.0,"Mixer -- Is a fixtures replacement. Supported Django, Flask, SqlAlchemy and custom python objects.",19,False,"['flask', 'django']",,mixer,https://pypi.org/project/mixer,2022-03-23 14:39:31.000,2022-03-23 14:39:31.000,7.2.2,157.0,18.0,167856.0,167856.0,,,,3.0,,,,,,,,,,,,,,,,,,,,,,,,
471,fastapi-socketio,pyropy/fastapi-socketio,fastapi-utils,,https://github.com/pyropy/fastapi-socketio,68.0,,7.0,https://github.com/pyropy/fastapi-socketio,Apache-2.0,2020-09-11 15:22:31.000,2023-11-26 03:02:26.000,33.0,23.0,419.0,Easily integrate socket.io with your FastAPI app.,19,False,['fastapi'],,fastapi-socketio,https://pypi.org/project/fastapi-socketio,2023-03-03 08:42:00.907,2023-03-03 08:42:00.907,0.0.10,14.0,68.0,62034.0,62034.0,,,,3.0,2023-03-03 08:44:22,44.0,1.0,16.0,16.0,,,,,,,,,,,,,,,,,,,
472,Starlette Prometheus,perdy/starlette-prometheus,monitoring,,https://github.com/perdy/starlette-prometheus,505.0,480.0,17.0,https://github.com/perdy/starlette-prometheus,GPL-3.0,2019-01-10 15:49:38.000,2024-09-03 09:48:15.000,32.0,15.0,377.0,Prometheus integration for Starlette.,19,False,['fastapi'],,starlette-prometheus,https://pypi.org/project/starlette-prometheus,2024-09-03 09:48:15.000,2024-09-03 09:48:15.000,0.10.0,11.0,25.0,185382.0,185382.0,,,,3.0,,,,,,,,,,,,,,,,,,,,,,,,
473,django-smuggler,semente/django-smuggler,admin-ui,,https://github.com/semente/django-smuggler,193.0,193.0,22.0,https://github.com/semente/django-smuggler,LGPL-3.0,2009-12-11 20:59:14.000,2022-09-03 21:45:56.000,34.0,8.0,374.0,Django Smuggler is a pluggable application for Django Web Framework that helps you to import/export fixtures via the..,19,False,['django'],,django-smuggler,https://pypi.org/project/django-smuggler,2022-02-03 13:30:53.000,2022-02-03 13:30:53.000,1.0.4,16.0,,11747.0,11747.0,,,,3.0,,,,,,,,,,,,,,,,,,,,,,,,
474,flask-praetorian,dusktreader/flask-praetorian,auth,,https://github.com/dusktreader/flask-praetorian,458.0,456.0,27.0,https://github.com/dusktreader/flask-praetorian,MIT,2016-11-23 16:47:18.000,2025-08-19 01:56:49.000,47.0,4.0,349.0,"Strong, Simple, and Precise security for Flask APIs (using jwt).",19,False,['flask'],,flask-praetorian,https://pypi.org/project/flask-praetorian,2025-08-19 01:56:49.000,2025-08-19 01:56:49.000,1.6.2,51.0,2.0,4558.0,4558.0,,,,3.0,,,,,,,,,,,,,,,,,,,,,,,,
475,velruse,bbangert/velruse,auth,,https://github.com/bbangert/velruse,833.0,831.0,43.0,https://github.com/bbangert/velruse,MIT,2010-04-30 19:23:27.000,2017-08-25 08:16:27.000,91.0,37.0,253.0,Simplifying third-party authentication for web applications.,19,False,,,velruse,https://pypi.org/project/velruse,2013-08-30 04:51:31.000,2013-08-30 04:51:31.000,1.1.1,10.0,2.0,6277.0,6277.0,,,,3.0,,,,,,,,,,,,,,,,,,,,,,,,
476,graphene-pydantic,graphql-python/graphene-pydantic,graphql,,https://github.com/graphql-python/graphene-pydantic,3.0,,25.0,https://github.com/graphql-python/graphene-pydantic,Apache-2.0,2019-06-20 00:49:40.000,2026-05-22 20:57:37.000,47.0,19.0,249.0,Integrate GraphQL with your Pydantic models.,19,True,['graphql'],,graphene-pydantic,https://pypi.org/project/graphene-pydantic,2024-02-01 18:37:26.000,2024-02-01 18:37:26.000,0.6.1,13.0,3.0,606402.0,606402.0,,,,3.0,,,,,,,,,,,,,,,,,,,,,,,,
477,flask-s3,e-dard/flask-s3,flask-utils,,https://github.com/e-dard/flask-s3,548.0,541.0,26.0,https://github.com/e-dard/flask-s3,WTFPL,2012-10-01 18:08:11.000,2023-08-26 19:08:06.000,88.0,19.0,200.0,Seamlessly serve your static assets of your Flask app from Amazon S3.,19,False,,,flask-s3,https://pypi.org/project/flask-s3,2017-02-23 20:44:59.000,2017-02-23 20:44:59.000,0.3.3,30.0,7.0,12843.0,12843.0,,,,3.0,,,,,,,,,,,,,,,,,,,,,,,,
478,reppy,seomoz/reppy,others,,https://github.com/seomoz/reppy,226.0,206.0,24.0,https://github.com/seomoz/reppy,MIT,2011-10-29 00:06:46.000,2024-01-12 05:07:07.000,41.0,26.0,196.0,Modern robots.txt Parser for Python.,19,False,,,reppy,https://pypi.org/project/reppy,2019-09-16 19:32:19.000,2019-09-16 19:32:19.000,0.4.14,24.0,20.0,1946.0,1946.0,,,,3.0,,,,,,,,,,,,,,,,,,,,,,,,
479,pyramid_openapi3,Pylons/pyramid_openapi3,openapi-utils,,https://github.com/Pylons/pyramid_openapi3,146.0,146.0,29.0,https://github.com/Pylons/pyramid_openapi3,MIT,2018-06-22 12:20:57.000,2026-06-10 08:17:52.000,47.0,23.0,84.0,Pyramid addon for OpenAPI3 validation of requests and responses.,19,True,"['pyramid', 'openapi']",,pyramid_openapi3,https://pypi.org/project/pyramid_openapi3,2026-06-10 08:17:52.000,2026-06-10 08:17:52.000,0.22.0,9.0,,27932.0,27932.0,,,,3.0,,,,,,,,,,,,,,,,,,,,,,,,
480,Mockoon,mockoon/mockoon,testing,,https://github.com/mockoon/mockoon,229.0,229.0,69.0,https://github.com/mockoon/mockoon,MIT,2017-07-17 13:19:16.000,2026-09-16 13:19:57.000,477.0,31.0,8408.0,"Mockoon is the easiest and quickest way to run mock APIs locally. No remote deployment, no account required, open..",18,True,['openapi'],,,,,,,,,,,,,,3.0,,,,,,,,,,,,,,,,,,,,,,,,
481,ngxtop,lebinh/ngxtop,monitoring,,https://github.com/lebinh/ngxtop,40.0,40.0,10.0,https://github.com/lebinh/ngxtop,MIT,2014-03-21 15:39:52.000,2022-10-06 19:58:56.000,474.0,63.0,6525.0,Real-time metrics for nginx server.,18,False,,,ngxtop,https://pypi.org/project/ngxtop,2020-12-21 00:51:09.000,2020-12-21 00:51:09.000,0.0.3,3.0,,2497.0,2497.0,,,,3.0,,,,,,,,,,,,,,,,,,,,,,,,
482,httpstat,reorx/httpstat,http-clients,,https://github.com/reorx/httpstat,20.0,20.0,6.0,https://github.com/reorx/httpstat,MIT,2016-08-30 06:30:59.000,2026-04-08 09:33:32.000,385.0,8.0,6254.0,curl statistics made simple.,18,True,,,httpstat,https://pypi.org/project/httpstat,2026-04-08 09:33:32.000,2026-04-08 09:33:32.000,2.0.0,10.0,,839.0,839.0,,,,3.0,,,,,,,,,,,,,,,,,,,,,,,,
483,AutoScraper,alirezamika/autoscraper,web-scraping,,https://github.com/alirezamika/autoscraper,2.0,,8.0,https://github.com/alirezamika/autoscraper,MIT,2020-08-31 12:02:19.000,2024-10-08 07:54:30.000,652.0,12.0,6223.0,"A Smart, Automatic, Fast and Lightweight Web Scraper for Python.",18,False,,,autoscraper,https://pypi.org/project/autoscraper,2022-07-17 17:20:18.601,2022-07-17 17:20:18.601,1.1.14,16.0,2.0,232173.0,232173.0,,,,3.0,,,,,,,,,,,,,,,,,,,,,,,,
484,twitter-scraper,bisguzar/twitter-scraper,third-party-apis,,https://github.com/bisguzar/twitter-scraper,12.0,,31.0,https://github.com/bisguzar/twitter-scraper,MIT,2018-02-22 14:58:34.000,2023-02-08 02:26:40.000,604.0,51.0,3631.0,Scrape the Twitter Frontend API without authentication.,18,False,,,twitter-scraper,https://pypi.org/project/twitter-scraper,2020-07-17 18:56:19.000,2020-07-17 18:56:19.000,0.4.4,11.0,12.0,196.0,196.0,,,,3.0,,,,,,,,,,,,,,,,,,,,,,,,
485,urlwatch,thp/urlwatch,others,,https://github.com/thp/urlwatch,27.0,27.0,97.0,https://github.com/thp/urlwatch,BSD-3-Clause,2014-01-29 18:42:20.000,2026-02-04 20:48:24.000,355.0,90.0,3040.0,"Watch (parts of) webpages and get notified when something changes via e-mail, on your phone or via other means. Highly..",18,True,,,urlwatch,https://pypi.org/project/urlwatch,2024-12-10 11:58:32.000,,,38.0,,2070.0,2070.0,,,,3.0,,,,,,,,,,,,,,,,,,,,,,,,
486,flaskbb,flaskbb/flaskbb,web-ui,,https://github.com/flaskbb/flaskbb,50.0,40.0,82.0,https://github.com/flaskbb/flaskbb,,2013-09-11 08:39:17.000,2026-07-21 19:42:32.000,666.0,27.0,2662.0,A classic Forum Software in Python using Flask.,18,False,['flask'],,FlaskBB,https://pypi.org/project/FlaskBB,2026-02-18 18:47:58.000,2026-02-18 18:47:58.000,2.2.0,5.0,10.0,911.0,911.0,,,,3.0,,,,,,,,,,,,,,,,,,,,,,,,
487,sandman2,jeffknupp/sandman2,others,,https://github.com/jeffknupp/sandman2,30.0,30.0,23.0,https://github.com/jeffknupp/sandman2,Apache-2.0,2014-10-24 17:21:50.000,2026-09-07 16:59:41.000,217.0,45.0,2041.0,Automatically generate a RESTful API service for your legacy database. No code required!.,18,True,,,sandman2,https://pypi.org/project/sandman2,2021-12-15 15:31:18.692,2021-12-15 15:31:18.692,0.0.2,29.0,,94.0,94.0,,,,3.0,,,,,,,,,,,,,,,,,,,,,,,,
488,gmail,charlierguo/gmail,email,,https://github.com/charlierguo/gmail,9.0,,14.0,https://github.com/charlierguo/gmail,MIT,2013-07-29 03:46:41.000,2023-07-09 19:49:08.000,385.0,60.0,1765.0,A Pythonic interface for Google Mail.,18,False,,,gmail,https://pypi.org/project/gmail,2017-08-07 19:59:52.000,2017-08-07 19:59:52.000,0.6.3,10.0,9.0,20266.0,20266.0,,,,3.0,,,,,,,,,,,,,,,,,,,,,,,,
489,ruia,howie6879/ruia,web-scraping,,https://github.com/howie6879/ruia,86.0,75.0,17.0,https://github.com/howie6879/ruia,Apache-2.0,2018-07-10 01:12:54.000,2022-08-21 07:26:09.000,179.0,7.0,1685.0,Async Python 3.6+ web scraping micro-framework based on asyncio.,18,False,,,ruia,https://pypi.org/project/ruia,2021-05-07 01:36:59.000,2022-09-06 08:56:03.702,0.8.5,55.0,11.0,280.0,280.0,,,,3.0,,,,,,,,,,,,,,,,,,,,,,,,
490,hyde,hyde/hyde,others,,https://github.com/hyde/hyde,100.0,98.0,43.0,https://github.com/hyde/hyde,MIT,2011-01-07 09:52:20.000,2024-09-23 13:12:27.000,246.0,68.0,1633.0,A Python Static Website Generator (See https://duct-ui.org from the author).,18,False,,,hyde,https://pypi.org/project/hyde,2015-11-09 13:50:15.000,2015-11-09 13:50:15.000,0.8.9,16.0,2.0,128.0,128.0,,,,3.0,,,,,,,,,,,,,,,,,,,,,,,,
491,feincms,feincms/feincms,cms,,https://github.com/feincms/feincms,15.0,,141.0,https://github.com/feincms/feincms,BSD-3-Clause,2009-01-27 20:34:16.000,2026-02-11 09:42:24.000,238.0,26.0,1060.0,A Django-based CMS with a focus on extensibility and concise code.,18,True,['django'],,feincms,https://pypi.org/project/feincms,2026-02-11 09:42:20.000,2026-02-11 09:42:20.000,26.2.1,121.0,15.0,5674.0,5674.0,,,,3.0,,,,,,,,,,,,,,,,,,,,,,,,
492,authomatic,authomatic/authomatic,auth,,https://github.com/authomatic/authomatic,10.0,,49.0,https://github.com/authomatic/authomatic,MIT,2013-02-07 14:13:35.000,2025-10-21 10:33:52.000,390.0,49.0,1046.0,Simple yet powerful authorization / authentication client library for Python web applications.,18,True,,,authomatic,https://pypi.org/project/authomatic,2024-05-28 14:06:02.000,2024-05-28 14:06:02.000,1.3.0,23.0,10.0,4526.0,4526.0,,,,3.0,,,,,,,,,,,,,,,,,,,,,,,,
493,Flask-MonitoringDashboard,flask-dashboard/Flask-MonitoringDashboard,monitoring,,https://github.com/flask-dashboard/Flask-MonitoringDashboard,11.0,,48.0,https://github.com/flask-dashboard/Flask-MonitoringDashboard,MIT,2017-04-11 13:50:14.000,2026-06-29 20:18:47.000,166.0,74.0,828.0,Automatically monitor the evolving performance of Flask/Python web services.,18,True,['flask'],,flask-monitoringdashboard,https://pypi.org/project/flask-monitoringdashboard,2025-11-14 15:03:38.000,2025-11-14 15:03:38.000,5.0.2,61.0,11.0,6690.0,6690.0,,,,3.0,,,,,,,,,,,,,,,,,,,,,,,,
494,gazpacho,maxhumber/gazpacho,web-scraping,,https://github.com/maxhumber/gazpacho,364.0,348.0,16.0,https://github.com/maxhumber/gazpacho,MIT,2019-09-23 20:21:55.000,2023-12-07 03:03:36.000,57.0,16.0,762.0,"The simple, fast, and modern web scraping library.",18,False,,,gazpacho,https://pypi.org/project/gazpacho,2020-10-09 12:50:18.000,2020-07-07 17:58:59.000,0.9.4,19.0,16.0,4782.0,4782.0,,,,3.0,,,,,,,,,,,,,,,,,,,,,,,,
495,fastapi-jwt-auth,IndominusByte/fastapi-jwt-auth,auth,,https://github.com/IndominusByte/fastapi-jwt-auth,14.0,,4.0,https://github.com/IndominusByte/fastapi-jwt-auth,MIT,2020-07-23 09:40:19.000,2024-04-12 06:58:02.000,158.0,62.0,665.0,"FastAPI extension that provides JWT Auth support (secure, easy to use, and lightweight).",18,False,['fastapi'],,fastapi-jwt-auth,https://pypi.org/project/fastapi-jwt-auth,2020-10-07 08:57:53.000,2020-11-06 11:12:33.378,0.5.0,7.0,14.0,34330.0,34330.0,,,,3.0,,,,,,,,,,,,,,,,,,,,,,,,
496,fastapi-sqlalchemy,mfreeborn/fastapi-sqlalchemy,fastapi-utils,,https://github.com/mfreeborn/fastapi-sqlalchemy,12.0,3.0,10.0,https://github.com/mfreeborn/fastapi-sqlalchemy,MIT,2019-11-03 16:30:26.000,2024-04-09 04:47:10.000,39.0,20.0,622.0,Adds simple SQLAlchemy support to FastAPI.,18,False,['fastapi'],,fastapi-sqlalchemy,https://pypi.org/project/fastapi-sqlalchemy,2020-09-25 16:26:29.000,2020-09-25 16:26:29.000,0.2.1,9.0,9.0,62786.0,62786.0,,,,3.0,,,,,,,,,,,,,,,,,,,,,,,,
497,django-graphql-auth,PedroBern/django-graphql-auth,graphql,,https://github.com/PedroBern/django-graphql-auth,748.0,748.0,16.0,https://github.com/PedroBern/django-graphql-auth,MIT,2020-01-15 16:36:01.000,2023-08-14 18:47:11.000,99.0,75.0,321.0,Django registration and authentication with GraphQL.,18,False,['django'],,django-graphql-auth,https://pypi.org/project/django-graphql-auth,2020-11-16 13:18:58.000,2020-11-16 13:18:58.000,0.3.15,37.0,,4257.0,4257.0,,,,3.0,,,,,,,,,,,,,,,,,,,,,,,,
498,mailer,marrow/mailer,email,,https://github.com/marrow/mailer,7.0,,22.0,https://github.com/marrow/mailer,MIT,2011-03-13 05:21:26.000,2025-08-28 14:55:58.010,60.0,20.0,283.0,"A light-weight, modular, message representation and mail delivery framework for Python.",18,False,,conda-forge/mailer,mailer,https://pypi.org/project/mailer,2015-04-22 03:10:28.000,2015-04-22 03:10:28.000,0.8.1,8.0,7.0,96971.0,98653.0,https://anaconda.org/conda-forge/mailer,2025-08-28 14:55:58.010,119457.0,3.0,,,,,,,,,,,,,,,,,,,,,,,,
499,Flask-Opentracing,opentracing-contrib/python-flask,flask-utils,,https://github.com/opentracing-contrib/python-flask,573.0,550.0,16.0,https://github.com/opentracing-contrib/python-flask,BSD-3-Clause,2016-07-20 17:14:48.000,2024-02-29 21:31:57.000,47.0,9.0,136.0,OpenTracing instrumentation for the Flask microframework.,18,False,['flask'],,Flask-Opentracing,https://pypi.org/project/Flask-Opentracing,2024-02-29 21:31:57.000,2024-02-29 21:31:57.000,2.0.0,13.0,23.0,21848.0,21848.0,,,,3.0,,,,,,,,,,,,,,,,,,,,,,,,
500,aresponses,aresponses/aresponses,testing,,https://github.com/aresponses/aresponses,791.0,773.0,15.0,https://github.com/aresponses/aresponses,MIT,2017-09-06 08:54:59.000,2024-07-11 15:20:18.000,19.0,5.0,107.0,Asyncio http mocking. Similar to the responses library used for requests.,18,False,,,aresponses,https://pypi.org/project/aresponses,2024-01-12 05:36:33.000,2024-01-12 05:36:33.000,3.0.0,25.0,18.0,134504.0,134504.0,,,,3.0,,,,,,,,,,,,,,,,,,,,,,,,
501,pyramid_jinja2,Pylons/pyramid_jinja2,pyramid-utils,,https://github.com/Pylons/pyramid_jinja2,37.0,,52.0,https://github.com/Pylons/pyramid_jinja2,,2010-10-31 16:21:44.000,2026-09-02 13:28:34.941,59.0,7.0,71.0,Jinja2 templating system bindings for the Pyramid web framework.,18,False,['pyramid'],anaconda/pyramid_jinja2,pyramid_jinja2,https://pypi.org/project/pyramid_jinja2,2024-02-08 06:08:17.000,2024-02-08 06:08:17.000,2.10.1,41.0,37.0,1639655.0,1639671.0,https://anaconda.org/anaconda/pyramid_jinja2,2026-09-02 13:28:34.941,2089.0,1.0,,,,,,,,,,,,,,,,,,,,,,BSD-based,,
502,GoAccess,allinurl/goaccess,monitoring,,https://github.com/allinurl/goaccess,24.0,24.0,189.0,https://github.com/allinurl/goaccess,MIT,2013-07-14 03:42:08.000,2026-04-23 22:31:12.000,1177.0,443.0,20507.0,GoAccess is a real-time web log analyzer and interactive viewer that runs in a terminal in *nix systems or through..,17,True,,,,,,,,,,,,,,,3.0,,,,,,,,,,,,,,,,,,,,goaccess,,,goaccess,
503,Photon,s0md3v/Photon,web-scraping,,https://github.com/s0md3v/Photon,,,21.0,https://github.com/s0md3v/Photon,GPL-3.0,2018-03-30 19:38:22.000,2024-08-16 05:39:15.000,1515.0,53.0,10994.0,Incredibly fast crawler designed for OSINT.,17,False,,,photon,https://pypi.org/project/photon,2019-01-25 01:13:36.000,2018-10-21 03:39:17.000,1.1.9,18.0,,1067.0,1067.0,,,,3.0,,,,,,,,,,,,,,,,,,,,,,,,
504,instagram-scraper,arc298/instagram-scraper,third-party-apis,,https://github.com/arc298/instagram-scraper,12.0,,54.0,https://github.com/arc298/instagram-scraper,Unlicense,2013-04-09 03:12:09.000,2024-02-20 07:37:04.000,1364.0,420.0,6873.0,Scrapes an instagram users photos and videos.,17,False,,,instagram-scraper,https://pypi.org/project/instagram-scraper,2024-02-20 07:37:04.000,2024-02-20 07:37:04.000,66.0.3,77.0,12.0,,,,,,3.0,,,,,,,,,,,,,,,,,,,,,,,,
505,ProxyBroker,constverum/Proxybroker,others,,https://github.com/constverum/Proxybroker,6.0,,9.0,https://github.com/constverum/Proxybroker,Apache-2.0,2015-10-11 15:13:37.000,2024-03-18 18:41:12.000,1078.0,102.0,3812.0,Proxy [Finder | Checker | Server]. HTTP(S) & SOCKS.,17,False,,,proxybroker,https://pypi.org/project/proxybroker,2019-03-12 19:47:46.000,2019-03-12 19:47:46.000,0.3.2,12.0,6.0,5023.0,5023.0,,,,3.0,,,,,,,,,,,,,,,,,,,,,,,,
506,Grab,lorien/grab,web-scraping,,https://github.com/lorien/grab,5.0,,67.0,https://github.com/lorien/grab,MIT,2013-05-01 08:10:22.000,2025-09-18 14:33:58.000,275.0,2.0,2414.0,Web Scraping Framework.,17,True,,,grab,https://pypi.org/project/grab,2025-09-18 14:33:58.000,2025-09-18 14:33:58.000,1.2.0,124.0,5.0,1001.0,1001.0,,,,3.0,,,,,,-3.0,,,,,,,,,,,,,,,,,,
507,fsociety,fsociety-team/fsociety,testing,,https://github.com/fsociety-team/fsociety,17.0,17.0,12.0,https://github.com/fsociety-team/fsociety,MIT,2020-05-17 04:35:05.000,2025-11-24 19:00:49.000,193.0,17.0,1619.0,A Modular Penetration Testing Framework.,17,True,,,fsociety,https://pypi.org/project/fsociety,2022-05-01 02:06:45.000,2023-06-16 22:29:00.871,3.2.9,29.0,,843.0,843.0,,,,3.0,,,,,,,,,,,,,,,,,,,,,,,,
508,ucall,unum-cloud/ucall,rpc,,https://github.com/unum-cloud/ucall,64.0,63.0,14.0,https://github.com/unum-cloud/ucall,Apache-2.0,2023-01-03 10:23:50.000,2025-09-16 13:07:15.000,54.0,14.0,1327.0,"Web Serving and Remote Procedure Calls at 50x lower latency and 70x higher bandwidth than FastAPI, implementing JSON-..",17,True,,,ucall,https://pypi.org/project/ucall,2024-04-15 06:07:54.000,2024-04-15 06:07:54.000,0.5.4,6.0,1.0,440.0,440.0,,,,3.0,,,,,,,,,,,,,,,,,,,,,,,,
509,django-summernote,summernote/django-summernote,django-utils,,http://github.com/summernote/django-summernote,5.0,,73.0,,MIT,,2021-10-14 21:54:58.000,226.0,,1047.0,Summernote plugin for Django.,17,False,['django'],,django-summernote,https://pypi.org/project/django-summernote,2021-10-14 21:54:58.000,2017-05-04 13:54:21.000,0.8.7,73.0,5.0,105621.0,105621.0,,,,3.0,,,,,,,,,,,,,,,,,,,,,,,,
510,tartiflette,tartiflette/tartiflette,graphql,,https://github.com/tartiflette/tartiflette,22.0,,27.0,https://github.com/tartiflette/tartiflette,MIT,2018-01-26 09:56:10.000,2023-09-11 07:49:27.000,35.0,20.0,859.0,GraphQL Engine built with Python 3.6+ / asyncio.,17,False,,,tartiflette,https://pypi.org/project/tartiflette,2021-11-15 11:05:00.000,2021-11-15 11:05:00.000,1.4.1,80.0,22.0,5945.0,5945.0,,,,3.0,,,,,,,,,,,,,,,,,,,,,,,,
511,fastapi-versioning,DeanWay/fastapi-versioning,fastapi-utils,,https://github.com/DeanWay/fastapi-versioning,16.0,,16.0,https://github.com/DeanWay/fastapi-versioning,MIT,2019-12-02 23:40:07.000,2023-07-25 14:20:52.000,63.0,35.0,846.0,api versioning for fastapi web applications.,17,False,['fastapi'],,fastapi-versioning,https://pypi.org/project/fastapi-versioning,2021-08-24 17:06:33.000,2021-08-24 17:06:33.000,0.10.0,10.0,16.0,59216.0,59216.0,,,,3.0,,,,,,,,,,,,,,,,,,,,,,,,
512,fastapi_contrib,identixone/fastapi_contrib,fastapi-utils,,https://github.com/identixone/fastapi_contrib,13.0,,12.0,https://github.com/identixone/fastapi_contrib,MIT,2019-08-21 20:51:35.000,2022-09-12 13:55:21.000,29.0,15.0,641.0,Opinionated set of utilities on top of FastAPI.,17,False,['fastapi'],,fastapi_contrib,https://pypi.org/project/fastapi_contrib,2021-06-03 13:49:33.000,2021-06-03 13:49:33.000,0.2.11,34.0,13.0,11812.0,11812.0,,,,3.0,,,,,,,,,,,,,,,,,,,,,,,,
513,tornadio2,mrjoes/tornadio2,websocket,,https://github.com/mrjoes/tornadio2,210.0,210.0,15.0,https://github.com/mrjoes/tornadio2,Apache-2.0,2011-09-28 10:15:54.000,2021-12-15 13:51:02.491,117.0,13.0,529.0,Python socket.io server implementation on top of Tornado framework.,17,False,,,tornadio2,https://pypi.org/project/tornadio2,2021-12-15 13:51:02.491,2021-12-15 13:51:02.491,0.0.1,4.0,,590.0,590.0,,,,3.0,,,,,,,,,,,,,,,,,,,,,,,,
514,flask-mongorest,closeio/flask-mongorest,web-frameworks,,https://github.com/closeio/flask-mongorest,53.0,53.0,18.0,https://github.com/closeio/flask-mongorest,BSD-3-Clause,2012-06-12 18:40:14.000,2024-01-23 12:59:32.000,88.0,24.0,521.0,Restful API framework wrapped around MongoEngine.,17,False,['flask'],,Flask-MongoRest,https://pypi.org/project/Flask-MongoRest,2019-08-26 10:51:10.000,2019-08-26 10:51:10.000,0.3.0,7.0,,1921.0,1921.0,,,,3.0,,,,,,,,,,,,,,,,,,,,,,,,
515,golem,golemhq/golem,testing,,https://github.com/golemhq/golem,8.0,7.0,21.0,https://github.com/golemhq/golem,MIT,2016-01-11 19:43:42.000,2022-02-07 13:15:15.000,75.0,16.0,486.0,A complete test automation tool.,17,False,,,golem-framework,https://pypi.org/project/golem-framework,2021-07-30 15:31:26.000,2021-07-30 15:38:36.000,0.10.1,36.0,1.0,71.0,72.0,,,,3.0,2021-11-16 00:44:19,643.0,5.0,99.0,120.0,,,,,,,,,,,,,,,,,,,101.0
516,fastapi-plugins,madkote/fastapi-plugins,fastapi-utils,,https://github.com/madkote/fastapi-plugins,119.0,115.0,3.0,https://github.com/madkote/fastapi-plugins,MIT,2019-11-20 11:41:50.000,2025-07-09 21:03:39.000,26.0,2.0,469.0,FastAPI framework plugins.,17,False,['fastapi'],,fastapi-plugins,https://pypi.org/project/fastapi-plugins,2025-07-09 21:00:09.000,2025-07-09 21:00:09.000,0.14.0,23.0,4.0,7791.0,7791.0,,,,3.0,,,,,,,,,,,,,,,,,,,,,,,,
517,molotov,loads/molotov,testing,,https://molotov.readthedocs.io,162.0,156.0,17.0,,Apache-2.0,,2022-10-21 18:37:01.226,31.0,,455.0,Spiffy load testing tool.,17,False,,,molotov,https://pypi.org/project/molotov,2022-10-21 18:37:01.226,2017-03-22 08:05:08.000,0.6.2,21.0,6.0,216324.0,216324.0,,,,3.0,,,,,,,,,,,,,,,,,,,,,,,,
518,flask-jsonrpc,cenobites/flask-jsonrpc,flask-utils,,https://github.com/cenobites/flask-jsonrpc,289.0,289.0,19.0,https://github.com/cenobites/flask-jsonrpc,BSD-3-Clause,2012-12-14 18:33:24.000,2025-12-09 12:35:45.000,62.0,1.0,295.0,Basic JSON-RPC implementation for your Flask-powered sites.,17,True,['flask'],,rpc,https://pypi.org/project/rpc,2012-04-28 13:01:16.000,2012-04-28 13:01:16.000,0.1.3,15.0,,161.0,161.0,,,,3.0,,,,,,,,,,,,,,,,,,,,,,,,
519,flask-msearch,honmaple/flask-msearch,flask-utils,,https://github.com/honmaple/flask-msearch,618.0,618.0,4.0,https://github.com/honmaple/flask-msearch,BSD-3-Clause,2017-04-15 16:31:48.000,2024-01-16 05:07:23.000,30.0,8.0,228.0,Full text search for flask.,17,False,['flask'],,flask-msearch,https://pypi.org/project/flask-msearch,2024-01-16 05:06:56.000,2020-05-18 15:17:04.000,0.2.9,24.0,,515.0,515.0,,,,3.0,,,,,,,,,,,,,,,,,,,,,,,,
520,fastapi_cache,comeuplater/fastapi_cache,fastapi-utils,,https://github.com/comeuplater/fastapi_cache,363.0,359.0,7.0,https://github.com/comeuplater/fastapi_cache,MIT,2020-07-26 08:07:35.000,2021-09-30 07:18:28.000,19.0,9.0,218.0,FastAPI simple cache.,17,False,['fastapi'],,fastapi_cache,https://pypi.org/project/fastapi_cache,2021-02-12 14:58:56.000,2021-02-12 14:58:56.000,0.1.0,6.0,4.0,7328.0,7328.0,,,,3.0,,,,,,,,,,,,,,,,,,,,,,,,
521,flask_simplelogin,flask-extensions/flask_simplelogin,auth,,https://flask-simple-login.readthedocs.io,143.0,139.0,12.0,,MIT,,2026-05-04 12:42:07.000,43.0,,204.0,Flask Simple Login - Login Extension for Flask.,17,True,['flask'],,flask_simplelogin,https://pypi.org/project/flask_simplelogin,2026-05-04 12:42:07.000,2026-05-04 12:42:07.000,0.3.0,14.0,4.0,20915.0,20915.0,,,,3.0,,,,,,,,,,,,,,,,,,,,,,,,
522,django-codemod,browniebroke/django-codemod,django-utils,,https://github.com/browniebroke/django-codemod,5.0,5.0,30.0,https://github.com/browniebroke/django-codemod,MIT,2020-05-06 21:37:14.000,2026-09-22 05:35:29.000,19.0,9.0,190.0,A tool to automatically fix Django deprecations.,17,True,['django'],,django-codemod,https://pypi.org/project/django-codemod,2026-08-29 02:41:38.000,2026-08-29 02:41:38.000,2.5.1,120.0,,3711.0,3711.0,,,,3.0,,,,,,,,,,,,,,,,,,,,,,,,
523,pyramid_mailer,Pylons/pyramid_mailer,email,,https://github.com/Pylons/pyramid_mailer,28.0,,36.0,https://github.com/Pylons/pyramid_mailer,BSD-3-Clause,2011-09-26 01:17:42.000,2022-11-17 20:47:17.000,39.0,13.0,51.0,A package for sending email from your Pyramid application.,17,False,['pyramid'],,pyramid_mailer,https://pypi.org/project/pyramid_mailer,2016-12-13 20:51:40.258,2016-12-13 20:51:40.258,0.15.1,24.0,28.0,49872.0,49872.0,,,,3.0,,,,,,,,,,,,,,,,,,,,,,,,
524,saleor,saleor/saleor,others,,https://github.com/saleor/saleor,8.0,8.0,328.0,https://github.com/saleor/saleor,BSD-3-Clause,2013-02-12 16:46:39.000,2026-01-26 19:44:12.000,5908.0,237.0,22545.0,"Saleor Core: the high performance, composable, headless commerce API.",16,True,"['django', 'graphql']",,,,,,,,,,,,,,3.0,,,,,,,,,,,,,,,,,,,,,,,,
525,tyk,TykTechnologies/tyk,api-proxies,,https://github.com/TykTechnologies/tyk,,,294.0,https://github.com/TykTechnologies/tyk,MPL-2.0,2014-05-07 14:38:24.000,2026-09-23 12:55:36.000,1165.0,510.0,10830.0,"Open Source API and AI Gateway supporting REST, GraphQL, TCP, gRPC and MCP (Model Context Protocol).",16,True,,,,,,,,,,,,,,,3.0,,,,,,,,,,,,,,,,,,,,,,,,
526,splash,scrapinghub/splash,testing,,https://github.com/scrapinghub/splash,2.0,,62.0,https://github.com/scrapinghub/splash,BSD-3-Clause,2013-05-20 21:20:33.000,2024-08-02 09:30:47.000,515.0,400.0,4172.0,"Lightweight, scriptable browser as a service with an HTTP API.",16,False,,,splash,https://pypi.org/project/splash,2020-06-16 13:27:02.000,2020-01-09 19:09:29.000,3.4.1,30.0,2.0,301.0,301.0,,,,3.0,,,,,,,,,,,,,,,,,,,,,,,,
527,instagram_private_api,ping/instagram_private_api,third-party-apis,,https://github.com/ping/instagram_private_api,9.0,,5.0,https://github.com/ping/instagram_private_api,MIT,2017-01-12 11:54:19.000,2024-05-06 07:28:46.000,618.0,149.0,2994.0,A Python library to access Instagrams private API.,16,False,,,instagram_private_api,https://pypi.org/project/instagram_private_api,2019-05-06 11:32:26.000,,,1.0,9.0,11859.0,11859.0,,,,3.0,,,,,,,,,,,,,,,,,,,,,,,,
528,igramscraper,realsirjoe/instagram-scraper,third-party-apis,,https://github.com/realsirjoe/instagram-scraper,2.0,,24.0,https://github.com/realsirjoe/instagram-scraper,MIT,2019-06-10 06:15:55.000,2021-09-05 10:31:32.000,355.0,108.0,2145.0,"scrapes medias, likes, followers, tags and all metadata. Inspired by instagram-php-scraper,bot.",16,False,,,igramscraper,https://pypi.org/project/igramscraper,2020-05-25 18:11:03.000,2020-05-25 18:11:03.000,0.3.5,9.0,2.0,190.0,190.0,,,,3.0,,,,,,,,,,,,,,,,,,,,,,,,
529,Spectacle,sourcey/spectacle,openapi-utils,,https://sourcey.com/spectacle,31.0,23.0,41.0,,MIT,,2020-03-10 02:57:20.472,334.0,,1370.0,Generate beautiful static API documentation from OpenAPI/Swagger 2.0 specifications.,16,False,['openapi'],,,,,2020-03-10 02:57:20.472,1.1.0,61.0,,,214.0,,,,3.0,,,,,,,,spectacle-docs,https://www.npmjs.com/package/spectacle-docs,2020-03-10 02:57:20.472,8.0,214.0,,,,,,,,,,,,
530,django-admin2,jazzband/django-admin2,admin-ui,,https://github.com/jazzband/django-admin2,30.0,30.0,50.0,https://github.com/jazzband/django-admin2,BSD-3-Clause,2013-05-14 12:11:48.000,2022-08-02 11:47:22.000,147.0,43.0,1186.0,"Extendable, adaptable rewrite of django.contrib.admin.",16,False,['django'],,django-admin2,https://pypi.org/project/django-admin2,2018-10-22 22:22:05.390,2018-10-22 22:22:05.390,0.7.1,7.0,,39.0,39.0,,,,3.0,,,,,,,,,,,,,,,,,,,,,,,,
531,Lassie,michaelhelmick/lassie,web-scraping,,https://github.com/michaelhelmick/lassie,52.0,49.0,15.0,https://github.com/michaelhelmick/lassie,MIT,2013-07-30 20:41:39.000,2022-07-30 23:22:33.000,49.0,12.0,609.0,Web Content Retrieval for Humans.,16,False,,,lassie,https://pypi.org/project/lassie,2021-08-20 14:34:18.000,2021-08-20 14:34:18.000,0.11.11,38.0,3.0,476.0,476.0,,,,3.0,,,,,,,,,,,,,,,,,,,,,,,,
532,safrs,thomaxxl/safrs,flask-utils,,https://github.com/thomaxxl/safrs,611.0,609.0,17.0,https://github.com/thomaxxl/safrs,GPL-3.0,2017-09-20 07:56:55.000,2026-03-09 09:02:56.000,73.0,3.0,413.0,SqlAlchemy Flask-Restful Swagger Json:API OpenAPI.,16,True,"['flask', 'openapi']",,safrs,https://pypi.org/project/safrs,2026-03-09 09:02:56.000,2026-03-09 09:02:56.000,3.2.0,85.0,2.0,630.0,630.0,,,,3.0,,,,,,,,,,,,,,,,,,,,,,,,
533,pyscript,pyscript/pyscript,web-ui,,https://github.com/pyscript/pyscript,,,127.0,https://github.com/pyscript/pyscript,Apache-2.0,2022-02-21 04:55:20.000,2026-07-13 11:20:39.000,1474.0,21.0,18692.0,An open source platform for Python in the browser. https://pyscript.net Docs: https://docs.pyscript.net/ Try it:..,15,True,,,,,,,,,,,,,,,3.0,,,,,,,,,,,,,,,,,,,,,,,,
534,toapi,gaojiuli/toapi,others,,https://github.com/gaojiuli/toapi,21.0,21.0,12.0,,MIT,,2026-05-22 08:44:43.000,238.0,,3549.0,Every web site provides APIs.,15,True,,,toapi,https://pypi.org/project/toapi,2026-05-22 08:44:43.000,2026-05-22 08:44:43.000,2.2.4,45.0,,141.0,141.0,,,,3.0,,,,,,,,,,,,,,,,,,,,,,,,
535,snallygaster,hannob/snallygaster,web-scraping,,https://github.com/hannob/snallygaster,8.0,8.0,17.0,https://github.com/hannob/snallygaster,0BSD,2018-04-10 12:01:16.000,2025-10-08 15:47:39.000,231.0,12.0,2089.0,Tool to scan for secret files on HTTP servers.,15,False,,,snallygaster,https://pypi.org/project/snallygaster,2025-10-08 15:47:39.000,2025-10-08 15:47:39.000,0.0.15,15.0,,873.0,873.0,,,,3.0,,,,,,,,,,,,,,,,,,,,,,,,
536,merchant,agiliq/merchant,django-utils,,https://github.com/agiliq/merchant,34.0,34.0,49.0,https://github.com/agiliq/merchant,BSD-3-Clause,2010-09-29 11:30:58.000,2022-07-08 19:12:50.000,171.0,32.0,1024.0,A Django app to accept payments from various payment processors via Pluggable backends.,15,False,['django'],,django-merchant,https://pypi.org/project/django-merchant,2013-12-02 07:13:21.000,,,9.0,,22.0,22.0,,,,3.0,,,,,,,,,,,,,,,,,,,,,,,,
537,flama,perdy/flama,web-frameworks,,https://flama.dev,17.0,16.0,11.0,,Apache-2.0,,2026-09-14 08:31:45.000,16.0,,297.0,Fire up your models with the flame.,15,True,,,flama,https://pypi.org/project/flama,2026-09-14 08:31:45.000,2026-09-14 08:31:45.000,2.2.2,70.0,1.0,5312.0,5312.0,,,,3.0,,,,,,,,,,,,,,,,,,,,,,,,
538,opengraph,erikriver/opengraph,web-scraping,,https://github.com/erikriver/opengraph,113.0,111.0,8.0,https://github.com/erikriver/opengraph,MIT,2011-06-17 08:11:10.000,2021-12-26 03:18:57.000,83.0,23.0,235.0,A python module to parse the Open Graph Protocol.,15,False,,,opengraph,https://pypi.org/project/opengraph,2012-05-25 23:25:52.000,,,3.0,2.0,890.0,890.0,,,,3.0,,,,,,,,,,,,,,,,,,,,,,,,
539,flask-ngrok,gstaff/flask-ngrok,flask-utils,,https://github.com/gstaff/flask-ngrok,15.0,,2.0,https://github.com/gstaff/flask-ngrok,Apache-2.0,2018-09-04 00:22:30.000,2023-11-02 19:01:53.000,57.0,32.0,138.0,A simple way to demo Flask apps from your machine.,15,False,['flask'],,flask-ngrok,https://pypi.org/project/flask-ngrok,2018-09-09 19:48:38.000,2018-09-09 19:48:38.000,0.0.25,16.0,15.0,15547.0,15547.0,,,,3.0,,,,,,-4.0,,,,,,,,,,,,,,,,,,
540,lambdarest,sloev/python-lambdarest,serverless,,https://github.com/sloev/python-lambdarest,14.0,14.0,23.0,https://github.com/sloev/python-lambdarest,MIT,2017-02-07 15:30:04.000,2023-03-08 21:03:10.000,24.0,1.0,93.0,Flask like web framework for AWS Lambda.,15,False,,,lambdarest,https://pypi.org/project/lambdarest,2023-03-08 12:15:00.843,2023-03-08 12:15:00.843,13.0.3,53.0,,177.0,177.0,,,,3.0,,,,,,,,,,,,,,,,,,,,,,,,
541,Flask-GraphQL-Auth,NovemberOscar/Flask-GraphQL-Auth,graphql,,https://github.com/NovemberOscar/Flask-GraphQL-Auth,340.0,340.0,7.0,,MIT,,2021-04-19 04:19:08.000,13.0,,63.0,JWT library for Flask-GraphQL.,15,False,['flask'],,flask-graphql-auth,https://pypi.org/project/flask-graphql-auth,2021-04-19 04:19:08.000,2021-04-19 04:19:08.000,1.3.3,14.0,,10602.0,10602.0,,,,3.0,,,,,,,,,,,,,,,,,,,,,,,,
542,InstaPy,timgrossmann/InstaPy,third-party-apis,,https://github.com/timgrossmann/InstaPy,,,,,GPL-3.0,,2022-01-19 04:05:04.000,3837.0,,17454.0,Tool for automated Instagram interactions.,14,False,,,instapy,https://pypi.org/project/instapy,2022-01-19 04:05:04.000,2022-01-19 04:05:04.000,0.6.16,52.0,,948.0,948.0,,,,3.0,,,,,,,,,,,,,,,,,,,,,,,,
543,healthchecks,healthchecks/healthchecks,others,,https://github.com/healthchecks/healthchecks,1.0,1.0,103.0,https://github.com/healthchecks/healthchecks,BSD-3-Clause,2015-06-25 18:38:33.000,2026-07-31 14:28:36.000,994.0,55.0,10201.0,"Open-source cron job and background task monitoring service, written in Python & Django.",14,True,,,,,,,,,,,,,,,3.0,,,,,,,,,,,,,,,,,,,,,,,,
544,maltrail,stamparm/maltrail,others,,https://github.com/stamparm/maltrail,23.0,23.0,24.0,https://github.com/stamparm/maltrail,MIT,2014-12-04 21:33:46.000,2024-10-31 23:11:05.000,1078.0,76.0,6492.0,Malicious traffic detection system.,14,False,,,,,,,,,,,,,,,3.0,,,,,,,,,,,,,,,,,,,,,,,,
545,cabot,arachnys/cabot,others,,https://github.com/arachnys/cabot,15.0,15.0,71.0,https://github.com/arachnys/cabot,MIT,2014-01-06 17:48:59.000,2023-09-10 09:23:26.000,582.0,167.0,5669.0,"Self-hosted, easily-deployable monitoring and alerts service - like a lightweight PagerDuty.",14,False,,,,,,,,,,,,,,,3.0,,,,,,,,,,,,,,,,,,,,,,,,
546,nginx-ui,schenkd/nginx-ui,admin-ui,,https://github.com/schenkd/nginx-ui,,,4.0,https://github.com/schenkd/nginx-ui,MIT,2020-05-30 08:31:03.000,2024-05-26 05:34:56.000,274.0,24.0,4473.0,Nginx UI allows you to access and modify the nginx configurations files without cli.,14,False,,,,,,,,,,,7192.0,,,,3.0,,,,,,,,,,,,,,,schenkd/nginx-ui,https://hub.docker.com/r/schenkd/nginx-ui,2020-06-25 16:45:27.170206,14.0,546625.0,,,,,
547,flask_jsondash,christabor/flask_jsondash,flask-utils,,https://github.com/christabor/flask_jsondash,2.0,2.0,7.0,https://github.com/christabor/flask_jsondash,MIT,2016-02-18 04:34:48.000,2022-07-08 00:23:11.000,294.0,50.0,3252.0,Build complex dashboards without any front-end code. Use your own endpoints. JSON config only. Ready to go.,14,False,['flask'],,flask_jsondash,https://pypi.org/project/flask_jsondash,2017-06-13 18:53:34.000,2017-06-13 18:53:34.000,6.2.3,11.0,,50.0,50.0,,,,3.0,,,,,,,,,,,,,,,,,,,,,,,,
548,yandex-tank,yandex/yandex-tank,testing,,https://github.com/yandex/yandex-tank,,,119.0,https://github.com/yandex/yandex-tank,LGPL-2.0,2012-07-23 11:05:58.000,2025-07-29 08:23:07.000,284.0,83.0,2527.0,Load and performance benchmark tool.,14,False,,,yandextank,https://pypi.org/project/yandextank,2024-12-19 07:38:35.000,2024-12-19 07:38:35.000,2.0.12,51.0,,105.0,105.0,,,,3.0,,,,,,,,,,,,,,,,,,,,,,,,
549,Misago,rafalp/Misago,web-ui,,https://github.com/rafalp/Misago,53.0,53.0,49.0,https://github.com/rafalp/Misago,GPL-2.0,2012-06-22 14:24:02.000,2024-04-13 12:10:32.000,522.0,118.0,2472.0,"Misago is fully featured modern forum application that is fast, scalable and responsive.",14,False,,,,,,,,,,,,,,,3.0,,,,,,,,,,,,,,,,,,,,,,,,
550,Cola,qinxuye/cola,web-scraping,,https://github.com/qinxuye/cola,,,4.0,https://github.com/qinxuye/cola,Apache-2.0,2013-05-15 06:41:01.000,2022-07-31 00:13:43.000,529.0,16.0,1505.0,A high-level distributed crawling framework.,14,False,,,cola,https://pypi.org/project/cola,2016-03-31 04:19:26.000,2016-03-31 04:19:26.000,0.1.0,3.0,,71.0,71.0,,,,3.0,,,,,,,,,,,,,,,,,,,,,,,,
551,justpy,elimintz/justpy,web-frameworks,,https://justpy.io/,551.0,544.0,19.0,,,,2023-09-20 13:07:43.000,96.0,,1275.0,An object oriented high-level Python Web Framework that requires no frontend programming.,14,False,,,justpy,https://pypi.org/project/justpy,2023-09-20 13:07:43.000,2023-09-20 13:07:43.000,0.14.0,75.0,7.0,665.0,665.0,,,,3.0,,,,,,,,,,,,,,,,,,,,,,,,
552,flask2postman,numberly/flask2postman,flask-utils,,https://github.com/numberly/flask2postman,28.0,28.0,5.0,https://github.com/numberly/flask2postman,MIT,2015-08-28 11:12:41.000,2022-09-15 20:25:29.000,18.0,5.0,146.0,Generate a Postman collection from your Flask application.,14,False,['flask'],,flask2postman,https://pypi.org/project/flask2postman,2020-01-16 15:13:52.000,2020-01-16 15:13:52.000,1.4.4,18.0,,4848.0,4848.0,,,,3.0,,,,,,,,,,,,,,,,,,,,,,,,
553,pyramid_celery,sontek/pyramid_celery,pyramid-utils,,https://github.com/sontek/pyramid_celery,2.0,,25.0,https://github.com/sontek/pyramid_celery,MIT,2011-11-05 09:07:26.000,2024-07-23 05:36:00.000,66.0,20.0,106.0,Pyramid configuration with celery integration. Allows you to use pyramid .ini files to configure celery and have your..,14,False,['pyramid'],,pyramid_celery,https://pypi.org/project/pyramid_celery,2021-02-24 02:34:47.000,2021-02-24 02:34:47.000,4.0.0,11.0,2.0,5695.0,5695.0,,,,3.0,,,,,,,,,,,,,,,,,,,,,,,,
554,apex,cd34/apex,auth,,https://github.com/cd34/apex,24.0,,20.0,https://github.com/cd34/apex,MIT,2011-07-17 20:20:49.000,2022-09-17 20:58:19.000,28.0,9.0,96.0,"Toolkit for Pyramid, a Pylons Project, to add Authentication and Authorization using Velruse (OAuth) and/or a local..",14,False,['pyramid'],,apex,https://pypi.org/project/apex,2021-12-15 14:18:14.200,,,5.0,24.0,5964.0,5964.0,,,,3.0,,,,,,,,,,,,,,,,,,,,,,,,
555,pyramid_services,mmerickel/pyramid_services,pyramid-utils,,https://github.com/mmerickel/pyramid_services,9.0,,8.0,https://github.com/mmerickel/pyramid_services,MIT,2015-02-14 06:44:36.000,2024-08-29 22:51:06.000,11.0,,81.0,A service layer for pyramid.,14,False,['pyramid'],,pyramid_services,https://pypi.org/project/pyramid_services,2019-04-22 16:43:41.941,2019-04-22 16:43:41.562,0.1.1,9.0,9.0,21301.0,21301.0,,,,3.0,,,,,,,,,,,,,,,,,,,,,,,,
556,tartiflette-aiohttp,tartiflette/tartiflette-aiohttp,graphql,,https://github.com/tartiflette/tartiflette-aiohttp,61.0,57.0,11.0,https://github.com/tartiflette/tartiflette-aiohttp,MIT,2018-11-07 05:16:40.000,2023-11-12 23:04:30.000,11.0,16.0,62.0,"tartiflette-aiohttp is a wrapper of aiohttp which includes the Tartiflette GraphQL Engine, do not hesitate to take a..",14,False,,,tartiflette-aiohttp,https://pypi.org/project/tartiflette-aiohttp,2021-11-15 10:02:16.000,2021-11-15 10:02:16.000,1.4.1,31.0,4.0,965.0,965.0,,,,3.0,,,,,,,,,,,,,,,,,,,,,,,,
557,gain,gaojiuli/gain,web-scraping,,https://github.com/elliotgao2/gain,2.0,,,,MIT,,2026-05-22 08:42:59.000,205.0,,2020.0,Async web crawling framework for everyone.,13,True,,,gain,https://pypi.org/project/gain,2026-05-22 08:42:59.000,2026-05-22 08:42:59.000,1.0.1,7.0,2.0,127.0,127.0,,,,3.0,,,,,,,,,,,,,,,,,,,,,,,,
558,fastapi-mvc,rszamszur/fastapi-mvc,fastapi-utils,,https://fastapi-mvc.github.io/fastapi-mvc/,18.0,18.0,7.0,,MIT,,2026-02-11 19:07:12.000,59.0,,800.0,Developer productivity tool for making high-quality FastAPI production-ready APIs.,13,True,['fastapi'],,fastapi-mvc,https://pypi.org/project/fastapi-mvc,2026-02-11 19:07:12.000,2023-07-09 13:02:23.676,0.28.1,35.0,,233.0,233.0,,,,3.0,,,,,,,,,,,,,,,,,,,,,,,,
559,flask-state,yoobool/flask-state,monitoring,,https://github.com/yoobool/flask-state,3.0,3.0,9.0,https://github.com/yoobool/flask-state,BSD-3-Clause,2020-08-25 02:27:29.000,2021-12-15 18:07:56.000,51.0,5.0,607.0,Display machine state using Python3 with Flask.,13,False,['flask'],,Flask-State,https://pypi.org/project/Flask-State,2021-06-18 07:47:50.000,2021-06-18 07:47:50.000,1.1.4,16.0,,53.0,53.0,,,,3.0,,,,,,,,,,,,,,,,,,,,,,,,
560,libextract,datalib/libextract,others,,https://github.com/datalib/libextract,22.0,22.0,3.0,https://github.com/datalib/libextract,MIT,2015-04-06 08:27:32.000,2020-10-02 11:31:24.000,41.0,2.0,505.0,Extract data from websites using basic statistical magic.,13,False,,,libextract,https://pypi.org/project/libextract,2015-06-28 22:20:05.000,2015-06-28 22:20:05.000,0.0.12,4.0,,19.0,19.0,,,,3.0,,,,,,,,,,,,,,,,,,,,,,,,
561,Kotti,Kotti/Kotti,cms,,https://github.com/Kotti/Kotti,234.0,234.0,66.0,https://github.com/Kotti/Kotti,BSD,2011-01-28 15:42:02.000,2024-10-29 14:42:07.000,117.0,51.0,412.0,"Kotti is a high-level, Pythonic web application framework based on Pyramid and SQLAlchemy. It includes an extensible..",13,False,,,,,,,,,,,,,,,3.0,,,,,,,,,,,,,,,,,,,,,,,,
562,flask-file-upload,joegasewicz/flask-file-upload,flask-utils,,https://github.com/joegasewicz/flask-file-upload,97.0,97.0,7.0,https://github.com/joegasewicz/flask-file-upload,MIT,2019-12-13 11:26:42.000,2021-12-07 13:25:50.000,13.0,13.0,134.0,Easy file uploads for Flask.,13,False,['flask'],,flask-file-upload,https://pypi.org/project/flask-file-upload,2021-12-07 13:25:50.000,2021-12-07 13:25:50.000,0.2.1,25.0,,55.0,55.0,,,,3.0,,,,,,,,,,,,,,,,,,,,,,,,
563,pyramid_jwt,wichert/pyramid_jwt,auth,,https://github.com/wichert/pyramid_jwt,,,12.0,https://github.com/wichert/pyramid_jwt,BSD-2-Clause,2015-12-16 14:33:49.000,2024-11-25 20:05:06.000,31.0,23.0,75.0,JWT authentication for Pyramid.,13,False,['pyramid'],,pyramid_jwt,https://pypi.org/project/pyramid_jwt,2021-02-20 11:34:46.712,2021-02-20 11:34:46.712,1.6.1,10.0,,5935.0,5935.0,,,,3.0,,,,,,,,,,,,,,,,,,,,,,,,
564,pyramid_swagger,striglia/pyramid_swagger,openapi-utils,,https://github.com/striglia/pyramid_swagger,,,43.0,,BSD-3-Clause,,2024-05-08 20:50:15.000,46.0,,62.0,Swagger tools for use in pyramid webapps.,13,False,['pyramid'],,pyramid_swagger,https://pypi.org/project/pyramid_swagger,2024-05-08 20:50:15.000,2024-05-08 20:50:15.000,2.9.0,29.0,,11216.0,11216.0,,,,3.0,,,,,,,,,,,,,,,,,,,,,,,,
565,GHunt,mxrch/GHunt,third-party-apis,,https://github.com/mxrch/GHunt,,,37.0,https://github.com/mxrch/GHunt,,2020-10-02 11:26:03.000,2026-03-14 19:12:47.000,1595.0,78.0,18528.0,Offensive Google framework.,12,False,,,,,,,,,,,,,,,3.0,,,,,,,,,,,,,,,,,,,,,,,,
566,cookiecutter-flask,cookiecutter-flask/cookiecutter-flask,flask-utils,,https://github.com/cookiecutter-flask/cookiecutter-flask,,,78.0,https://github.com/cookiecutter-flask/cookiecutter-flask,MIT,2013-08-16 07:27:55.000,2024-02-22 03:06:30.000,750.0,10.0,4491.0,"A flask template with Bootstrap, asset bundling+minification with webpack, starter templates, and..",12,False,['flask'],,,,,,,,,,,,,,3.0,,,,,,,,,,,,,,,,,,,,,,,,
567,huxley,facebookarchive/huxley,testing,,https://github.com/facebookarchive/huxley,,,7.0,https://github.com/facebookarchive/huxley,Apache-2.0,2013-07-30 06:01:12.000,2021-09-07 23:22:47.000,281.0,41.0,4059.0,A testing system for catching visual regressions in Web applications.,12,False,,,huxley,https://pypi.org/project/huxley,2014-03-27 18:23:28.000,,,5.0,,7.0,7.0,,,,3.0,,,,,,,,,,,,,,,,,,,,,,,,
568,web2py,web2py/web2py,web-frameworks,,https://github.com/web2py/web2py,,,281.0,https://github.com/web2py/web2py,LGPL-3.0,2008-11-07 06:08:58.000,2025-09-01 17:32:42.000,908.0,369.0,2153.0,Free and open source full-stack enterprise framework for agile development of secure database-driven web-based..,12,True,,,,,,,,,,,,,,,3.0,,,,,,,,,,,,,,,,,,,,,,,,
569,Growler,pyGrowler/Growler,web-frameworks,,https://github.com/pyGrowler/Growler,,,5.0,https://github.com/pyGrowler/Growler,Apache-2.0,2014-10-22 02:11:12.000,2020-03-08 07:53:32.000,21.0,5.0,688.0,A micro web-framework using asyncio coroutines and chained middleware.,12,False,,,growler,https://pypi.org/project/growler,2016-10-16 15:29:10.000,2016-10-16 15:29:10.000,0.8.0,10.0,,45.0,45.0,,,,3.0,,,,,,,,,,,,,,,,,,,,,,,,
570,salmon,moggers87/salmon,email,,https://github.com/moggers87/salmon,1.0,,11.0,https://github.com/moggers87/salmon,GPL-3.0,2013-05-07 11:29:42.000,2024-08-09 17:49:09.000,69.0,20.0,644.0,A Python Mail Server.,12,False,,,salmon-mail,https://pypi.org/project/salmon-mail,2024-08-09 17:49:09.000,2024-08-09 17:49:09.000,3.3.0,15.0,1.0,332.0,332.0,,,,3.0,,,,,,,,,,,,,,,,,,,,,,,,
571,tinkerer,vladris/tinkerer,others,,https://github.com/vladris/tinkerer,,,39.0,https://github.com/vladris/tinkerer,BSD-2-Clause-FreeBSD,2013-05-18 10:18:28.000,2022-10-09 23:59:25.000,78.0,24.0,304.0,Python blogging engine.,12,False,,,tinkerer,https://pypi.org/project/tinkerer,2021-12-15 13:47:04.512,2019-12-06 00:18:53.000,1.7.2,24.0,,69.0,69.0,,,,3.0,,,,,,,,,,,,,,,,,,,,,,,,
572,tartiflette-asgi,tartiflette/tartiflette-asgi,graphql,,https://github.com/tartiflette/tartiflette-asgi,23.0,23.0,15.0,https://github.com/tartiflette/tartiflette-asgi,MIT,2019-04-19 19:38:45.000,2023-06-26 07:57:25.000,16.0,14.0,99.0,ASGI support for the Tartiflette GraphQL engine.,12,False,['graphql'],,tartiflette-asgi,https://pypi.org/project/tartiflette-asgi,2022-05-20 21:20:14.000,2022-05-20 21:20:14.000,0.12.0,7.0,,140.0,140.0,,,,3.0,,,,,,,,,,,,,,,,,,,,,,,,
573,Astra,flipkart-incubator/Astra,testing,,https://github.com/flipkart-incubator/Astra,,,13.0,https://github.com/flipkart-incubator/Astra,Apache-2.0,2018-01-10 11:56:11.000,2024-06-05 17:35:29.000,413.0,68.0,2612.0,Automated Security Testing For REST APIs.,11,False,,,,,,,,,,,,,,,3.0,,,,,,,,,,,,,,,,,,,,,,,,
574,fastapi-react,Buuntu/fastapi-react,fastapi-utils,,https://github.com/Buuntu/fastapi-react,,,13.0,https://github.com/Buuntu/fastapi-react,MIT,2020-03-21 19:48:47.000,2023-10-06 23:46:17.000,336.0,44.0,2119.0,"Cookiecutter Template for FastAPI + React Projects. Using PostgreSQL, SQLAlchemy, and Docker.",11,False,['fastapi'],,,,,,,,,,,,,,3.0,,,,,,,,,,,,,,,,,,,,,,,,
575,lazynlp,chiphuyen/lazynlp,web-scraping,,https://github.com/chiphuyen/lazynlp,,,7.0,https://github.com/chiphuyen/lazynlp,MIT,2019-02-27 23:23:19.000,2020-11-11 12:16:30.000,287.0,7.0,1909.0,Library to scrape and clean web pages to create massive datasets.,11,False,,,,,,,,,,,,,,,3.0,,,,,,,,,,,,,,,,,,,,,,,,
576,Scrapera,DarshanDeshpande/Scrapera,web-scraping,,https://github.com/DarshanDeshpande/Scrapera,2.0,2.0,4.0,https://github.com/DarshanDeshpande/Scrapera,MIT,2021-01-23 11:55:03.000,2021-02-21 13:19:48.000,10.0,2.0,253.0,A universal package of scraper scripts for humans.,11,False,,,scrapera,https://pypi.org/project/scrapera,2021-02-07 18:22:49.000,2021-02-07 18:22:49.000,1.1.3,19.0,,60.0,60.0,,,,3.0,,,,,,,,,,,,,,,,,,,,,,,,
577,view.py,ZeroIntensity/view.py,web-frameworks,,https://github.com/ZeroIntensity/view.py,,,13.0,https://github.com/ZeroIntensity/view.py,MIT,2023-03-03 17:06:09.000,2026-05-17 18:21:48.000,16.0,,213.0,The Batteries-Detachable Web Framework.,11,True,,,view.py,https://pypi.org/project/view.py,2024-05-26 19:36:56.000,,,8.0,,208.0,208.0,,,,3.0,,,,,,,,,,,,,,,,,,,,,,,,
578,timing-asgi,steinnes/timing-asgi,monitoring,,https://github.com/steinnes/timing-asgi,191.0,191.0,7.0,https://github.com/steinnes/timing-asgi,MIT,2019-02-05 23:53:18.000,2026-02-17 09:27:19.000,12.0,3.0,129.0,ASGI middleware to record and emit timing metrics (to something like statsd).,11,True,,,,,,,,,,,,,,,3.0,,,,,,,,,,,,,,,,,,,,,,,,
579,fastapi-permissions,holgi/fastapi-permissions,auth,,https://github.com/holgi/fastapi-permissions,,,1.0,https://github.com/holgi/fastapi-permissions,THE BEER-WARE LICENSE,2019-07-19 22:36:43.000,2020-10-05 14:18:40.000,9.0,1.0,83.0,row level security for FastAPI framework.,11,False,['fastapi'],,fastapi-permissions,https://pypi.org/project/fastapi-permissions,2020-10-05 14:18:40.000,2020-10-05 14:18:40.000,0.2.7,10.0,,16213.0,16213.0,,,,3.0,,,,,,,,,,,,,,,,,,,,,,,,
580,IP2Trace,ip2location/ip2trace-python,others,,https://github.com/ip2location/ip2trace-python,5.0,5.0,2.0,https://github.com/ip2location/ip2trace-python,MIT,2021-01-15 07:49:23.000,2025-12-31 01:44:03.000,19.0,,43.0,"Python tool to traceroute with IP geolocation information, such as country, region, city, isp and many more.",11,False,,,IP2Trace,https://pypi.org/project/IP2Trace,2024-10-04 05:12:31.000,2024-10-04 05:12:31.000,3.2.2,18.0,,34.0,34.0,,,,3.0,,,,,,,,,,,,,,,,,,,,,,,,
581,django-schedule,thauber/django-schedule,django-utils,,https://github.com/thauber/django-schedule,,,17.0,https://github.com/thauber/django-schedule,BSD-3-Clause,2009-04-02 02:56:42.000,2019-12-29 09:27:39.000,290.0,24.0,802.0,"A calendaring app for Django. It is now stable, Please feel free to use it now. Active development has been taken over..",10,False,['django'],,django-schedule-frinat,https://pypi.org/project/django-schedule-frinat,2014-02-24 14:31:35.000,,,1.0,,8.0,8.0,,,,3.0,,,,,,,,,,,,,,,,,,,,,,BSD-3-Clause,,
582,Transistor,bomquote/transistor,web-scraping,,https://github.com/bomquote/transistor,,,2.0,https://github.com/bomquote/transistor,MIT,2018-11-12 15:25:51.000,2024-02-27 17:43:18.000,23.0,216.0,211.0,"Transistor, a Python web scraping framework for intelligent use cases.",10,False,,,transistor,https://pypi.org/project/transistor,2020-08-03 20:12:39.000,2020-08-03 20:12:39.000,0.2.4,7.0,,20.0,20.0,,,,3.0,,,,,,,,,,,,,,,,,,,,,,,,
583,fastapi-lazy,yezz123/fastapi-lazy,fastapi-utils,,https://github.com/yezz123/fastapi-lazy,,,2.0,,MIT,,2021-11-21 11:00:44.000,11.0,,195.0,Utilities that you use in various projects made in FastAPI.,10,False,['fastapi'],,fastapi-lazy,https://pypi.org/project/fastapi-lazy,2021-11-21 11:00:44.000,2021-11-21 11:00:44.000,1.2.6,9.0,,13.0,13.0,,,,3.0,,,,,,,,,,,,,,,,,,,,,,,,
584,iploop-sdk,Iploop/proxyclaw,web-scraping,,https://github.com/Iploop/proxyclaw,3.0,,3.0,https://github.com/Iploop/proxyclaw,MIT,2026-02-19 09:31:05.240,2026-04-30 16:43:26.000,,,,"Residential proxy SDK with 66 site presets and built-in anti-detection (TLS fingerprinting, Chrome headers). 2M+ IPs,..",9,False,,,iploop-sdk,https://pypi.org/project/iploop-sdk,2026-04-30 16:43:26.000,2026-03-29 13:31:43.000,1.8.0,7.0,3.0,58.0,58.0,,,,3.0,,,,,,,,,,,,,,,,,,,,,,,,
585,fastapi_client,dmontagu/fastapi_client,fastapi-utils,,https://github.com/dmontagu/fastapi_client,404.0,404.0,8.0,https://github.com/dmontagu/fastapi_client,,2019-08-03 10:35:23.000,2019-11-11 14:38:52.000,2.0,3.0,37.0,FastAPI client generator.,8,False,['fastapi'],,,,,,,,,,,,,,3.0,,,,,,,,,,,,,,,,,,,,,,,,
