,name,github_id,category,resource,github_url,homepage,license,created_at,updated_at,last_commit_pushed_at,commit_count,recent_commit_count,fork_count,watchers_count,pr_count,open_issue_count,closed_issue_count,star_count,description,dependent_project_count,github_dependent_project_count,contributor_count,projectrank,show,labels,latest_stable_release_published_at,latest_stable_release_number,release_count,github_release_downloads,monthly_downloads,updated_github_id,conda_id,pypi_id,pypi_url,pypi_latest_release_published_at,pypi_dependent_project_count,pypi_monthly_downloads,conda_url,conda_latest_release_published_at,conda_total_downloads,projectrank_placing,maven_id,npm_id,npm_url,npm_latest_release_published_at,npm_dependent_project_count,npm_monthly_downloads,maven_url,brew_id,trending,dockerhub_id,dockerhub_url,dockerhub_latest_release_published_at,dockerhub_stars,dockerhub_pulls,conda_dependent_project_count,apt_id,licenses
0,Public APIs,public-apis/public-apis,third-party-apis,True,https://github.com/public-apis/public-apis,https://github.com/public-apis/public-apis,MIT,2016-03-20 23:49:42.000,2026-06-30 20:55:54.000000,2026-06-30 20:55:54,4915.0,376.0,47530,4605.0,4960.0,388.0,885.0,446033,A collective list of free APIs.,2.0,2.0,1543.0,0,True,,,,,,,,,,,,,,,,,,,,,,,,,,,,,,,,,,
1,OpenAPI-Specification,OAI/OpenAPI-Specification,openapi-utils,True,https://github.com/OAI/OpenAPI-Specification,https://github.com/OAI/OpenAPI-Specification,Apache-2.0,2014-03-03 16:53:36.000,2026-07-02 16:55:25.000000,2026-07-02 16:36:00,4379.0,50.0,9067,832.0,2464.0,201.0,2336.0,31071,The OpenAPI Specification Repository.,24.0,24.0,253.0,0,True,['openapi'],2025-09-19 16:20:24.000,3.2.0,14.0,,,,,,,,,,,,,,,,,,,,,,,,,,,,,,
2,GraphQL Specification,graphql/graphql-spec,graphql,True,https://github.com/graphql/graphql-spec,https://github.com/graphql/graphql-spec,,2015-07-01 01:26:56.000,2026-06-23 15:38:24.000000,2026-06-04 17:53:10,659.0,1.0,1148,491.0,638.0,193.0,385.0,14754,GraphQL is a query language and execution engine tied to any backend service.,,,140.0,0,True,,2025-09-04 06:52:45.000,September2025,7.0,431.0,3.0,,,,,,,,,,,,,,,,,,,,,,,,,,,,
3,best-of-ml-python - DB Clients,ml-tooling/best-of-ml-python,third-party-apis,True,https://github.com/lukasmasuch/best-of-ml-python,https://github.com/lukasmasuch/best-of-ml-python,CC-BY-SA-4.0,2020-11-29 19:41:36.000,2026-07-02 14:49:03.000000,2026-03-22 08:44:47,628.0,,3051,440.0,360.0,33.0,35.0,23656,Collection of python database client libraries.,,,57.0,0,True,,2025-11-04 05:45:47.000,2025.10.30,100.0,,,lukasmasuch/best-of-ml-python,,,,,,,,,,,,,,,,,,,,,,,,,,,
4,requests,psf/requests,http-clients,,https://github.com/psf/requests,https://github.com/psf/requests,Apache-2.0,2011-02-13 18:38:17.000,2026-06-29 17:37:21.000000,2026-06-29 17:37:19,6481.0,54.0,9937,1293.0,3058.0,229.0,4016.0,54088,"A simple, yet elegant, HTTP library.",4406713.0,4236368.0,795.0,51,True,,2026-05-14 19:27:15.000,2.34.2,163.0,37216.0,1592644116.0,,conda-forge/requests,requests,https://pypi.org/project/requests,2026-05-14 19:25:26.000,170345.0,1591463633.0,https://anaconda.org/conda-forge/requests,2026-05-15 13:18:42.657,86125009.0,1.0,,,,,,,,,,,,,,,,,
5,fastapi,tiangolo/fastapi,web-frameworks,,https://github.com/fastapi/fastapi,https://github.com/fastapi/fastapi,MIT,2018-12-08 08:21:47.000,2026-07-02 13:09:21.882000,2026-07-01 16:24:47,7451.0,434.0,9520,749.0,6029.0,1.0,3537.0,99908,"FastAPI framework, high performance, easy to learn, fast to code, ready for production.",936794.0,904582.0,899.0,50,True,"['fastapi', 'openapi']",2026-07-01 16:35:32.000,0.139.0,299.0,,484782310.0,fastapi/fastapi,conda-forge/fastapi,fastapi,https://pypi.org/project/fastapi,2026-07-01 16:35:32.000,32212.0,484713521.0,https://anaconda.org/conda-forge/fastapi,2026-07-02 13:09:21.882,5090418.0,1.0,,,,,,,,,,,,,,,,,
6,django,django/django,web-frameworks,,https://github.com/django/django,https://github.com/django/django,BSD-3-Clause,2012-04-28 02:47:18.000,2026-07-02 12:02:47.000000,2026-07-02 12:01:06,34745.0,311.0,33866,2263.0,21498.0,453.0,,88106,The Web framework for perfectionists with deadlines.,2054387.0,2031368.0,3460.0,50,True,['django'],2026-06-03 13:03:31.000,5.2.15,435.0,,50396828.0,,conda-forge/django,django,https://pypi.org/project/django,2026-06-24 17:34:04.000,23019.0,50346444.0,https://anaconda.org/conda-forge/django,2026-06-06 14:47:48.157,3678081.0,1.0,,,,,,,,,,,,,,,,,
7,flask,pallets/flask,web-frameworks,,https://github.com/pallets/flask,https://github.com/pallets/flask,BSD-3-Clause,2010-04-06 11:11:59.000,2026-06-10 18:03:29.000000,2026-05-31 14:42:46,5539.0,14.0,16817,2085.0,2851.0,3.0,2752.0,71794,The Python micro framework for building web applications.,2771644.0,2753005.0,862.0,50,True,['flask'],2026-02-19 05:01:30.000,3.1.3,64.0,12557.0,195898983.0,,conda-forge/flask,flask,https://pypi.org/project/flask,2026-02-19 05:00:56.000,18639.0,195696483.0,https://anaconda.org/conda-forge/flask,2026-02-19 08:21:51.563,12547225.0,1.0,,,,,,,,,,,,,,,,,
8,grpc,grpc/grpc,rpc,,https://github.com/grpc/grpc,https://github.com/grpc/grpc,Apache-2.0,2014-12-08 18:58:53.000,2026-07-02 13:33:53.000000,2026-07-02 10:51:01,58675.0,458.0,11170,1325.0,30583.0,1371.0,11286.0,44944,"C++ based gRPC (C++, Python, Ruby, Objective-C, PHP, C#).",13882.0,7271.0,1170.0,50,True,,2026-07-02 11:26:21.000,1.82.0,304.0,,423514439.0,,conda-forge/grpcio,grpcio,https://pypi.org/project/grpcio,2026-06-29 04:35:36.000,6611.0,423194679.0,https://anaconda.org/conda-forge/grpcio,2026-06-10 04:42:27.083,23342525.0,1.0,,,,,,,,,,,,,,,,,
9,selenium,SeleniumHQ/selenium,testing,,https://github.com/SeleniumHQ/selenium,https://github.com/SeleniumHQ/selenium,Apache-2.0,2013-01-14 21:40:56.000,2026-07-02 18:19:22.000000,2026-07-02 16:57:33,34626.0,405.0,8683,1247.0,6356.0,202.0,11104.0,34252,A browser automation framework and ecosystem.,376604.0,368758.0,938.0,50,True,,2026-06-16 13:59:48.000,selenium-4.45.0,230.0,31813866.0,56811182.0,,conda-forge/selenium,selenium,https://pypi.org/project/selenium,2026-06-16 04:43:55.000,7846.0,56513040.0,https://anaconda.org/conda-forge/selenium,2026-06-16 13:28:41.937,3054264.0,1.0,,,,,,,,,,,,,,,,,
10,Streamlit,streamlit/streamlit,web-ui,,https://github.com/streamlit/streamlit,https://github.com/streamlit/streamlit,Apache-2.0,2019-08-24 00:14:52.000,2026-07-02 16:11:41.000000,2026-07-02 13:08:17,10001.0,563.0,4304,328.0,9714.0,1283.0,4881.0,45124,Streamlit A faster way to build and share data apps.,1018912.0,1012411.0,932.0,48,True,,2026-05-28 18:02:51.000,1.58.0,264.0,,25772997.0,,,streamlit,https://pypi.org/project/streamlit,2026-05-28 18:02:41.000,6501.0,25772997.0,,,,1.0,,,,,,,,,,,,,,,,,
11,Scrapy,scrapy/scrapy,web-scraping,,https://github.com/scrapy/scrapy,https://github.com/scrapy/scrapy,BSD-3-Clause,2010-02-22 02:01:14.000,2026-07-01 07:16:01.000000,2026-07-01 07:16:01,11193.0,145.0,11619,1754.0,4324.0,626.0,2868.0,62863,"Scrapy, a fast high-level web crawling & scraping framework for Python.",57216.0,56143.0,734.0,47,True,,2026-05-19 12:39:31.000,2.16.0,112.0,,6242780.0,,conda-forge/scrapy,scrapy,https://pypi.org/project/scrapy,2026-05-19 12:29:17.000,1073.0,6212207.0,https://anaconda.org/conda-forge/scrapy,2026-05-19 17:35:51.867,2201271.0,1.0,,,,,,,,,,,,,,,,,
12,urllib3,urllib3/urllib3,http-clients,,https://github.com/urllib3/urllib3,https://github.com/urllib3/urllib3,MIT,2011-09-18 18:08:28.000,2026-06-30 20:48:57.000000,2026-06-30 20:48:57,4394.0,43.0,1390,97.0,2553.0,215.0,1231.0,4029,urllib3 is a user-friendly HTTP client library for Python.,2527660.0,2502934.0,396.0,47,True,,2026-05-07 16:32:49.000,2.7.0,108.0,92781.0,1667597414.0,,conda-forge/urllib3,urllib3,https://pypi.org/project/urllib3,2026-05-07 16:13:17.000,24726.0,1666297046.0,https://anaconda.org/conda-forge/urllib3,2026-05-07 21:18:09.992,93549799.0,1.0,,,,,,,,,,,,,,,,,
13,posthog,PostHog/posthog,monitoring,,https://github.com/PostHog/posthog,https://github.com/PostHog/posthog,MIT,2020-01-23 22:46:58.000,2026-07-02 18:39:35.000000,2026-07-02 18:39:34,48762.0,9787.0,2919,132.0,57895.0,4175.0,6818.0,35278,"PostHog is an all-in-one developer platform for building successful products. We offer product analytics, web..",853.0,153.0,20067.0,46,True,,2026-07-02 15:05:06.000,7.21.3,225.0,102638.0,45038328.0,,,posthog,https://pypi.org/project/posthog,2026-07-02 15:05:06.000,700.0,44935690.0,,,,1.0,,,,,,,,,,,,,,,,,
14,werkzeug,pallets/werkzeug,web-frameworks,,https://github.com/pallets/werkzeug,https://github.com/pallets/werkzeug,BSD-3-Clause,2010-10-18 11:42:40.000,2026-05-05 21:07:01.000000,2026-05-05 21:06:59,5926.0,30.0,1768,209.0,1883.0,5.0,1255.0,6874,The comprehensive WSGI web application library.,1724354.0,1719167.0,514.0,46,True,,2026-04-02 18:49:29.000,3.1.8,109.0,3821.0,247321916.0,,conda-forge/werkzeug,werkzeug,https://pypi.org/project/werkzeug,2026-04-02 18:49:12.000,5187.0,247039657.0,https://anaconda.org/conda-forge/werkzeug,2026-04-02 20:02:00.795,17497823.0,1.0,,,,,,,,,,,,,,,,,
15,tornado,tornadoweb/tornado,web-frameworks,,https://github.com/tornadoweb/tornado,https://github.com/tornadoweb/tornado,Apache-2.0,2009-09-09 04:55:16.000,2026-06-26 00:55:24.000000,2026-06-26 00:55:23,5050.0,38.0,5531,951.0,1774.0,215.0,1693.0,22188,"Tornado is a Python web framework and asynchronous networking library, originally developed at FriendFeed.",705860.0,701719.0,477.0,45,True,,2026-06-08 17:34:38.000,6.5.7,83.0,,123213309.0,,conda-forge/tornado,tornado,https://pypi.org/project/tornado,2026-06-08 17:34:38.000,4141.0,122150318.0,https://anaconda.org/conda-forge/tornado,2026-06-09 12:31:13.415,73346410.0,2.0,,,,,,,,,,,,,,,,,
16,starlette,encode/starlette,web-frameworks,,https://github.com/Kludex/starlette,https://github.com/Kludex/starlette,BSD-3-Clause,2018-06-25 13:16:21.000,2026-07-01 19:18:01.000000,2026-06-18 09:01:16,1656.0,63.0,1213,103.0,1966.0,10.0,760.0,12444,The little ASGI framework that shines.,435145.0,428345.0,332.0,45,True,,2026-06-12 09:23:10.000,1.3.1,197.0,,527670549.0,Kludex/starlette,conda-forge/starlette,starlette,https://pypi.org/project/starlette,2026-06-12 09:23:10.000,6800.0,527587867.0,https://anaconda.org/conda-forge/starlette,2026-06-14 14:25:25.132,5953117.0,2.0,,,,,,,,,,,,,,,,,
17,gunicorn,benoitc/gunicorn,servers,,https://github.com/benoitc/gunicorn,https://github.com/benoitc/gunicorn,,2009-11-30 18:18:08.000,2026-07-01 21:42:46.000000,2026-06-15 16:33:38,3617.0,72.0,1839,216.0,1287.0,121.0,2154.0,10610,"gunicorn Green Unicorn is a WSGI HTTP Server for UNIX, fast clients and sleepy applications.",1578887.0,1575326.0,440.0,45,False,,2026-05-05 06:38:23.000,26.0.0,99.0,114.0,126982442.0,,conda-forge/gunicorn,gunicorn,https://pypi.org/project/gunicorn,2026-05-05 06:38:23.000,3561.0,126905060.0,https://anaconda.org/conda-forge/gunicorn,2026-05-05 13:00:27.217,5339387.0,1.0,,,,,,,,,,,,,,,,,
18,google-api-python-client,googleapis/google-api-python-client,third-party-apis,,https://github.com/googleapis/google-api-python-client,https://github.com/googleapis/google-api-python-client,Apache-2.0,2014-01-08 21:55:56.000,2026-06-30 08:41:14.000000,2026-06-30 08:40:28,1951.0,15.0,2574,295.0,1516.0,49.0,1135.0,8870,The official Python client library for Googles discovery based APIs.,291680.0,286731.0,202.0,45,True,,2026-06-25 14:32:39.000,2.198.0,286.0,,182128425.0,,conda-forge/google-api-python-client,google-api-python-client,https://pypi.org/project/google-api-python-client,2026-06-25 14:32:39.000,4949.0,182055632.0,https://anaconda.org/conda-forge/google-api-python-client,2026-06-25 16:13:42.449,5386691.0,1.0,,,,,,,,,,,,,,,,,
19,django-rest-framework,encode/django-rest-framework,web-frameworks,,https://github.com/encode/django-rest-framework,https://github.com/encode/django-rest-framework,BSD-3-Clause,2011-03-02 17:13:56.000,2026-07-01 13:12:05.000000,2026-07-01 13:11:32,9010.0,16.0,7077,599.0,5024.0,78.0,3931.0,30086,Web APIs for Django.,856919.0,856810.0,1485.0,44,True,['django'],2026-04-19 00:22:20.000,3.15.0,47.0,74.0,138300.0,,conda-forge/djangorestframework,django-rest-framework,https://pypi.org/project/django-rest-framework,2017-07-20 17:14:33.000,109.0,117770.0,https://anaconda.org/conda-forge/djangorestframework,2026-03-25 10:16:51.039,1457678.0,2.0,,,,,,,,,,,,,,,,,
20,OpenAPI Generator,OpenAPITools/openapi-generator,openapi-utils,,https://github.com/OpenAPITools/openapi-generator,https://github.com/OpenAPITools/openapi-generator,Apache-2.0,2018-05-12 09:57:56.000,2026-07-02 11:19:32.000000,2026-07-02 11:19:32,22666.0,409.0,7588,218.0,14083.0,5738.0,4838.0,26476,"OpenAPI Generator allows generation of API client libraries (SDK generation), server stubs, documentation and..",1525.0,5.0,3823.0,44,True,['openapi'],2026-06-30 02:55:19.811,2.39.1,769.0,1590.0,6132326.0,,,openapi-generator-cli,https://pypi.org/project/openapi-generator-cli,2026-06-10 03:51:09.000,25.0,703983.0,,,,1.0,org.openapitools.openapi-generator,@openapitools/openapi-generator-cli,https://www.npmjs.com/package/@openapitools/openapi-generator-cli,2026-06-30 02:55:19.811,1495.0,5428327.0,https://search.maven.org/artifact/org.openapitools.openapi-generator,,,,,,,,,,
21,wagtail,wagtail/wagtail,cms,,https://github.com/wagtail/wagtail,https://github.com/wagtail/wagtail,BSD-3-Clause,2014-02-03 12:41:59.000,2026-07-02 16:44:42.000000,2026-07-01 08:46:31,20146.0,281.0,4538,325.0,8246.0,979.0,4729.0,20382,A Django content management system focused on flexibility and user experience.,12842.0,11938.0,1099.0,44,True,['django'],2026-06-15 15:36:15.000,7.4.2,294.0,,2191469.0,,conda-forge/wagtail,wagtail,https://pypi.org/project/wagtail,2026-06-15 15:36:15.000,904.0,2186745.0,https://anaconda.org/conda-forge/wagtail,2026-06-15 18:19:49.784,231513.0,1.0,,,,,,,,,,,,,,,,,
22,uvicorn,encode/uvicorn,servers,,https://github.com/Kludex/uvicorn,https://github.com/Kludex/uvicorn,BSD-3-Clause,2017-05-31 13:13:43.000,2026-07-01 06:04:19.000000,2026-07-01 06:04:17,1506.0,55.0,971,97.0,1730.0,18.0,696.0,10804,"An ASGI web server, for Python.",915943.0,897078.0,218.0,44,True,,2026-06-03 22:01:29.000,0.49.0,193.0,,503136646.0,Kludex/uvicorn,conda-forge/uvicorn,uvicorn,https://pypi.org/project/uvicorn,2026-06-03 22:01:29.000,18865.0,503034767.0,https://anaconda.org/conda-forge/uvicorn,2026-06-04 12:00:09.690,7029677.0,1.0,,,,,,,,,,,,,,,,,
23,django-allauth,pennersr/django-allauth,auth,,https://github.com/pennersr/django-allauth,https://github.com/pennersr/django-allauth,MIT,2010-10-10 20:10:52.000,2026-06-22 02:22:34.000000,2026-05-29 12:46:58,4096.0,59.0,3110,192.0,,1.0,2407.0,10345,"Integrated set of Django applications addressing authentication, registration, account management as well as 3rd party..",274317.0,274017.0,806.0,44,True,['django'],2026-05-29 13:01:16.000,65.18.0,132.0,,4491829.0,,conda-forge/django-allauth,django-allauth,https://pypi.org/project/django-allauth,2026-05-29 13:01:16.000,300.0,4484395.0,https://anaconda.org/conda-forge/django-allauth,2026-05-30 13:27:34.173,379178.0,1.0,,,,,,,,,,,,,,,,,
24,twisted,twisted/twisted,others,,https://github.com/twisted/twisted,https://github.com/twisted/twisted,MIT,2011-07-01 20:40:42.000,2026-07-02 11:19:23.000000,2026-07-02 11:19:23,31516.0,177.0,1212,169.0,2219.0,2800.0,7761.0,5972,Event-driven networking engine written in Python.,108093.0,106803.0,307.0,44,True,,2026-05-11 11:24:49.000,26.4.0,112.0,,14288031.0,,conda-forge/twisted,twisted,https://pypi.org/project/twisted,2026-05-11 11:24:49.000,1290.0,14264233.0,https://anaconda.org/conda-forge/twisted,2026-05-11 14:53:54.910,1642063.0,1.0,,,,,,,,,,,,,,,,,
25,coverage,nedbat/coveragepy,testing,,https://github.com/coveragepy/coveragepy,https://github.com/coveragepy/coveragepy,Apache-2.0,2018-06-23 17:44:53.000,2026-07-02 13:26:06.000000,2026-07-02 13:24:17,7471.0,83.0,498,34.0,543.0,258.0,1405.0,3389,The code coverage tool for Python.,537126.0,512487.0,207.0,44,True,,2026-07-02 13:14:02.000,7.15.0,190.0,,280767820.0,coveragepy/coveragepy,conda-forge/coverage,coverage,https://pypi.org/project/coverage,2026-07-02 13:08:19.000,24639.0,280282968.0,https://anaconda.org/conda-forge/coverage,2026-06-23 01:53:58.981,34909403.0,1.0,,,,,,,,,,,,,,,,,
26,sentry,getsentry/sentry,monitoring,,https://github.com/getsentry/sentry,https://github.com/getsentry/sentry,SSPL-1.0,2010-08-30 22:06:41.000,2026-07-02 18:17:00.000000,2026-07-02 18:08:22,106324.0,5270.0,4691,664.0,100198.0,2095.0,15357.0,44204,Developer-first error tracking and performance monitoring.,896.0,755.0,1060.0,43,True,,2026-06-15 23:54:15.000,26.6.0,378.0,4418.0,27524.0,,conda-forge/sentry-sdk,sentry,https://pypi.org/project/sentry,2023-07-25 17:18:50.000,141.0,3164.0,https://anaconda.org/conda-forge/sentry-sdk,2026-06-30 12:17:28.475,1773165.0,1.0,,,,,,,,,,,,,,,,,
27,mitmproxy,mitmproxy/mitmproxy,testing,,https://github.com/mitmproxy/mitmproxy,https://github.com/mitmproxy/mitmproxy,MIT,2010-02-16 04:10:13.000,2026-07-01 22:06:18.000000,2026-06-24 18:28:26,11176.0,66.0,4567,625.0,3521.0,432.0,3306.0,44147,An interactive TLS-capable intercepting HTTP proxy for penetration testers and software developers.,5674.0,5404.0,607.0,43,True,,2026-05-12 14:09:49.000,12.2.3,88.0,226290.0,5834740.0,,,mitmproxy,https://pypi.org/project/mitmproxy,2026-05-12 14:09:49.000,270.0,5833281.0,,,,1.0,,,,,,,,,,,,,,,,,
28,python-telegram-bot,python-telegram-bot/python-telegram-bot,third-party-apis,,https://github.com/python-telegram-bot/python-telegram-bot,https://github.com/python-telegram-bot/python-telegram-bot,GPL-3.0,2015-07-07 15:30:39.000,2026-07-01 01:10:50.000000,2026-07-01 01:10:49,3199.0,44.0,6076,597.0,2399.0,25.0,2316.0,29277,We have made you a wrapper you cant refuse.,159388.0,157861.0,211.0,43,True,,2026-06-12 08:11:08.000,22.8,155.0,46956.0,42284388.0,,conda-forge/python-telegram-bot,python-telegram-bot,https://pypi.org/project/python-telegram-bot,2026-06-12 08:10:27.000,1527.0,42281144.0,https://anaconda.org/conda-forge/python-telegram-bot,2026-06-13 09:58:04.965,205653.0,1.0,,,,,,,,,,,,,,,,,
29,Locust,locustio/locust,testing,,https://github.com/locustio/locust,https://github.com/locustio/locust,MIT,2011-02-17 11:08:03.000,2026-07-01 03:11:13.000000,2026-06-30 17:12:48,6414.0,95.0,3219,413.0,1555.0,11.0,1773.0,27958,Write scalable load tests in plain Python.,18291.0,17985.0,391.0,43,True,,2026-06-18 15:35:53.000,2.44.4,977.0,,13026661.0,,conda-forge/locust,locust,https://pypi.org/project/locust,2026-06-30 17:21:38.000,306.0,13021900.0,https://anaconda.org/conda-forge/locust,2026-06-18 20:32:19.877,352372.0,1.0,,,,,,,,,,,,,,,,,
30,GitPython,gitpython-developers/GitPython,third-party-apis,,https://github.com/gitpython-developers/GitPython,https://github.com/gitpython-developers/GitPython,BSD-3-Clause,2010-11-30 17:34:03.000,2026-07-01 13:56:00.000000,2026-07-01 13:55:52,4504.0,89.0,979,100.0,881.0,180.0,911.0,5140,GitPython is a python library used to interact with Git repositories.,435639.0,426316.0,353.0,43,True,,2026-05-10 21:52:00.000,3.1.50,104.0,,272928092.0,,conda-forge/gitpython,gitpython,https://pypi.org/project/gitpython,2026-05-06 04:01:23.000,9323.0,272699449.0,https://anaconda.org/conda-forge/gitpython,2026-05-06 11:10:51.995,16919605.0,1.0,,,,,,,,,,,,,,,,,
31,discord.py,Rapptz/discord.py,third-party-apis,,https://github.com/Rapptz/discord.py,https://github.com/Rapptz/discord.py,MIT,2015-08-21 22:19:08.000,2026-05-25 18:35:24.000000,2026-05-21 14:34:48,5413.0,10.0,3930,249.0,3158.0,150.0,2971.0,16100,An API wrapper for Discord written in Python.,56158.0,54844.0,455.0,42,True,,2026-03-03 18:40:44.000,2.7.1,88.0,,6927233.0,,conda-forge/discord.py,discord.py,https://pypi.org/project/discord.py,2026-03-03 18:40:44.000,1314.0,6926657.0,https://anaconda.org/conda-forge/discord.py,2025-04-22 14:57:44.300,38024.0,1.0,,,,,,,,,,,,,,,,,
32,gevent,gevent/gevent,servers,,https://github.com/gevent/gevent,https://github.com/gevent/gevent,MIT,2012-09-13 22:03:03.000,2026-07-02 18:10:01.000000,2026-07-02 18:09:55,6207.0,47.0,963,230.0,699.0,130.0,1346.0,6442,Coroutine-based concurrency library for Python.,156067.0,153743.0,124.0,42,True,,2026-05-20 20:12:50.000,26.5.0,96.0,65249.0,53177665.0,,conda-forge/gevent,gevent,https://pypi.org/project/gevent,2026-05-20 20:12:50.000,2324.0,53144476.0,https://anaconda.org/conda-forge/gevent,2026-05-21 07:20:58.762,2424757.0,2.0,,,,,,,,,,,,,,,,,
33,SeleniumBase,seleniumbase/SeleniumBase,testing,,https://github.com/seleniumbase/SeleniumBase,https://github.com/seleniumbase/SeleniumBase,MIT,2014-03-04 23:07:33.000,2026-07-01 02:12:59.000000,2026-07-01 02:10:59,10093.0,204.0,1568,156.0,1352.0,15.0,2016.0,12825,"Browser automation for testing, scraping, and stealth. Works with Playwright. Lots of examples.",2862.0,2743.0,40.0,41,True,,2026-07-01 02:12:59.000,4.50.4,1179.0,,2898278.0,,,seleniumbase,https://pypi.org/project/seleniumbase,2026-07-01 02:12:59.000,119.0,2898278.0,,,,1.0,,,,,,,,,,,,,,,,,
34,scapy,secdev/scapy,others,,https://github.com/secdev/scapy,https://github.com/secdev/scapy,GPL-2.0,2015-10-01 17:06:46.000,2026-07-02 04:09:16.000000,2026-07-02 04:09:16,6849.0,57.0,2202,224.0,3255.0,131.0,1697.0,12399,Scapy: the Python-based interactive packet manipulation program & library.,24276.0,23512.0,531.0,41,True,,2025-12-26 22:07:48.000,2.7.0,32.0,,6904963.0,,conda-forge/scapy,scapy,https://pypi.org/project/scapy,2026-04-13 20:54:07.000,764.0,6902410.0,https://anaconda.org/conda-forge/scapy,2025-12-27 00:28:08.944,178769.0,1.0,,,,,,,,,,,,,,,,,
35,django-cms,django-cms/django-cms,cms,,https://github.com/django-cms/django-cms,https://github.com/django-cms/django-cms,BSD-3-Clause,2009-03-05 10:14:18.000,2026-07-02 10:30:39.000000,2026-07-01 13:24:33,16523.0,77.0,3196,382.0,4950.0,14.0,3651.0,10652,The easy-to-use and developer-friendly enterprise CMS powered by Django.,5881.0,5518.0,603.0,41,True,['django'],2026-06-10 13:48:04.000,5.0.8,144.0,,134090.0,,,django-cms,https://pypi.org/project/django-cms,2026-06-10 13:48:04.000,363.0,134090.0,,,,2.0,,,,,,,,,,,,,,,,,
36,WeasyPrint,Kozea/WeasyPrint,html-processing,,https://github.com/Kozea/WeasyPrint,https://github.com/Kozea/WeasyPrint,BSD-3-Clause,2011-08-09 14:14:24.000,2026-07-02 07:06:11.000000,2026-07-02 07:06:11,6474.0,72.0,825,127.0,595.0,184.0,2057.0,9338,The awesome document factory.,31587.0,30491.0,185.0,41,True,,2026-06-02 14:42:23.000,69.0,119.0,30471.0,30134551.0,,conda-forge/weasyprint,weasyprint,https://pypi.org/project/weasyprint,2026-06-02 14:42:15.000,1096.0,30128620.0,https://anaconda.org/conda-forge/weasyprint,2026-06-09 09:47:17.453,403625.0,1.0,,,,,,,,,,,,,,,,,
37,pyTelegramBotAPI,eternnoir/pyTelegramBotAPI,third-party-apis,,https://github.com/eternnoir/pyTelegramBotAPI,https://github.com/eternnoir/pyTelegramBotAPI,GPL-2.0,2015-06-26 06:56:25.000,2026-06-17 09:52:19.000000,2026-06-17 09:52:11,3251.0,74.0,2142,228.0,1036.0,1.0,1326.0,8749,Python Telegram bot api.,65036.0,64694.0,272.0,41,True,,2026-06-03 20:37:12.000,4.34.0,144.0,,1107805.0,,,pytelegrambotapi,https://pypi.org/project/pytelegrambotapi,2026-06-03 20:25:27.000,342.0,1107805.0,,,,1.0,,,,,,,,,,,,,,,,,
38,django-debug-toolbar,jazzband/django-debug-toolbar,admin-ui,,https://github.com/django-commons/django-debug-toolbar,https://github.com/django-commons/django-debug-toolbar,BSD-3-Clause,2008-08-28 06:58:04.000,2026-06-29 21:02:40.000000,2026-06-28 23:19:55,2948.0,49.0,1090,106.0,1364.0,65.0,956.0,8374,A configurable set of panels that display various debug information about the current request/response.,107518.0,107129.0,329.0,41,True,,2026-06-19 00:21:48.000,7.0.0,81.0,431.0,9100695.0,django-commons/django-debug-toolbar,conda-forge/django-debug-toolbar,django-debug-toolbar,https://pypi.org/project/django-debug-toolbar,2026-06-19 00:21:21.000,389.0,9092204.0,https://anaconda.org/conda-forge/django-debug-toolbar,2026-06-19 10:16:56.097,594247.0,1.0,,,,,,,,,,,,,,,,,
39,lxml,lxml/lxml,html-processing,,https://github.com/lxml/lxml,https://github.com/lxml/lxml,BSD-3-Clause,2011-02-11 05:43:11.000,2026-07-02 11:44:17.000000,2026-06-24 07:23:18,7047.0,195.0,618,81.0,461.0,14.0,,3040,The lxml XML toolkit for Python.,637288.0,616459.0,179.0,41,True,,2026-06-16 21:15:08.000,lxml-7.0.0a3,179.0,5197.0,361696568.0,,conda-forge/lxml,lxml,https://pypi.org/project/lxml,2026-06-17 01:55:15.000,20829.0,361409149.0,https://anaconda.org/conda-forge/lxml,2026-05-19 13:19:40.411,21262254.0,1.0,,,,,,,,,,,,,,,,,
40,youtube-dl,ytdl-org/youtube-dl,third-party-apis,,https://github.com/ytdl-org/youtube-dl,https://github.com/ytdl-org/youtube-dl,Unlicense,2010-10-31 14:35:07.000,2026-02-19 16:45:25.000000,2025-11-26 03:02:36,18977.0,,10501,2151.0,5014.0,4140.0,23203.0,140629,Command-line program to download videos from YouTube.com and other video sites.,728.0,,1011.0,40,True,,2021-12-16 19:02:14.000,2021.12.17,955.0,58210346.0,921455.0,,conda-forge/youtube-dl,youtube_dl,https://pypi.org/project/youtube_dl,2021-12-16 19:02:14.000,728.0,243151.0,https://anaconda.org/conda-forge/youtube-dl,2025-04-22 14:56:44.986,2332740.0,1.0,,,,,,,,youtube-dl,,,,,,,,,
41,jinja,pallets/jinja,others,,https://github.com/pallets/jinja,https://github.com/pallets/jinja,BSD-3-Clause,2010-10-17 13:41:17.000,2025-11-30 15:40:39.696000,2025-06-14 20:34:58,2949.0,,1745,247.0,1024.0,92.0,1011.0,11673,A very fast and expressive template engine.,24474.0,24.0,335.0,40,False,,2025-03-05 20:05:10.000,3.1.6,52.0,79451.0,650816560.0,,conda-forge/jinja2,jinja2,https://pypi.org/project/jinja2,2025-03-05 20:05:00.000,24450.0,649756330.0,https://anaconda.org/conda-forge/jinja2,2025-11-30 15:40:39.696,69924864.0,1.0,,,,,,,,,,,,,,,,,
42,PyGithub,PyGithub/PyGithub,third-party-apis,,https://github.com/PyGithub/PyGithub,https://github.com/PyGithub/PyGithub,LGPL-3.0,2012-02-25 12:53:47.000,2026-06-16 11:10:47.000000,2026-06-16 11:10:44,2533.0,31.0,1875,110.0,1688.0,395.0,1441.0,7739,Typed interactions with the GitHub API v3.,76183.0,73434.0,427.0,40,True,,2026-04-14 07:26:12.000,2.9.1,108.0,,84114328.0,,conda-forge/pygithub,pygithub,https://pypi.org/project/pygithub,2026-04-14 07:26:12.000,2749.0,84002041.0,https://anaconda.org/conda-forge/pygithub,2026-04-14 10:12:17.172,8309285.0,1.0,,,,,,,,,,,,,,,,,
43,flask-admin,flask-admin/flask-admin,admin-ui,,https://github.com/pallets-eco/flask-admin,https://github.com/pallets-eco/flask-admin,BSD-3-Clause,2012-03-18 23:21:57.000,2026-07-01 07:03:11.000000,2026-06-25 11:14:42,3782.0,51.0,1640,148.0,1414.0,86.0,1420.0,6061,Simple and extensible administrative interface framework for Flask.,33389.0,33177.0,390.0,40,True,['flask'],2026-05-07 09:18:24.000,2.2.0,52.0,658.0,2469338.0,pallets-eco/flask-admin,conda-forge/flask-admin,flask-admin,https://pypi.org/project/flask-admin,2026-05-07 09:17:59.000,212.0,2463097.0,https://anaconda.org/conda-forge/flask-admin,2026-05-07 12:44:05.353,430406.0,1.0,,,,,,,,,,,,,,,,,
44,Panel,holoviz/panel,web-ui,,https://github.com/holoviz/panel,https://github.com/holoviz/panel,BSD-3-Clause,2018-08-23 12:14:24.000,2026-07-02 12:49:04.000000,2026-07-02 12:49:02,5092.0,95.0,606,61.0,4510.0,1103.0,3017.0,5709,Panel: The powerful data exploration & web app framework for Python.,19574.0,18897.0,250.0,40,True,,2026-06-01 19:25:14.000,1.9.3,505.0,25.0,3269120.0,,,panel,https://pypi.org/project/panel,2026-06-01 16:01:59.000,677.0,3269120.0,,,,1.0,,,,,,,,,,,,,,,,,
45,websockets,aaugustin/websockets,websocket,,https://github.com/python-websockets/websockets,https://github.com/python-websockets/websockets,BSD-3-Clause,2013-03-30 08:59:30.000,2026-06-28 19:43:42.000000,2026-06-28 19:43:31,1743.0,13.0,588,107.0,489.0,16.0,1204.0,5696,Library for building WebSocket servers and clients in Python.,396375.0,388627.0,85.0,40,True,,2026-01-10 09:23:48.000,16.0,48.0,,410704830.0,python-websockets/websockets,conda-forge/websockets,websockets,https://pypi.org/project/websockets,2026-01-10 09:22:21.000,7748.0,410598362.0,https://anaconda.org/conda-forge/websockets,2026-01-10 23:29:36.038,7452784.0,1.0,,,,,,,,,-1.0,,,,,,,,
46,pyjwt,jpadilla/pyjwt,auth,,https://github.com/jpadilla/pyjwt,https://github.com/jpadilla/pyjwt,MIT,2011-02-24 20:25:09.000,2026-06-29 21:30:35.000000,2026-05-21 19:34:15,965.0,4.0,763,59.0,669.0,56.0,462.0,5668,JSON Web Token implementation in Python.,829112.0,820124.0,165.0,40,True,,2026-05-21 19:54:35.000,2.13.0,55.0,,617011838.0,,conda-forge/pyjwt,pyjwt,https://pypi.org/project/pyjwt,2026-05-21 19:54:35.000,8988.0,616648339.0,https://anaconda.org/conda-forge/pyjwt,2026-05-21 21:51:51.231,23990967.0,1.0,,,,,,,,,,,,,,,,,
47,markdown,Python-Markdown/markdown,markdown,,https://github.com/Python-Markdown/markdown,https://github.com/Python-Markdown/markdown,BSD-3-Clause,2010-05-29 02:59:45.000,2026-07-02 12:49:55.000000,2026-07-02 12:49:55,1647.0,3.0,902,74.0,643.0,27.0,931.0,4218,A Python implementation of John Grubers Markdown with Extension support.,521994.0,515705.0,187.0,40,True,,2026-02-09 14:57:29.000,3.10.2,61.0,704.0,108120426.0,,conda-forge/markdown,markdown,https://pypi.org/project/markdown,2026-02-09 14:57:25.000,6289.0,107945785.0,https://anaconda.org/conda-forge/markdown,2026-02-10 03:37:58.169,12048819.0,1.0,,,,,,,,,,,,,,,,,
48,mistune,lepture/mistune,markdown,,https://github.com/lepture/mistune,https://github.com/lepture/mistune,BSD-3-Clause,2014-02-18 10:13:04.000,2026-06-28 03:40:26.000000,2026-06-28 03:40:26,796.0,63.0,291,39.0,135.0,25.0,295.0,3050,A fast yet powerful Python Markdown parser with renderers and plugins.,375794.0,374081.0,63.0,40,True,,2026-06-23 00:29:43.000,3.3.2,54.0,,76360721.0,,conda-forge/mistune,mistune,https://pypi.org/project/mistune,2026-06-23 00:29:27.000,1713.0,75962300.0,https://anaconda.org/conda-forge/mistune,2026-06-23 12:37:58.746,27491069.0,1.0,,,,,,,,,,,,,,,,,
49,dnspython,rthalley/dnspython,others,,https://github.com/rthalley/dnspython,https://github.com/rthalley/dnspython,ISC,2011-08-24 11:36:39.000,2026-06-28 01:01:37.000000,2026-06-28 01:00:10,2657.0,21.0,557,55.0,630.0,5.0,592.0,2664,a powerful DNS toolkit for python.,454537.0,452050.0,134.0,40,True,,2025-09-07 19:06:14.000,2.8.0,50.0,2388.0,286976072.0,,conda-forge/dnspython,dnspython,https://pypi.org/project/dnspython,2025-09-07 18:57:58.000,2487.0,286871762.0,https://anaconda.org/conda-forge/dnspython,2025-09-08 00:54:36.206,7296999.0,1.0,,,,,,,,,,,,,,,,,
50,wtforms,wtforms/wtforms,forms,,https://github.com/pallets-eco/wtforms,https://github.com/pallets-eco/wtforms,BSD-3-Clause,2013-09-11 01:53:07.000,2026-06-29 08:33:53.000000,2026-06-29 08:33:52,1850.0,101.0,407,45.0,448.0,25.0,454.0,1576,A flexible forms validation and rendering library for Python.,260214.0,259520.0,176.0,40,True,,2026-05-03 05:54:36.000,3.2.2,34.0,124.0,19513939.0,pallets-eco/wtforms,conda-forge/wtforms,wtforms,https://pypi.org/project/wtforms,2026-06-15 12:25:08.000,694.0,19507471.0,https://anaconda.org/conda-forge/wtforms,2026-05-03 12:28:22.519,465682.0,1.0,,,,,,,,,,,,,,,,,
51,sanic,sanic-org/sanic,web-frameworks,,https://github.com/sanic-org/sanic,https://github.com/sanic-org/sanic,MIT,2016-05-26 04:38:22.000,2026-06-03 22:36:40.108000,2026-05-31 19:29:09,2964.0,1.0,1591,391.0,1690.0,133.0,1368.0,18629,Accelerate your web app development | Build fast. Run fast.,19977.0,19152.0,369.0,39,True,,2026-05-31 19:45:45.000,25.12.1,84.0,,1758477.0,,conda-forge/sanic,sanic,https://pypi.org/project/sanic,2026-05-31 19:45:45.000,825.0,1748224.0,https://anaconda.org/conda-forge/sanic,2026-06-03 22:36:40.108,748482.0,2.0,,,,,,,,,,,,,,,,,
52,impacket,SecureAuthCorp/impacket,others,,https://github.com/fortra/impacket,https://github.com/fortra/impacket,Apache-2.0,2015-04-15 14:04:07.000,2026-06-19 20:48:56.000000,2026-06-19 20:48:56,4246.0,46.0,3931,369.0,1152.0,160.0,892.0,15866,Impacket is a collection of Python classes for working with network protocols.,6746.0,6571.0,311.0,39,True,,2026-05-19 15:39:49.000,impacket_0_13_1,19.0,280055.0,701917.0,fortra/impacket,,impacket,https://pypi.org/project/impacket,2026-05-19 15:30:36.000,175.0,699828.0,,,,1.0,,,,,,,,,,,,,,,,,
53,httpx,encode/httpx,http-clients,,https://github.com/encode/httpx,https://github.com/encode/httpx,BSD-3-Clause,2019-04-04 12:27:00.000,2026-03-29 00:19:16.000000,2026-02-23 10:40:42,1523.0,,1171,120.0,1805.0,101.0,,15328,A next generation HTTP client for Python.,668571.0,646370.0,247.0,39,True,,2024-12-06 15:37:21.000,0.28.1,75.0,,716028032.0,,conda-forge/httpx,httpx,https://pypi.org/project/httpx,2025-09-15 16:15:10.000,22201.0,715762878.0,https://anaconda.org/conda-forge/httpx,2025-04-22 14:57:16.772,19621412.0,2.0,,,,,,,,,,,,,,,,,
54,tweepy,tweepy/tweepy,third-party-apis,,https://github.com/tweepy/tweepy,https://github.com/tweepy/tweepy,MIT,2009-07-06 04:15:34.000,2025-07-11 20:32:50.000000,2025-07-11 20:32:01,3131.0,,4604,259.0,587.0,98.0,1222.0,11171,Twitter for Python!.,66125.0,65568.0,249.0,39,True,,2025-06-22 01:18:16.000,4.16.0,49.0,267.0,3585344.0,,conda-forge/tweepy,tweepy,https://pypi.org/project/tweepy,2025-06-22 01:17:49.000,557.0,3577848.0,https://anaconda.org/conda-forge/tweepy,2025-06-23 11:53:49.548,539681.0,2.0,,,,,,,,,,,,,,,,,
55,gspread,burnash/gspread,third-party-apis,,https://github.com/burnash/gspread,https://github.com/burnash/gspread,MIT,2011-12-02 10:46:20.000,2026-06-25 09:09:15.261000,2026-06-23 07:37:50,2069.0,11.0,972,155.0,642.0,67.0,895.0,7480,Google Sheets Python API.,55300.0,54763.0,193.0,39,True,,2025-05-14 15:56:24.000,6.2.1,83.0,32491.0,41700698.0,,conda-forge/gspread,gspread,https://pypi.org/project/gspread,2025-05-14 15:56:24.000,537.0,41693490.0,https://anaconda.org/conda-forge/gspread,2026-06-25 09:09:15.261,502663.0,2.0,,,,,,,,,,,,,,,,,
56,weblate,WeblateOrg/weblate,others,,https://github.com/WeblateOrg/weblate,https://github.com/WeblateOrg/weblate,GPL-3.0,2012-02-27 09:33:29.000,2026-07-02 14:46:06.000000,2026-07-02 14:42:39,87712.0,4504.0,1298,95.0,12797.0,497.0,5958.0,5967,Web based localization tool with tight version control integration.,54.0,54.0,2159.0,39,True,,2026-07-01 15:08:34.000,weblate-2026.7,170.0,10314.0,263215.0,,,weblate,https://pypi.org/project/weblate,2026-07-01 15:10:15.000,,263052.0,,,,1.0,,,,,,,,,,,,,,,,,
57,flask-sqlalchemy,pallets/flask-sqlalchemy,flask-utils,,https://github.com/pallets-eco/flask-sqlalchemy,https://github.com/pallets-eco/flask-sqlalchemy,BSD-3-Clause,2010-06-01 15:01:50.000,2026-05-18 23:27:00.000000,2026-05-18 23:26:59,1159.0,16.0,904,111.0,660.0,21.0,660.0,4314,Adds SQLAlchemy support to Flask.,539727.0,538399.0,122.0,39,True,['flask'],2023-09-11 21:43:39.000,3.1.1,35.0,1176.0,31305312.0,pallets-eco/flask-sqlalchemy,conda-forge/flask-sqlalchemy,flask-sqlalchemy,https://pypi.org/project/flask-sqlalchemy,2023-09-11 21:42:34.000,1328.0,31292527.0,https://anaconda.org/conda-forge/flask-sqlalchemy,2025-12-01 16:04:19.932,945446.0,1.0,,,,,,,,,,,,,,,,,
58,pyzmq,zeromq/pyzmq,others,,https://github.com/zeromq/pyzmq,https://github.com/zeromq/pyzmq,Revised BSD,2010-07-21 07:20:37.000,2026-07-01 14:43:08.000000,2026-06-03 15:47:41,3917.0,24.0,657,102.0,1105.0,53.0,1029.0,4151,PyZMQ: Python bindings for zeromq.,521797.0,519285.0,205.0,39,False,,2025-09-08 23:07:26.000,27.1.0,106.0,21273.0,99635575.0,,conda-forge/pyzmq,pyzmq,https://pypi.org/project/pyzmq,2025-09-08 23:07:26.000,2512.0,99023992.0,https://anaconda.org/conda-forge/pyzmq,2026-05-22 21:14:09.038,44024094.0,1.0,,,,,,,,,,,,,,,,,
59,datamodel-code-generator,koxudaxi/datamodel-code-generator,openapi-utils,,https://github.com/koxudaxi/datamodel-code-generator,https://github.com/koxudaxi/datamodel-code-generator,MIT,2019-05-29 08:01:32.000,2026-07-02 17:37:40.000000,2026-07-02 17:37:39,2138.0,379.0,449,25.0,2648.0,22.0,823.0,3955,"Generate Pydantic v2 models, dataclasses, TypedDict, and msgspec.Struct from OpenAPI, JSON Schema, GraphQL, Avro,..",4242.0,3664.0,227.0,39,True,['openapi'],2026-07-01 16:03:35.000,0.66.3,262.0,,15041957.0,,,datamodel-code-generator,https://pypi.org/project/datamodel-code-generator,2026-07-01 16:03:35.000,578.0,15041957.0,,,,1.0,,,,,,,,,,,,,,,,,
60,django-import-export,django-import-export/django-import-export,django-utils,,https://github.com/django-import-export/django-import-export,https://github.com/django-import-export/django-import-export,BSD-2-Clause,2012-11-15 13:12:22.000,2026-06-30 08:52:45.000000,2026-06-30 08:52:43,1680.0,22.0,825,58.0,1002.0,26.0,1109.0,3328,Django application and library for importing and exporting data with admin integration.,133086.0,132871.0,245.0,39,True,['django'],2026-05-05 12:42:42.000,4.4.1,110.0,,2801036.0,,conda-forge/django-import-export,django-import-export,https://pypi.org/project/django-import-export,2026-05-05 12:42:42.000,215.0,2797570.0,https://anaconda.org/conda-forge/django-import-export,2026-05-05 15:44:35.491,253041.0,1.0,,,,,,,,,,,,,,,,,
61,oauthlib,oauthlib/oauthlib,auth,,https://github.com/oauthlib/oauthlib,https://github.com/oauthlib/oauthlib,BSD-3-Clause,2011-11-19 23:08:51.000,2026-06-10 20:23:01.000000,2026-04-22 08:13:47,1819.0,1.0,503,62.0,552.0,95.0,309.0,2971,"A generic, spec-compliant, thorough implementation of the OAuth request-signing logic.",653303.0,651573.0,204.0,39,True,,2025-06-20 05:53:03.000,3.3.1,52.0,,316226408.0,,conda-forge/oauthlib,oauthlib,https://pypi.org/project/oauthlib,2025-06-19 22:48:06.000,1730.0,315950725.0,https://anaconda.org/conda-forge/oauthlib,2025-06-20 10:29:41.030,17092392.0,1.0,,,,,,,,,,,,,,,,,
62,pyopenssl,pyca/pyopenssl,others,,https://github.com/pyca/pyopenssl,https://github.com/pyca/pyopenssl,Apache-2.0,2014-01-09 20:10:36.000,2026-06-30 10:55:28.000000,2026-06-30 10:55:20,2418.0,26.0,431,51.0,956.0,87.0,495.0,943,A Python wrapper around the OpenSSL library.,284787.0,281589.0,116.0,39,True,,2026-06-12 20:28:05.000,26.3.0,46.0,,279369555.0,,conda-forge/pyopenssl,pyopenssl,https://pypi.org/project/pyopenssl,2026-06-12 20:28:05.000,3198.0,278646617.0,https://anaconda.org/conda-forge/pyopenssl,2026-06-14 01:58:01.790,49159821.0,1.0,,,,,,,,,,,,,,,,,
63,certbot,certbot/certbot,others,,https://github.com/certbot/certbot,https://github.com/certbot/certbot,,2014-11-12 02:52:20.000,2026-06-26 10:00:06.000000,2026-06-24 19:52:45,11412.0,37.0,3495,733.0,5110.0,199.0,5420.0,33116,Certbot is EFFs tool to obtain certs from Lets Encrypt and (optionally) auto-enable HTTPS on your server. It can also..,3406.0,2973.0,552.0,38,False,,2026-05-11 17:06:19.000,5.6.0,132.0,394689.0,600262.0,,conda-forge/certbot-apache,certbot,https://pypi.org/project/certbot,2026-05-11 17:06:19.000,433.0,594181.0,https://anaconda.org/conda-forge/certbot-apache,2026-04-12 15:38:04.452,71198.0,2.0,,,,,,,,,,,,,,,,,
64,NiceGUI,zauberzeug/nicegui,web-ui,,https://github.com/zauberzeug/nicegui,https://github.com/zauberzeug/nicegui,MIT,2021-05-07 13:55:05.000,2026-07-02 05:35:18.000000,2026-07-02 05:34:36,6736.0,142.0,929,86.0,1732.0,29.0,1515.0,15983,Create web-based user interfaces with Python. The nice way.,3369.0,2903.0,228.0,38,True,,2026-06-30 14:45:07.000,3.14.0,313.0,,1224504.0,,conda-forge/nicegui,nicegui,https://pypi.org/project/nicegui,2026-06-30 14:40:33.000,466.0,1219187.0,https://anaconda.org/conda-forge/nicegui,2026-07-01 05:05:44.782,153888.0,2.0,,,,,,,,,,zauberzeug/nicegui,https://hub.docker.com/r/zauberzeug/nicegui,2026-06-30 14:43:59.345956,12.0,85084.0,,,
65,falcon,falconry/falcon,web-frameworks,,https://github.com/falconry/falcon,https://github.com/falconry/falcon,Apache-2.0,2012-12-06 18:17:51.000,2026-07-01 06:50:52.000000,2026-07-01 06:50:52,2150.0,28.0,1002,249.0,1469.0,160.0,984.0,9796,"The no-magic web API and microservices framework for Python developers, with a focus on reliability and performance at..",10965.0,10532.0,240.0,38,True,,2026-06-16 05:31:23.000,4.3.1,103.0,13105.0,1274750.0,,conda-forge/falcon,falcon,https://pypi.org/project/falcon,2026-06-16 05:31:23.000,433.0,1258844.0,https://anaconda.org/conda-forge/falcon,2026-06-16 12:44:37.723,1084083.0,2.0,,,,,,,,,,,,,,,,,
66,bottle,bottlepy/bottle,web-frameworks,,https://github.com/bottlepy/bottle,https://github.com/bottlepy/bottle,MIT,2009-06-30 17:51:30.000,2026-03-23 15:39:32.000000,2026-03-23 15:39:31,1987.0,,1499,299.0,637.0,283.0,649.0,8769,bottle.py is a fast and simple micro-framework for python web-applications.,37980.0,37175.0,237.0,38,True,,2025-06-15 10:09:36.000,0.13.4,85.0,482.0,11941132.0,,conda-forge/bottle,bottle,https://pypi.org/project/bottle,2025-06-15 10:08:57.000,805.0,11926328.0,https://anaconda.org/conda-forge/bottle,2025-08-11 01:37:00.120,650481.0,2.0,,,,,,,,,,,,,,,,,
67,litestar,litestar-org/litestar,web-frameworks,,https://github.com/litestar-org/litestar,https://github.com/litestar-org/litestar,MIT,2021-12-06 19:43:06.000,2026-06-30 11:44:58.000000,2026-06-30 11:42:48,3458.0,108.0,568,44.0,3125.0,272.0,1236.0,8316,"Light, flexible and extensible ASGI framework | Built to scale.",2504.0,2277.0,288.0,38,True,['openapi'],2026-06-11 11:26:58.000,2.24.0,100.0,,1815696.0,,,litestar,https://pypi.org/project/litestar,2026-06-11 11:26:58.000,227.0,1815696.0,,,,2.0,,,,,,,,,,,,,,,,,
68,authlib,lepture/authlib,auth,,https://github.com/authlib/authlib,https://github.com/authlib/authlib,BSD-3-Clause,2017-10-27 06:52:26.000,2026-06-19 06:59:03.000000,2026-06-19 06:59:02,1792.0,31.0,548,56.0,328.0,116.0,427.0,5361,"The ultimate Python library in building OAuth, OpenID Connect clients and servers. JWS, JWE, JWK, JWA, JWT included.",56109.0,54517.0,143.0,38,True,,2026-05-06 08:10:42.000,1.7.2,63.0,,143209524.0,authlib/authlib,conda-forge/authlib,authlib,https://pypi.org/project/authlib,2026-05-06 08:10:21.000,1592.0,143205061.0,https://anaconda.org/conda-forge/authlib,2026-05-19 02:20:36.201,330269.0,1.0,,,,,,,,,,,,,,,,,
69,google-auth,googleapis/google-auth-library-python,auth,,https://github.com/googleapis/google-auth-library-python,https://github.com/googleapis/google-auth-library-python,Apache-2.0,2016-09-26 00:38:59.000,2026-06-26 07:58:01.936000,2026-03-06 16:19:26,1022.0,,1716,69.0,1416.0,,439.0,5329,This library has moved to https://github.com/googleapis/google-cloud-python/tree/main/packages/google-auth.,4708.0,,167.0,38,True,,2026-06-25 23:38:52.000,2.55.1,193.0,,538622897.0,,conda-forge/google-auth,google-auth,https://pypi.org/project/google-auth,2026-06-25 23:38:52.000,4708.0,538425541.0,https://anaconda.org/conda-forge/google-auth,2026-06-26 07:58:01.936,14406990.0,1.0,,,,,,,,,,,,,,,,,
70,structlog,hynek/structlog,others,,https://github.com/hynek/structlog,https://github.com/hynek/structlog,Apache-2.0,2013-08-13 15:55:58.000,2026-07-02 13:27:26.000000,2026-07-02 13:27:23,1890.0,28.0,279,31.0,428.0,31.0,363.0,4852,"Simple, powerful, and fast logging for Python.",40444.0,35473.0,142.0,38,True,,2026-06-06 07:33:38.000,26.1.0,43.0,,99209621.0,,,structlog,https://pypi.org/project/structlog,2026-06-06 07:33:38.000,4971.0,99209621.0,,,,2.0,,,,,,,,,,,,,,,,,
71,Strawberry GraphQL,strawberry-graphql/strawberry,graphql,,https://github.com/strawberry-graphql/strawberry,https://github.com/strawberry-graphql/strawberry,MIT,2018-12-21 08:56:55.000,2026-07-02 10:58:16.000000,2026-07-02 10:58:13,4005.0,147.0,645,40.0,3177.0,460.0,803.0,4678,A GraphQL library for Python that leverages type annotations.,6105.0,5850.0,349.0,38,True,['graphql'],2026-07-02 10:58:21.000,0.320.1,1086.0,809.0,7622116.0,,,strawberry-graphql,https://pypi.org/project/strawberry-graphql,2026-07-02 10:58:11.000,255.0,7622043.0,,,,1.0,,,,,,,,,,,,,,,,,
72,responses,getsentry/responses,testing,,https://github.com/getsentry/responses,https://github.com/getsentry/responses,Apache-2.0,2013-11-15 23:28:18.000,2026-06-26 14:28:47.000000,2026-06-26 14:26:07,817.0,10.0,365,91.0,454.0,34.0,316.0,4348,A utility for mocking out the Python Requests library.,57462.0,54000.0,150.0,38,True,,2026-05-21 19:56:44.000,0.26.1,63.0,982.0,66067039.0,,conda-forge/responses,responses,https://pypi.org/project/responses,2026-05-21 19:56:38.000,3462.0,66017525.0,https://anaconda.org/conda-forge/responses,2026-05-21 22:14:29.498,3614088.0,2.0,,,,,,,,,2.0,,,,,,,,
73,praw,praw-dev/praw,third-party-apis,,https://github.com/praw-dev/praw,https://github.com/praw-dev/praw,BSD-2-Clause,2010-08-19 04:00:07.000,2026-07-01 16:44:42.000000,2026-07-01 16:44:39,4475.0,160.0,496,63.0,1402.0,,771.0,4180,"PRAW, an acronym for Python Reddit API Wrapper, is a python package that allows for simple access to Reddits API.",27854.0,27422.0,236.0,38,True,,2026-06-24 00:06:29.000,8.0.2,135.0,,1774333.0,,conda-forge/praw,praw,https://pypi.org/project/praw,2026-06-24 00:06:29.000,432.0,1772709.0,https://anaconda.org/conda-forge/praw,2026-06-26 01:21:36.905,92596.0,2.0,,,,,,,,,,,,,,,,,
74,python-slack-sdk,slackapi/python-slack-sdk,third-party-apis,,https://github.com/slackapi/python-slack-sdk,https://github.com/slackapi/python-slack-sdk,MIT,2014-11-10 21:32:02.000,2026-07-02 17:16:31.000000,2026-07-02 17:14:11,1564.0,41.0,855,153.0,979.0,49.0,876.0,4008,Slack Developer Kit for Python.,1281.0,,192.0,38,True,,2026-06-30 18:04:39.000,3.43.0,132.0,,92418388.0,,conda-forge/slack-sdk,slack-sdk,https://pypi.org/project/slack-sdk,2026-06-30 18:04:39.000,1281.0,92405267.0,https://anaconda.org/conda-forge/slack-sdk,2026-07-01 01:54:34.593,852911.0,2.0,,,,,,,,,,,,,,,,,
75,websocket-client,websocket-client/websocket-client,websocket,,https://github.com/websocket-client/websocket-client,https://github.com/websocket-client/websocket-client,Apache-2.0,2010-12-28 06:35:25.000,2026-05-04 18:17:14.000000,2026-05-04 18:17:09,1297.0,2.0,776,77.0,351.0,30.0,659.0,3706,WebSocket client for Python.,335679.0,331774.0,226.0,38,True,,2025-10-07 21:16:34.000,1.9.0,88.0,,230879406.0,,conda-forge/websocket-client,websocket-client,https://pypi.org/project/websocket-client,2025-10-07 21:16:34.000,3905.0,230546909.0,https://anaconda.org/conda-forge/websocket-client,2025-10-08 12:56:52.070,23607319.0,1.0,,,,,,,,,,,,,,,,,
76,django-environ,joke2k/django-environ,django-utils,,https://github.com/joke2k/django-environ,https://github.com/joke2k/django-environ,MIT,2013-04-02 13:50:07.000,2026-06-24 17:42:34.000000,2026-06-18 22:10:19,797.0,45.0,340,34.0,368.0,50.0,230.0,3163,Django-environ allows you to utilize 12factor inspired environment variables to configure your Django application.,283072.0,282554.0,113.0,38,True,['django'],2026-06-18 22:56:07.000,0.14.0,25.0,200.0,7974936.0,,conda-forge/django-environ,django-environ,https://pypi.org/project/django-environ,2026-06-18 22:49:54.000,518.0,7969285.0,https://anaconda.org/conda-forge/django-environ,2026-06-19 00:32:42.284,209052.0,1.0,,,,,,,,,,,,,,,,,
77,whitenoise,evansd/whitenoise,servers,,https://github.com/evansd/whitenoise,https://github.com/evansd/whitenoise,MIT,2013-08-08 11:02:06.000,2026-06-14 21:36:20.000000,2026-06-14 21:36:20,935.0,11.0,152,25.0,449.0,36.0,224.0,2750,Radically simplified static file serving for Python web apps.,534590.0,534005.0,70.0,38,True,,2026-02-27 00:05:40.000,6.12.0,60.0,,14382763.0,,conda-forge/whitenoise,whitenoise,https://pypi.org/project/whitenoise,2026-02-27 00:05:40.000,585.0,14378915.0,https://anaconda.org/conda-forge/whitenoise,2026-02-27 01:32:30.446,265526.0,2.0,,,,,,,,,,,,,,,,,
78,rdflib,RDFLib/rdflib,others,,https://github.com/RDFLib/rdflib,https://github.com/RDFLib/rdflib,BSD-3-Clause,2012-02-03 05:49:13.000,2026-07-02 00:37:50.000000,2026-07-01 10:11:04,5176.0,18.0,586,78.0,1940.0,346.0,1033.0,2472,"RDFLib is a Python library for working with RDF, a simple yet powerful language for representing information.",30508.0,28712.0,204.0,38,True,,2026-02-13 07:37:31.000,7.6.0,48.0,988.0,16058142.0,,conda-forge/rdflib,rdflib,https://pypi.org/project/rdflib,2026-02-13 07:15:46.000,1796.0,16037460.0,https://anaconda.org/conda-forge/rdflib,2026-02-13 15:07:19.601,1426611.0,2.0,,,,,,,,,2.0,,,,,,,,
79,asgiref,django/asgiref,servers,,https://github.com/django/asgiref,https://github.com/django/asgiref,BSD-3-Clause,2015-12-23 17:07:13.000,2026-06-19 10:45:54.000000,2026-05-20 14:59:39,498.0,4.0,244,42.0,311.0,67.0,202.0,1621,ASGI specification and utilities.,1149428.0,1148176.0,114.0,38,True,,2026-02-03 13:30:13.000,3.11.1,70.0,,133935317.0,,conda-forge/asgiref,asgiref,https://pypi.org/project/asgiref,2026-02-03 13:30:13.000,1252.0,133905004.0,https://anaconda.org/conda-forge/asgiref,2026-02-05 06:33:38.572,2212871.0,2.0,,,,,,,,,,,,,,,,,
80,idna,kjd/idna,others,,https://github.com/kjd/idna,https://github.com/kjd/idna,BSD-3-Clause,2013-05-27 22:22:13.000,2026-07-01 17:26:16.000000,2026-07-01 17:26:14,495.0,102.0,125,11.0,152.0,,104.0,288,Internationalized Domain Names for Python (IDNA 2008 and UTS #46).,2521169.0,2510437.0,42.0,38,True,,2026-06-02 14:34:28.000,3.18,41.0,1255.0,1598192983.0,,conda-forge/idna,idna,https://pypi.org/project/idna,2026-06-02 14:34:06.000,10732.0,1596993844.0,https://anaconda.org/conda-forge/idna,2026-06-16 14:30:44.607,87533828.0,2.0,,,,,,,,,,,,,,,,,
81,Kong,kong/kong,api-proxies,,https://github.com/Kong/kong,https://github.com/Kong/kong,Apache-2.0,2014-11-17 23:56:08.000,2026-07-02 07:51:54.992419,2026-07-01 07:16:51,11265.0,11.0,5161,995.0,8817.0,153.0,4535.0,44545,The API and AI Gateway.,25.0,25.0,450.0,37,True,,2026-06-17 06:02:19.000,3.9.3,100.0,,2540911.0,,,,,,,,,,,1.0,,,,,,,,,,kong,https://hub.docker.com/r/_/kong,2026-07-02 07:51:54.992419,834.0,355727640.0,,,
82,swagger-ui,swagger-api/swagger-ui,openapi-utils,,https://github.com/swagger-api/swagger-ui,https://github.com/swagger-api/swagger-ui,Apache-2.0,2011-07-15 22:56:39.000,2026-07-02 13:21:16.000000,2026-07-01 09:44:15,6904.0,54.0,9260,618.0,4774.0,1461.0,4469.0,28864,"Swagger UI is a collection of HTML, JavaScript, and CSS assets that dynamically generate beautiful documentation from..",38337.0,38337.0,618.0,37,True,['openapi'],2026-06-23 08:15:44.000,5.32.8,100.0,,,,,,,,,,,,,1.0,,,,,,,,,,,,,,,,,
83,pwntools,Gallopsled/pwntools,others,,https://github.com/Gallopsled/pwntools,https://github.com/Gallopsled/pwntools,MIT,2013-04-29 14:43:03.000,2026-07-01 12:13:43.000000,2026-06-27 21:42:54,4641.0,35.0,1780,275.0,1603.0,127.0,1032.0,13567,CTF framework and exploit development library.,2411.0,2311.0,309.0,37,True,,2025-10-12 15:25:25.000,4.15.0,123.0,,776194.0,,,pwntools,https://pypi.org/project/pwntools,2025-10-12 15:25:25.000,100.0,776194.0,,,,2.0,,,,,,,,,,,,,,,,,
84,pelican,getpelican/pelican,markdown,,https://github.com/getpelican/pelican,https://github.com/getpelican/pelican,AGPL-3.0,2010-10-16 18:57:40.000,2026-04-21 12:31:04.243000,2026-04-20 15:29:45,4022.0,25.0,1835,323.0,1705.0,90.0,1679.0,13326,Static site generator that supports Markdown and reST syntax. Powered by Python.,9087.0,8812.0,485.0,37,True,,2026-04-20 15:30:15.000,4.12.0,66.0,1803.0,82764.0,,conda-forge/pelican,pelican,https://pypi.org/project/pelican,2026-04-20 15:30:15.000,275.0,76165.0,https://anaconda.org/conda-forge/pelican,2026-04-21 12:31:04.243,467509.0,2.0,,,,,,,,,-1.0,,,,,,,,
85,pytube,pytube/pytube,third-party-apis,,https://github.com/pytube/pytube,https://github.com/pytube/pytube,Unlicense,2012-03-18 19:33:44.000,2026-04-27 15:51:36.772000,2023-05-20 10:08:41,1461.0,,2516,197.0,682.0,710.0,799.0,13138,"Lightweight, dependency-free Python library and CLI for downloading YouTube videos, playlists, and captions.",58314.0,57779.0,112.0,37,False,,2023-05-07 19:40:40.414,15.0.0,86.0,,4208866.0,,conda-forge/pytube,pytube,https://pypi.org/project/pytube,2023-05-07 19:40:40.414,535.0,4208287.0,https://anaconda.org/conda-forge/pytube,2026-04-27 15:51:36.772,33057.0,2.0,,,,,,,,,,,,,,,,,
86,Telethon,LonamiWebs/Telethon,third-party-apis,,https://github.com/LonamiWebs/Telethon,https://github.com/LonamiWebs/Telethon,MIT,2016-08-26 10:59:24.000,2026-06-15 15:47:41.000000,2026-02-21 21:11:57,3151.0,,1637,159.0,697.0,1.0,2441.0,12034,"Pure Python 3 MTProto API Telegram client library, for bots too!.",737.0,24.0,212.0,37,True,,2026-04-20 08:06:44.000,1.43.2,244.0,,3230176.0,,,telethon,https://pypi.org/project/telethon,2026-06-15 15:47:41.000,713.0,3230176.0,,,,2.0,,,,,,,,,,,,,,,,,
87,graphene,graphql-python/graphene,graphql,,https://github.com/graphql-python/graphene,https://github.com/graphql-python/graphene,MIT,2015-09-24 09:18:18.000,2025-09-04 15:43:44.000000,2024-11-09 20:43:17,1787.0,,820,138.0,578.0,106.0,911.0,8236,GraphQL framework for Python.,31770.0,31453.0,212.0,37,False,['graphql'],2024-11-09 20:44:23.000,3.4.3,102.0,,37241338.0,,conda-forge/graphene,graphene,https://pypi.org/project/graphene,2024-11-09 20:44:23.000,317.0,37223072.0,https://anaconda.org/conda-forge/graphene,2025-04-22 14:56:40.732,1095995.0,1.0,,,,,,,,,,,,,,,,,
88,django-extensions,django-extensions/django-extensions,django-utils,,https://github.com/django-extensions/django-extensions,https://github.com/django-extensions/django-extensions,MIT,2009-03-21 16:11:19.000,2026-05-21 12:17:22.000000,2026-05-21 12:17:21,3763.0,4.0,1168,97.0,1047.0,207.0,757.0,6808,This is a repository for collecting global custom management extensions for the Django Framework.,272051.0,271504.0,608.0,37,True,['django'],2025-04-11 01:17:50.000,4.1,128.0,,13805328.0,,conda-forge/django-extensions,django-extensions,https://pypi.org/project/django-extensions,2025-04-11 01:15:37.000,547.0,13788478.0,https://anaconda.org/conda-forge/django-extensions,2025-04-22 14:56:21.386,1213269.0,1.0,,,,,,,,,,,,,,,,,
89,pywebview,r0x0r/pywebview,others,,https://github.com/r0x0r/pywebview,https://github.com/r0x0r/pywebview,BSD-3-Clause,2014-11-20 11:05:46.000,2026-05-15 21:36:36.000000,2026-05-15 21:36:18,2443.0,14.0,627,65.0,461.0,14.0,1212.0,5938,"Build GUI for your Python program with JavaScript, HTML, and CSS.",5117.0,4628.0,187.0,37,True,,2026-04-15 09:02:10.000,6.2.1,79.0,,1329227.0,,,pywebview,https://pypi.org/project/pywebview,2026-04-15 09:02:10.000,489.0,1329227.0,,,,2.0,,,,,,,,,,,,,,,,,
90,web3.py,ethereum/web3.py,others,,https://github.com/ApeWorX/web3.py,https://github.com/ApeWorX/web3.py,MIT,2016-04-14 15:59:35.000,2026-05-06 13:30:13.795000,2026-04-30 18:03:32,5251.0,6.0,1718,117.0,2239.0,96.0,1485.0,5517,A python interface for interacting with the Ethereum blockchain and ecosystem.,2237.0,,313.0,37,True,,2026-05-01 21:22:17.000,7.16.0,254.0,,4691754.0,ApeWorX/web3.py,conda-forge/web3,web3,https://pypi.org/project/web3,2026-05-01 21:22:17.000,2237.0,4675789.0,https://anaconda.org/conda-forge/web3,2026-05-06 13:30:13.795,1101608.0,2.0,,,,,,,,,,,,,,,,,
91,python-socketio,miguelgrinberg/python-socketio,websocket,,https://github.com/miguelgrinberg/python-socketio,https://github.com/miguelgrinberg/python-socketio,MIT,2015-07-15 06:17:03.000,2026-06-20 16:09:58.000000,2026-06-20 16:00:36,786.0,21.0,623,58.0,318.0,11.0,855.0,4366,Python Socket.IO server and client.,71255.0,70112.0,86.0,37,True,,2026-06-15 22:07:05.000,5.16.3,109.0,,28222954.0,,conda-forge/python-socketio,python-socketio,https://pypi.org/project/python-socketio,2026-06-15 22:07:02.000,1143.0,28206488.0,https://anaconda.org/conda-forge/python-socketio,2026-06-16 12:33:55.409,1103266.0,2.0,,,,,,,,,,,,,,,,,
92,vcrpy,kevin1024/vcrpy,testing,,https://github.com/kevin1024/vcrpy,https://github.com/kevin1024/vcrpy,MIT,2012-05-29 04:52:00.000,2026-06-30 13:33:47.000000,2026-06-16 23:05:30,1399.0,26.0,426,37.0,550.0,145.0,340.0,2972,Automatically mock your HTTP interactions to simplify and speed up testing.,12693.0,12018.0,165.0,37,True,,2026-06-16 13:21:07.000,8.2.1,79.0,,15994608.0,,conda-forge/vcrpy,vcrpy,https://pypi.org/project/vcrpy,2026-06-16 13:20:51.000,675.0,15980546.0,https://anaconda.org/conda-forge/vcrpy,2026-06-17 20:57:26.601,1012473.0,2.0,,,,,,,,,,,,,,,,,
93,django-simple-history,jazzband/django-simple-history,django-utils,,https://github.com/django-commons/django-simple-history,https://github.com/django-commons/django-simple-history,BSD-3-Clause,2011-03-06 22:42:19.000,2026-07-02 17:12:45.000000,2026-06-22 19:49:58,1484.0,21.0,507,41.0,991.0,160.0,469.0,2453,Store model history and view/revert changes from admin site.,7419.0,7294.0,191.0,37,True,['django'],2026-06-22 13:16:43.000,3.12.0,53.0,25.0,4390332.0,django-commons/django-simple-history,,django-simple-history,https://pypi.org/project/django-simple-history,2026-06-22 13:16:22.000,125.0,4390332.0,,,,1.0,,,,,,,,,,,,,,,,,
94,twilio,twilio/twilio-python,third-party-apis,,https://github.com/twilio/twilio-python,https://github.com/twilio/twilio-python,MIT,2009-09-15 05:33:57.000,2026-06-10 10:03:08.000000,2026-06-10 10:02:56,1878.0,13.0,807,107.0,575.0,53.0,314.0,2066,A Python module for communicating with the Twilio API and generating TwiML.,60572.0,59942.0,148.0,37,True,,2026-05-07 17:34:36.000,9.10.9,371.0,,19291499.0,,conda-forge/twilio,twilio,https://pypi.org/project/twilio,2026-05-07 17:34:36.000,630.0,19285694.0,https://anaconda.org/conda-forge/twilio,2026-05-07 21:03:32.397,429575.0,2.0,,,,,,,,,,,,,,,,,
95,django-stubs,typeddjango/django-stubs,django-utils,,https://github.com/typeddjango/django-stubs,https://github.com/typeddjango/django-stubs,MIT,2018-07-29 17:08:50.000,2026-07-01 06:26:19.000000,2026-07-01 06:25:32,2682.0,161.0,562,15.0,2548.0,191.0,743.0,1951,PEP-484 stubs for Django.,15708.0,15131.0,342.0,37,True,['django'],2026-06-23 08:22:52.000,6.0.6,79.0,,9582000.0,,conda-forge/django-stubs,django-stubs,https://pypi.org/project/django-stubs,2026-06-23 08:22:52.000,577.0,9580662.0,https://anaconda.org/conda-forge/django-stubs,2026-06-24 01:16:16.788,84356.0,1.0,,,,,,,,,,,,,,,,,
96,django-autocomplete-light,yourlabs/django-autocomplete-light,django-utils,,https://github.com/yourlabs/django-autocomplete-light,https://github.com/yourlabs/django-autocomplete-light,MIT,2012-05-03 11:49:37.000,2026-06-29 18:11:55.000000,2026-06-29 18:13:45,2560.0,128.0,465,59.0,544.0,212.0,660.0,1871,"A fresh approach to autocomplete implementations, specially for Django.",4850.0,4745.0,200.0,37,True,['django'],2026-06-18 11:55:00.000,4.0.3,237.0,,633565.0,,,django-autocomplete-light,https://pypi.org/project/django-autocomplete-light,2026-06-29 15:33:02.000,105.0,633565.0,,,,1.0,,,,,,,,,,,,,,,,,
97,requests-oauthlib,requests/requests-oauthlib,auth,,https://github.com/requests/requests-oauthlib,https://github.com/requests/requests-oauthlib,ISC,2012-11-23 10:19:44.000,2025-06-18 06:42:02.000000,2025-06-18 06:42:02,666.0,,424,44.0,291.0,125.0,171.0,1773,OAuthlib support for Python-Requests!.,607322.0,605332.0,121.0,37,False,,2024-03-25 19:31:17.000,1.4.1,23.0,,359375065.0,,conda-forge/requests-oauthlib,requests-oauthlib,https://pypi.org/project/requests-oauthlib,2024-03-25 19:31:17.000,1990.0,359160951.0,https://anaconda.org/conda-forge/requests-oauthlib,2025-04-22 14:56:25.314,15416268.0,2.0,,,,,,,,,,,,,,,,,
98,markdown-it-py,executablebooks/markdown-it-py,markdown,,https://github.com/executablebooks/markdown-it-py,https://github.com/executablebooks/markdown-it-py,MIT,2020-03-25 11:10:01.000,2026-06-29 16:38:26.000000,2026-05-19 11:26:54,352.0,8.0,106,21.0,294.0,45.0,62.0,1330,"Markdown parser, done right. 100% CommonMark support, extensions, syntax plugins & high speed. Now in Python!.",386177.0,383518.0,35.0,37,True,,2026-05-07 12:08:27.000,4.2.0,45.0,,583853787.0,,conda-forge/markdown-it-py,markdown-it-py,https://pypi.org/project/markdown-it-py,2026-05-07 12:08:27.000,2659.0,583596231.0,https://anaconda.org/conda-forge/markdown-it-py,2026-05-07 16:01:35.424,19059195.0,2.0,,,,,,,,,,,,,,,,,
99,pynacl,pyca/pynacl,others,,https://github.com/pyca/pynacl,https://github.com/pyca/pynacl,Apache-2.0,2013-02-22 03:52:39.000,2026-06-19 10:32:16.000000,2026-04-29 12:21:46,834.0,5.0,256,23.0,620.0,54.0,272.0,1199,Python binding to the Networking and Cryptography (NaCl) library.,141522.0,139836.0,78.0,37,True,,2026-01-01 17:31:57.000,1.6.2,19.0,,228086703.0,,conda-forge/pynacl,pynacl,https://pypi.org/project/pynacl,2026-01-01 17:31:57.000,1686.0,227885466.0,https://anaconda.org/conda-forge/pynacl,2026-05-17 02:45:20.816,14086590.0,2.0,,,,,,,,,,,,,,,,,
100,pycurl,pycurl/pycurl,http-clients,,https://github.com/pycurl/pycurl,https://github.com/pycurl/pycurl,LGPL-2.1,2013-08-03 20:56:39.000,2026-07-01 07:58:04.883000,2026-06-30 20:35:56,3645.0,125.0,325,44.0,614.0,2.0,415.0,1156,PycURL - Python interface to libcurl.,75227.0,74763.0,117.0,37,False,,2026-07-01 21:16:14.000,7.47.0,62.0,,5184924.0,,conda-forge/pycurl,pycurl,https://pypi.org/project/pycurl,2026-06-29 18:58:12.000,464.0,5097952.0,https://anaconda.org/conda-forge/pycurl,2026-07-01 07:58:04.883,6001077.0,2.0,,,,,,,,,,,,,,,,,
101,pymdown-extensions,facelessuser/pymdown-extensions,markdown,,https://github.com/facelessuser/pymdown-extensions,https://github.com/facelessuser/pymdown-extensions,MIT,2014-11-21 06:08:04.000,2026-07-02 17:59:21.000000,2026-07-02 17:55:27,1947.0,15.0,270,7.0,2365.0,21.0,414.0,1122,Extensions for Python Markdown.,63115.0,60621.0,66.0,37,True,,2026-07-02 17:59:21.000,11.0.1,120.0,,24770573.0,,conda-forge/pymdown-extensions,pymdown-extensions,https://pypi.org/project/pymdown-extensions,2026-07-02 17:59:21.000,2494.0,24760369.0,https://anaconda.org/conda-forge/pymdown-extensions,2026-06-23 09:20:25.303,724538.0,2.0,,,,,,,,,,,,,,,,,
102,certifi,certifi/python-certifi,others,,https://github.com/certifi/python-certifi,https://github.com/certifi/python-certifi,MPL-2.0,2011-12-28 05:15:19.000,2026-06-29 23:31:08.000000,2026-06-29 23:31:01,345.0,11.0,289,39.0,241.0,2.0,168.0,980,(Python Distribution) A carefully curated collection of Root Certificates for validating the trustworthiness of SSL..,15202.0,5.0,40.0,37,True,,2026-06-17 10:31:06.000,2026.6.17,76.0,,1655355095.0,,conda-forge/certifi,certifi,https://pypi.org/project/certifi,2026-06-17 10:31:06.000,15197.0,1652682062.0,https://anaconda.org/conda-forge/certifi,2026-06-17 18:13:01.995,195131468.0,2.0,,,,,,,,,,,,,,,,,
103,chalice,aws/chalice,serverless,,https://github.com/aws/chalice,https://github.com/aws/chalice,Apache-2.0,2016-05-27 23:27:13.000,2026-07-01 15:09:47.000000,2026-06-25 05:43:20,2496.0,13.0,1006,227.0,918.0,491.0,831.0,11061,Python Serverless Microframework for AWS.,3342.0,3272.0,207.0,36,True,,2026-05-07 19:02:18.000,1.33.0,96.0,,423809.0,,conda-forge/chalice,chalice,https://pypi.org/project/chalice,2026-05-07 19:02:18.000,70.0,415050.0,https://anaconda.org/conda-forge/chalice,2026-05-07 22:47:53.697,604405.0,1.0,,,,,,,,,,,,,,,,,
104,flask-restful,flask-restful/flask-restful,web-frameworks,,https://github.com/flask-restful/flask-restful,https://github.com/flask-restful/flask-restful,BSD-3-Clause,2012-10-12 00:08:51.000,2025-04-22 14:56:27.635000,2023-05-21 03:47:13,837.0,,1040,168.0,429.0,143.0,464.0,6916,Simple framework for creating REST APIs.,124718.0,123990.0,163.0,36,False,['flask'],2023-05-21 03:59:07.841,0.3.10,33.0,,3675028.0,,conda-forge/flask-restful,flask-restful,https://pypi.org/project/flask-restful,2023-05-21 03:59:07.841,728.0,3669096.0,https://anaconda.org/conda-forge/flask-restful,2025-04-22 14:56:27.635,367833.0,2.0,,,,,,,,,,,,,,,,,
105,trafilatura,adbar/trafilatura,web-scraping,,https://github.com/adbar/trafilatura,https://github.com/adbar/trafilatura,Apache-2.0,2019-04-08 11:38:48.000,2026-07-01 19:13:04.000000,2026-07-01 19:13:02,1626.0,27.0,387,35.0,409.0,98.0,373.0,6218,"Python & Command-line tool to gather text and metadata on the Web: Crawling, scraping, extraction, output as CSV,..",10438.0,9576.0,64.0,36,True,,2026-06-07 17:44:28.000,2.1.0,51.0,,9930737.0,,,trafilatura,https://pypi.org/project/trafilatura,2026-06-07 17:43:28.000,862.0,9930737.0,,,,1.0,,,,,,,,,,,,,,,,,
106,django-cors-headers,adamchainz/django-cors-headers,django-utils,,https://github.com/adamchainz/django-cors-headers,https://github.com/adamchainz/django-cors-headers,MIT,2013-01-19 08:39:17.000,2026-06-14 21:05:24.000000,2026-06-14 21:05:23,919.0,11.0,540,71.0,772.0,5.0,270.0,5587,Django app for handling the server headers required for Cross-Origin Resource Sharing (CORS).,315536.0,315023.0,70.0,36,True,['django'],2025-09-18 10:40:50.000,4.9.0,61.0,,20445253.0,,conda-forge/django-cors-headers,django-cors-headers,https://pypi.org/project/django-cors-headers,2025-09-18 10:40:50.000,513.0,20441806.0,https://anaconda.org/conda-forge/django-cors-headers,2025-09-18 14:25:07.383,251657.0,1.0,,,,,,,,,,,,,,,,,
107,Flask-SocketIO,miguelgrinberg/Flask-SocketIO,websocket,,https://github.com/miguelgrinberg/Flask-SocketIO,https://github.com/miguelgrinberg/Flask-SocketIO,MIT,2014-02-09 07:22:50.000,2026-05-14 22:21:08.000000,2026-05-14 22:21:04,509.0,3.0,903,102.0,143.0,7.0,1590.0,5512,Socket.IO integration for Flask applications.,62410.0,61645.0,71.0,36,True,['flask'],2026-02-21 13:07:54.000,5.6.1,95.0,,4320348.0,,conda-forge/flask-socketio,flask-socketio,https://pypi.org/project/flask-socketio,2026-02-21 13:07:51.000,765.0,4309920.0,https://anaconda.org/conda-forge/flask-socketio,2026-02-21 16:48:27.886,750886.0,2.0,,,,,,,,,,,,,,,,,
108,Flask-AppBuilder,dpgaspar/Flask-AppBuilder,web-frameworks,,https://github.com/dpgaspar/Flask-AppBuilder,https://github.com/dpgaspar/Flask-AppBuilder,BSD-3-Clause,2013-11-09 21:13:29.000,2026-06-25 09:05:49.175000,2026-06-23 11:48:58,4057.0,13.0,1445,150.0,1124.0,268.0,1140.0,4953,"Simple and rapid application development framework, built on top of Flask. includes detailed security, auto CRUD..",15.0,,228.0,36,True,['flask'],2026-06-29 13:29:31.239,1.8.0,385.0,,15325269.0,,conda-forge/flask-appbuilder,flask-appbuilder,https://pypi.org/project/flask-appbuilder,2026-06-23 12:21:34.000,15.0,15314504.0,https://anaconda.org/conda-forge/flask-appbuilder,2026-06-25 09:05:49.175,775146.0,2.0,,,,,,,,,,,,,,,,,
109,Prometheus Client,prometheus/client_python,monitoring,,https://github.com/prometheus/client_python,https://github.com/prometheus/client_python,Apache-2.0,2015-02-10 22:47:25.000,2026-07-02 15:30:58.000000,2026-07-02 15:30:57,633.0,12.0,854,65.0,522.0,133.0,476.0,4335,Python client for the Prometheus monitoring system.,3734.0,,180.0,36,True,,2026-04-09 19:54:38.000,0.25.0,59.0,,164487589.0,,conda-forge/prometheus_client,prometheus-client,https://pypi.org/project/prometheus-client,2026-04-09 19:53:41.000,3734.0,164139691.0,https://anaconda.org/conda-forge/prometheus_client,2026-04-09 22:05:24.117,25744478.0,2.0,,,,,,,,,,,,,,,,,
110,slackclient,slackapi/python-slack-sdk,third-party-apis,,https://github.com/slackapi/python-slack-sdk,https://github.com/slackapi/python-slack-sdk,MIT,2014-11-10 21:32:02.000,2026-07-02 17:16:31.000000,2026-07-02 17:14:11,1564.0,41.0,855,153.0,979.0,49.0,876.0,4008,Slack Developer Kit for Python.,502.0,,192.0,36,True,,2026-06-30 18:03:30.000,3.43.0,100.0,,7858278.0,,conda-forge/slackclient,slackclient,https://pypi.org/project/slackclient,2022-04-22 00:25:51.000,502.0,7846410.0,https://anaconda.org/conda-forge/slackclient,2025-04-22 14:56:26.396,1412308.0,2.0,,,,,,,,,,,,,,,,,
111,django-guardian,django-guardian/django-guardian,auth,,https://github.com/django-guardian/django-guardian,https://github.com/django-guardian/django-guardian,BSD-2-Clause,2010-06-04 23:15:37.000,2026-07-02 03:53:43.000000,2026-06-29 14:03:36,1439.0,26.0,589,72.0,485.0,38.0,478.0,3905,Per object permissions for Django.,7912.0,7800.0,190.0,36,True,['django'],2026-06-08 12:02:38.000,3.3.2,59.0,,965316.0,,conda-forge/django-guardian,django-guardian,https://pypi.org/project/django-guardian,2026-06-08 12:02:38.000,112.0,962892.0,https://anaconda.org/conda-forge/django-guardian,2026-06-08 15:31:54.160,152773.0,2.0,,,,,,,,,,,,,,,,,
112,schemathesis,schemathesis/schemathesis,testing,,https://github.com/schemathesis/schemathesis,https://github.com/schemathesis/schemathesis,MIT,2019-08-19 11:13:01.000,2026-07-02 08:31:57.000000,2026-07-02 08:31:18,4506.0,620.0,219,19.0,3101.0,10.0,1046.0,3428,Catch API bugs before your users do.,1094.0,1007.0,84.0,36,True,"['openapi', 'graphql']",2026-07-02 08:31:57.000,4.22.3,468.0,,7140462.0,,,schemathesis,https://pypi.org/project/schemathesis,2026-07-02 08:31:57.000,87.0,7140462.0,,,,2.0,,,,,,,,,,,,,,,,,
113,django-reversion,etianen/django-reversion,django-utils,,https://github.com/etianen/django-reversion,https://github.com/etianen/django-reversion,BSD-3-Clause,2010-05-31 15:32:25.000,2026-06-12 19:55:45.000000,2026-06-12 19:53:34,1586.0,18.0,491,54.0,334.0,24.0,643.0,3165,django-reversion is an extension to the Django web framework that provides version control for model instances.,8005.0,7911.0,199.0,36,True,['django'],2026-06-12 19:55:45.000,6.3.0,88.0,,2215066.0,,,django-reversion,https://pypi.org/project/django-reversion,2026-06-12 19:55:45.000,94.0,2215066.0,,,,1.0,,,,,,,,,,,,,,,,,
114,itsdangerous,pallets/itsdangerous,others,,https://github.com/pallets/itsdangerous,https://github.com/pallets/itsdangerous,BSD-3-Clause,2011-06-24 00:09:55.000,2025-06-14 20:35:46.000000,2025-06-14 20:35:42,677.0,,241,54.0,300.0,2.0,122.0,3122,Safely pass trusted data to untrusted environments and back.,1360428.0,1358625.0,44.0,36,False,,2024-04-16 21:46:38.000,2.2.0,28.0,295.0,200665599.0,,conda-forge/itsdangerous,itsdangerous,https://pypi.org/project/itsdangerous,2024-04-16 21:28:14.000,1803.0,200465009.0,https://anaconda.org/conda-forge/itsdangerous,2025-04-22 14:56:26.703,12436345.0,2.0,,,,,,,,,,,,,,,,,
115,django-redis,jazzband/django-redis,django-utils,,https://github.com/jazzband/django-redis,https://github.com/jazzband/django-redis,,2012-04-17 16:29:49.000,2026-06-29 17:32:37.000000,2026-06-15 07:18:08,1296.0,23.0,452,58.0,453.0,64.0,328.0,3075,Full featured redis cache backend for Django.,47901.0,47507.0,149.0,36,False,['django'],2026-06-02 14:28:19.000,7.0.0,70.0,27.0,11778918.0,,,django-redis,https://pypi.org/project/django-redis,2026-06-02 14:17:47.000,394.0,11778918.0,,,,1.0,,,,,,,,,,,,,,,,,
116,django-mptt,django-mptt/django-mptt,django-utils,,https://github.com/django-mptt/django-mptt,https://github.com/django-mptt/django-mptt,MIT,2010-08-31 19:12:55.000,2026-06-02 11:06:20.000000,2026-06-02 11:06:20,1259.0,21.0,464,64.0,316.0,3.0,530.0,2977,Utilities for implementing a modified pre-order traversal tree in django.,23866.0,23595.0,160.0,36,True,['django'],2025-08-26 09:27:02.000,0.18.0,45.0,,1343844.0,,anaconda/django-mptt,django-mptt,https://pypi.org/project/django-mptt,2026-06-02 08:19:47.000,271.0,1343844.0,https://anaconda.org/anaconda/django-mptt,,,1.0,,,,,,,,,,,,,,,,,
117,django-storages,jschneier/django-storages,django-utils,,https://github.com/jschneier/django-storages,https://github.com/jschneier/django-storages,BSD-3-Clause,2014-12-09 00:37:09.000,2025-06-18 15:59:00.000000,2025-06-18 15:59:00,1166.0,,873,42.0,799.0,134.0,631.0,2953,Django-storages is a project to provide a variety of storage backends in a single library.,224900.0,224676.0,283.0,36,False,['django'],2025-04-02 02:34:53.000,1.14.6,46.0,,12146387.0,,conda-forge/django-storages,django-storages,https://pypi.org/project/django-storages,2025-04-02 02:34:53.000,224.0,12143911.0,https://anaconda.org/conda-forge/django-storages,2025-04-22 14:56:39.267,148583.0,1.0,,,,,,,,,,,,,,,,,
118,drf-spectacular,tfranzel/drf-spectacular,openapi-utils,,https://github.com/tfranzel/drf-spectacular,https://github.com/tfranzel/drf-spectacular,BSD-3-Clause,2020-03-01 22:36:54.000,2026-06-29 14:55:50.000000,2026-06-29 14:42:29,1407.0,36.0,323,9.0,434.0,216.0,896.0,2846,Sane and flexible OpenAPI 3 schema generation for Django REST framework.,141710.0,141419.0,144.0,36,True,['openapi'],2025-11-02 03:47:14.000,0.29.0,66.0,,12176116.0,,conda-forge/drf-spectacular,drf-spectacular,https://pypi.org/project/drf-spectacular,2025-11-02 03:40:24.000,291.0,12174529.0,https://anaconda.org/conda-forge/drf-spectacular,2025-11-02 04:21:23.496,92067.0,2.0,,,,,,,,,,,,,,,,,
119,feedparser,kurtmckee/feedparser,web-scraping,,https://github.com/kurtmckee/feedparser,https://github.com/kurtmckee/feedparser,BSD-2-Clause,2010-11-26 02:53:24.000,2026-07-01 02:52:31.000000,2026-05-14 19:40:49,1515.0,4.0,361,48.0,291.0,110.0,191.0,2394,Parse feeds in Python.,104537.0,103048.0,63.0,36,True,,2025-09-10 13:34:42.000,6.0.12,25.0,,15053533.0,,conda-forge/feedparser,feedparser,https://pypi.org/project/feedparser,2025-09-10 13:33:58.000,1489.0,15004718.0,https://anaconda.org/conda-forge/feedparser,2025-09-15 12:28:47.353,3612383.0,1.0,,,,,,,,,,,,,,,,,
120,xhtml2pdf,xhtml2pdf/xhtml2pdf,html-processing,,https://github.com/xhtml2pdf/xhtml2pdf,https://github.com/xhtml2pdf/xhtml2pdf,Apache-2.0,2011-05-16 13:45:29.000,2026-07-01 00:37:45.382000,2026-01-19 15:49:12,1157.0,,654,71.0,377.0,136.0,323.0,2387,A library for converting HTML into PDFs using ReportLab.,21421.0,21281.0,173.0,36,True,,2025-02-23 23:17:02.000,0.2.17,33.0,101.0,4005789.0,,conda-forge/xhtml2pdf,xhtml2pdf,https://pypi.org/project/xhtml2pdf,2025-02-23 23:17:02.000,140.0,4002278.0,https://anaconda.org/conda-forge/xhtml2pdf,2026-07-01 00:37:45.382,249315.0,2.0,,,,,,,,,,,,,,,,,
121,jira,pycontribs/jira,third-party-apis,,https://github.com/pycontribs/jira,https://github.com/pycontribs/jira,BSD-2-Clause,2014-06-28 14:06:53.000,2026-06-29 17:00:43.000000,2026-05-01 11:43:02,1700.0,18.0,895,78.0,1210.0,223.0,590.0,2124,Python Jira library. Development chat available on https://matrix.to/#/#pycontribs:matrix.org.,11740.0,11290.0,270.0,36,True,,2025-07-28 12:18:21.000,3.10.5,71.0,286806.0,23540302.0,,conda-forge/jira,jira,https://pypi.org/project/jira,2025-07-28 12:18:21.000,450.0,23532940.0,https://anaconda.org/conda-forge/jira,2025-07-28 12:54:29.687,275010.0,2.0,,,,,,,,,,,,,,,,,
122,stripe,stripe/stripe-python,third-party-apis,,https://github.com/stripe/stripe-python,https://github.com/stripe/stripe-python,MIT,2011-06-25 19:53:04.000,2026-07-02 04:00:21.000000,2026-07-01 16:39:36,1905.0,18.0,526,38.0,1380.0,20.0,398.0,2017,Python library for the Stripe API.,691.0,,351.0,36,True,,2026-06-24 22:49:38.000,15.3.0,549.0,,35188558.0,,anaconda/stripe,stripe,https://pypi.org/project/stripe,2026-07-02 04:00:21.000,691.0,35188189.0,https://anaconda.org/anaconda/stripe,2026-06-11 13:25:32.863,47232.0,2.0,,,,,,,,,,,,,,,,,
123,python-zeep,mvantellingen/python-zeep,http-clients,,https://github.com/mvantellingen/python-zeep,https://github.com/mvantellingen/python-zeep,MIT,2016-02-14 10:31:07.000,2026-06-18 17:17:57.000000,2026-06-18 17:16:26,1518.0,12.0,609,59.0,402.0,463.0,699.0,2002,A Python SOAP client.,749.0,,149.0,36,True,,2026-06-18 17:17:57.000,4.3.3,69.0,,40103847.0,,conda-forge/zeep,zeep,https://pypi.org/project/zeep,2026-06-18 17:17:57.000,749.0,40095279.0,https://anaconda.org/conda-forge/zeep,2025-09-16 09:16:42.672,591255.0,2.0,,,,,,,,,,,,,,,,,
124,django-polymorphic,django-polymorphic/django-polymorphic,django-utils,,https://github.com/django-commons/django-polymorphic,https://github.com/django-commons/django-polymorphic,BSD-3-Clause,2011-02-12 23:30:34.000,2026-07-01 22:58:19.000000,2026-06-24 15:33:48,1451.0,37.0,301,30.0,469.0,19.0,371.0,1824,Improved Django model inheritance with automatic downcasting.,8064.0,7888.0,150.0,36,True,['django'],2026-06-02 15:51:49.000,4.11.5,68.0,454.0,2695433.0,django-commons/django-polymorphic,conda-forge/django_polymorphic,django-polymorphic,https://pypi.org/project/django-polymorphic,2026-06-02 15:51:49.000,176.0,2692318.0,https://anaconda.org/conda-forge/django_polymorphic,2026-06-02 19:16:10.539,220152.0,1.0,,,,,,,,,,,,,,,,,
125,apispec,marshmallow-code/apispec,openapi-utils,,https://github.com/marshmallow-code/apispec,https://github.com/marshmallow-code/apispec,MIT,2014-10-18 23:48:49.000,2026-07-01 19:30:20.000000,2026-07-01 18:16:33,1853.0,26.0,191,20.0,774.0,30.0,255.0,1218,A pluggable API specification generator. Currently supports the OpenAPI Specification (f.k.a. the Swagger..,20361.0,19973.0,97.0,36,True,['openapi'],2026-03-06 21:48:39.000,6.10.0,125.0,,15208160.0,,conda-forge/apispec,apispec,https://pypi.org/project/apispec,2026-03-06 21:48:39.000,388.0,15183424.0,https://anaconda.org/conda-forge/apispec,2026-03-07 11:24:46.158,1805765.0,2.0,,,,,,,,,,,,,,,,,
126,flask-cors,corydolphin/flask-cors,flask-utils,,https://github.com/corydolphin/flask-cors,https://github.com/corydolphin/flask-cors,MIT,2013-07-28 21:33:57.000,2026-06-09 01:52:38.000000,2026-06-08 22:13:54,387.0,5.0,154,7.0,236.0,39.0,156.0,933,Cross Origin Resource Sharing ( CORS ) support for Flask.,460690.0,459665.0,54.0,36,True,['flask'],2026-06-08 20:20:16.000,6.0.5,58.0,,54930321.0,,conda-forge/flask-cors,flask-cors,https://pypi.org/project/flask-cors,2026-06-08 20:20:16.000,1025.0,54899326.0,https://anaconda.org/conda-forge/flask-cors,2026-06-09 00:55:09.624,1921748.0,1.0,,,,,,,,,,,,,,,,,
127,markupsafe,pallets/markupsafe,html-processing,,https://github.com/pallets/markupsafe,https://github.com/pallets/markupsafe,BSD-3-Clause,2010-06-22 17:22:58.000,2026-03-02 10:22:07.198000,2025-09-27 18:45:34,844.0,,181,30.0,374.0,14.0,139.0,691,Safely add untrusted strings to HTML/XML markup.,2221637.0,2216375.0,51.0,36,True,,2025-09-27 18:38:54.000,3.0.3,36.0,15552.0,716144024.0,,conda-forge/markupsafe,markupsafe,https://pypi.org/project/markupsafe,2025-09-27 18:36:05.000,5262.0,715032713.0,https://anaconda.org/conda-forge/markupsafe,2026-03-02 10:22:07.198,77774606.0,2.0,,,,,,,,,,,,,,,,,
128,httpcore,encode/httpcore,http-clients,,https://github.com/encode/httpcore,https://github.com/encode/httpcore,BSD-3-Clause,2020-01-30 12:41:11.000,2026-01-08 03:07:35.000000,2025-10-13 12:41:26,567.0,,170,24.0,775.0,48.0,176.0,543,A minimal HTTP client.,431767.0,430796.0,59.0,36,True,,2025-04-24 22:06:20.000,1.0.9,64.0,,700126886.0,,conda-forge/httpcore,httpcore,https://pypi.org/project/httpcore,2025-04-24 22:06:20.000,971.0,699859834.0,https://anaconda.org/conda-forge/httpcore,2025-04-25 17:42:16.142,19761914.0,2.0,,,,,,,,,,,,,,,,,
129,sherlock,sherlock-project/sherlock,third-party-apis,,https://github.com/sherlock-project/sherlock,https://github.com/sherlock-project/sherlock,MIT,2018-12-24 14:30:48.000,2026-07-02 06:22:07.000000,2026-05-09 12:06:34,2919.0,26.0,9903,1346.0,1583.0,170.0,1085.0,85992,Hunt down social media accounts by username across social networks.,15.0,,313.0,35,True,,2025-09-16 02:37:59.000,0.16.0,7.0,,40359.0,,,sherlock,https://pypi.org/project/sherlock,2023-02-18 14:51:07.497,15.0,40359.0,,,,2.0,,,,,,,,,,,,,,,,,
130,gallery-dl,mikf/gallery-dl,third-party-apis,,https://github.com/mikf/gallery-dl,https://github.com/mikf/gallery-dl,GPL-2.0,2014-10-12 19:38:05.000,2026-06-30 08:24:05.000000,2026-06-30 08:23:30,7992.0,28.0,1442,167.0,747.0,1162.0,6510.0,18724,Command-line program to download image galleries and collections from several image hosting sites.,55.0,24.0,213.0,35,True,,2026-06-30 08:25:57.000,1.32.5,202.0,1081484.0,297389.0,,,gallery-dl,https://pypi.org/project/gallery-dl,2026-06-30 08:16:12.000,31.0,278743.0,,,,2.0,,,,,,,,,,,,,,,,,
131,aiohttp,aio-libs/aiohttp,http-clients,,https://github.com/aio-libs/aiohttp,https://github.com/aio-libs/aiohttp,Apache-2.0,2013-10-01 23:04:01.000,2026-06-29 10:53:33.000000,,,,2333,,,225.0,,16463,Asynchronous HTTP client/server framework for asyncio and Python.,32073.0,,980.0,35,True,,2026-06-07 21:05:37.000,3.14.1,310.0,,607319175.0,,conda-forge/aiohttp,aiohttp,https://pypi.org/project/aiohttp,2026-06-07 21:05:37.000,32073.0,606918043.0,https://anaconda.org/conda-forge/aiohttp,2026-06-08 10:39:10.184,27678141.0,2.0,,,,,,,,,,,,,,,,,
132,httpbin,postmanlabs/httpbin,others,,https://github.com/postmanlabs/httpbin,https://github.com/postmanlabs/httpbin,ISC,2011-05-20 21:14:01.000,2026-06-16 21:41:26.000000,2018-11-07 20:31:50,841.0,,1912,232.0,340.0,189.0,249.0,13586,"HTTP Request & Response Service, written in Python + Flask.",1766.0,1735.0,108.0,35,False,['flask'],2026-06-16 21:41:26.000,0.10.4,18.0,,561285.0,,,httpbin,https://pypi.org/project/httpbin,2026-06-16 21:41:26.000,31.0,561285.0,,,,2.0,,,,,,,,,,,,,,,,,
133,thumbor,thumbor/thumbor,third-party-apis,,https://github.com/thumbor/thumbor,https://github.com/thumbor/thumbor,MIT,2011-03-16 17:30:05.000,2026-07-01 20:22:54.000000,2026-06-04 03:54:20,2559.0,46.0,865,189.0,827.0,21.0,1009.0,10503,thumbor is an open-source photo thumbnail service by globo.com.,441.0,388.0,210.0,35,True,,2026-05-30 23:26:33.000,7.8.0,120.0,,19460.0,,,thumbor,https://pypi.org/project/thumbor,2026-05-30 23:23:57.000,53.0,19460.0,,,,2.0,,,,,,,,,,,,,,,,,
134,Django-Ninja,vitalik/django-ninja,django-utils,,https://github.com/vitalik/django-ninja,https://github.com/vitalik/django-ninja,MIT,2020-05-19 08:48:53.000,2026-06-09 15:46:32.000000,2026-06-09 15:46:32,1500.0,13.0,594,70.0,518.0,218.0,903.0,9112,"Fast, Async-ready, Openapi, type hints based framework for building APIs.",199.0,,181.0,35,True,,2026-03-18 20:06:45.000,1.6.2,79.0,,2879004.0,,conda-forge/django-ninja,django-ninja,https://pypi.org/project/django-ninja,2026-03-18 20:06:45.000,199.0,2878183.0,https://anaconda.org/conda-forge/django-ninja,2026-03-23 22:01:11.603,44351.0,2.0,,,,,,,,,,,,,,,,,
135,django-oscar,django-oscar/django-oscar,django-utils,,https://github.com/django-oscar/django-oscar,https://github.com/django-oscar/django-oscar,BSD-3-Clause,2010-12-08 21:30:32.000,2026-07-01 11:03:33.000000,2026-06-25 11:17:21,9235.0,17.0,2274,269.0,3045.0,139.0,1426.0,6613,Domain-driven e-commerce for Django.,1241.0,1197.0,382.0,35,True,['django'],2025-10-29 11:55:42.000,4.1,157.0,,57044.0,,,django-oscar,https://pypi.org/project/django-oscar,2025-10-29 11:52:12.000,44.0,57044.0,,,,2.0,,,,,,,,,,,,,,,,,
136,channels,django/channels,django-utils,,https://github.com/django/channels,https://github.com/django/channels,BSD-3-Clause,2015-06-03 17:16:20.000,2026-06-22 20:22:25.000000,2026-04-24 09:36:10,1371.0,3.0,818,151.0,768.0,115.0,1206.0,6351,Developer-friendly asynchrony for Django.,467.0,24.0,282.0,35,True,['django'],2025-11-20 15:13:02.000,4.3.2,73.0,,5774794.0,,conda-forge/channels,channels,https://pypi.org/project/channels,2025-11-20 15:13:02.000,443.0,5770826.0,https://anaconda.org/conda-forge/channels,2025-11-20 15:53:10.621,273837.0,2.0,,,,,,,,,,,,,,,,,
137,django-crispy-forms,django-crispy-forms/django-crispy-forms,forms,,https://github.com/django-crispy-forms/django-crispy-forms,https://github.com/django-crispy-forms/django-crispy-forms,MIT,2011-11-01 11:48:03.000,2026-06-19 12:24:09.000000,2026-06-19 12:24:09,1803.0,1.0,729,112.0,731.0,71.0,647.0,5162,The best way to have DRY Django forms. The app provides a tag and filter that lets you quickly render forms in a div..,169743.0,169261.0,232.0,35,True,['django'],2026-03-01 09:01:54.000,2.6,46.0,,3050087.0,,conda-forge/django-crispy-forms,django-crispy-forms,https://pypi.org/project/django-crispy-forms,2026-03-01 09:03:36.000,482.0,3046581.0,https://anaconda.org/conda-forge/django-crispy-forms,2026-03-01 11:27:30.459,238475.0,2.0,,,,,,,,,,,,,,,,,
138,django-filter,carltongibson/django-filter,django-utils,,https://github.com/carltongibson/django-filter,https://github.com/carltongibson/django-filter,BSD-3-Clause,2009-01-30 00:35:57.000,2026-05-11 07:04:14.000000,2026-05-11 07:02:27,1350.0,1.0,773,62.0,784.0,85.0,793.0,4685,A generic system for filtering Django QuerySets based on user selections.,204515.0,203450.0,223.0,35,True,['django'],2023-04-23 17:35:23.000,23.1,47.0,,16851995.0,,conda-forge/django-filter,django-filter,https://pypi.org/project/django-filter,2025-10-05 09:51:29.000,1065.0,16847075.0,https://anaconda.org/conda-forge/django-filter,2025-10-05 20:54:42.947,359219.0,2.0,,,,,,,,,,,,,,,,,
139,pyramid,Pylons/pyramid,web-frameworks,,https://github.com/Pylons/pyramid,https://github.com/Pylons/pyramid,,2010-10-24 22:00:35.000,2026-06-19 08:42:21.000000,2026-03-11 01:27:19,11989.0,,895,158.0,2738.0,80.0,992.0,4086,Pyramid - A Python web framework.,19550.0,18994.0,354.0,35,False,,2023-08-25 06:33:20.000,2.0.2,157.0,,2364252.0,,pyramid,pyramid,https://pypi.org/project/pyramid,2026-03-11 01:23:56.000,548.0,2364176.0,https://anaconda.org/anaconda/pyramid,2025-04-22 15:32:19.372,9833.0,2.0,,,,,,,,,,,,,,,8.0,,
140,flask-login,maxcountryman/flask-login,auth,,https://github.com/maxcountryman/flask-login,https://github.com/maxcountryman/flask-login,MIT,2012-03-11 14:42:33.000,2025-08-27 03:00:09.000000,2025-08-27 03:00:09,548.0,,803,69.0,445.0,16.0,416.0,3677,Flask user session management.,225215.0,224543.0,119.0,35,True,['flask'],2023-10-30 14:56:07.000,0.6.3,25.0,,26708235.0,,conda-forge/flask-login,flask-login,https://pypi.org/project/flask-login,2023-10-30 14:53:19.000,672.0,26695919.0,https://anaconda.org/conda-forge/flask-login,2025-04-22 14:56:25.112,640463.0,2.0,,,,,,,,,,,,,,,,,
141,django-oauth-toolkit,jazzband/django-oauth-toolkit,auth,,https://github.com/django-oauth/django-oauth-toolkit,https://github.com/django-oauth/django-oauth-toolkit,,2013-05-20 15:46:18.000,2026-06-01 13:17:36.000000,2026-06-01 13:15:04,1494.0,20.0,843,59.0,804.0,126.0,780.0,3328,OAuth2 goodies for the Djangonauts!.,11954.0,11811.0,285.0,35,False,['django'],2026-05-29 18:13:55.000,3.3.0,51.0,,4968437.0,django-oauth/django-oauth-toolkit,,django-oauth-toolkit,https://pypi.org/project/django-oauth-toolkit,2026-05-29 18:13:55.000,143.0,4968437.0,,,,2.0,,,,,,,,,,,,,,,,,
142,pyotp,pyauth/pyotp,auth,,https://github.com/pyauth/pyotp,https://github.com/pyauth/pyotp,MIT,2011-09-23 13:10:31.000,2026-06-29 20:23:55.000000,2026-06-29 20:23:54,234.0,6.0,354,51.0,86.0,5.0,98.0,3319,Python One-Time Password Library.,28006.0,27547.0,53.0,35,True,,2026-06-14 03:49:04.000,2.10.0,24.0,712.0,39921253.0,,conda-forge/pyotp,pyotp,https://pypi.org/project/pyotp,2023-07-27 23:41:01.000,459.0,39919545.0,https://anaconda.org/conda-forge/pyotp,2026-06-14 05:16:26.218,120923.0,2.0,,,,,,,,,,,,,,,,,
143,daphne,django/daphne,websocket,,https://github.com/django/daphne,https://github.com/django/daphne,BSD-3-Clause,2015-12-23 17:06:46.000,2026-06-03 12:47:58.009000,2026-06-03 10:51:16,454.0,4.0,287,41.0,215.0,38.0,315.0,2673,Django Channels HTTP/WebSocket server.,40577.0,40377.0,78.0,35,True,['django'],2026-06-03 10:53:11.000,4.2.2,63.0,,5088235.0,,conda-forge/daphne,daphne,https://pypi.org/project/daphne,2026-06-03 10:53:11.000,200.0,5084900.0,https://anaconda.org/conda-forge/daphne,2026-06-03 12:47:58.009,230156.0,2.0,,,,,,,,,,,,,,,,,
144,Flask-Migrate,miguelgrinberg/Flask-Migrate,flask-utils,,https://github.com/miguelgrinberg/Flask-Migrate,https://github.com/miguelgrinberg/Flask-Migrate,MIT,2013-09-08 19:24:57.000,2026-05-14 19:42:31.000000,2026-05-14 19:42:27,254.0,4.0,230,25.0,89.0,1.0,414.0,2407,SQLAlchemy database migrations for Flask applications using Alembic.,192926.0,192524.0,51.0,35,True,['flask'],2025-01-10 18:51:13.000,4.1.0,48.0,,5703489.0,,conda-forge/flask-migrate,flask-migrate,https://pypi.org/project/flask-migrate,2025-01-10 18:51:09.000,402.0,5694207.0,https://anaconda.org/conda-forge/flask-migrate,2025-04-22 14:56:28.718,640526.0,1.0,,,,,,,,,,,,,,,,,
145,CherryPy,cherrypy/cherrypy,web-frameworks,,https://github.com/cherrypy/cherrypy,https://github.com/cherrypy/cherrypy,BSD-3-Clause,2015-11-02 23:24:05.416,2026-06-29 17:47:29.000000,2025-11-20 00:36:37,4723.0,,368,53.0,268.0,265.0,1545.0,1943,"CherryPy is a pythonic, object-oriented HTTP framework. https://cherrypy.dev.",15341.0,14910.0,149.0,35,True,,2024-06-14 15:25:34.000,18.10.0,121.0,,835179.0,,anaconda/cherrypy,cherrypy,https://pypi.org/project/cherrypy,2024-06-14 15:25:34.000,431.0,834914.0,https://anaconda.org/anaconda/cherrypy,2025-12-12 15:39:06.824,33960.0,2.0,,,,,,,,,,,,,,,,,
146,flask-jwt-extended,vimalloc/flask-jwt-extended,auth,,https://github.com/vimalloc/flask-jwt-extended,https://github.com/vimalloc/flask-jwt-extended,MIT,2016-09-13 20:57:28.000,2026-07-02 13:18:16.000000,2026-07-02 13:18:16,681.0,7.0,251,27.0,183.0,18.0,381.0,1584,An open source Flask extension that provides JWT support (with batteries included)!.,67243.0,66861.0,100.0,35,True,['flask'],2026-05-13 15:23:16.000,4.7.4,96.0,,13372988.0,,conda-forge/flask-jwt-extended,flask-jwt-extended,https://pypi.org/project/flask-jwt-extended,2026-05-13 15:23:16.000,382.0,13366376.0,https://anaconda.org/conda-forge/flask-jwt-extended,2026-05-14 01:41:59.509,449622.0,2.0,,,,,,,,,,,,,,,,,
147,dj-database-url,jacobian/dj-database-url,django-utils,,https://github.com/jazzband/dj-database-url,https://github.com/jazzband/dj-database-url,BSD-3-Clause,2012-04-30 17:20:23.000,2026-06-29 17:32:07.000000,2026-06-19 21:49:18,374.0,9.0,215,29.0,207.0,7.0,98.0,1574,Use Database URLs in your Django Application.,314160.0,313798.0,78.0,35,True,['django'],2026-02-19 11:13:52.000,3.1.2,25.0,,7389778.0,jazzband/dj-database-url,,dj-database-url,https://pypi.org/project/dj-database-url,2026-02-19 15:30:39.000,362.0,7389778.0,,,,2.0,,,,,,,,,,,,,,,,,
148,pytest-django,pytest-dev/pytest-django,testing,,https://github.com/pytest-dev/pytest-django,https://github.com/pytest-dev/pytest-django,,2011-09-29 19:35:55.000,2026-07-01 00:53:01.000000,2026-04-09 09:23:04,1364.0,1.0,359,39.0,713.0,198.0,407.0,1537,A Django plugin for pytest.,99632.0,98075.0,156.0,35,False,['django'],2026-02-14 18:40:47.000,4.12.0,68.0,,21710149.0,,conda-forge/pytest-django,pytest-django,https://pypi.org/project/pytest-django,2026-02-14 18:40:47.000,1557.0,21701854.0,https://anaconda.org/conda-forge/pytest-django,2026-02-14 19:22:18.929,580675.0,2.0,,,,,,,,,,,,,,,,,
149,httptools,MagicStack/httptools,http-clients,,https://github.com/MagicStack/httptools,https://github.com/MagicStack/httptools,MIT,2016-04-25 16:13:48.000,2026-05-26 01:18:35.562000,2026-05-25 22:02:50,115.0,5.0,106,35.0,74.0,23.0,53.0,1322,Fast HTTP parser.,198618.0,198031.0,24.0,35,True,,2026-05-25 22:16:50.000,0.8.0,27.0,,204204230.0,,conda-forge/httptools,httptools,https://pypi.org/project/httptools,2026-05-25 22:16:50.000,587.0,204145964.0,https://anaconda.org/conda-forge/httptools,2026-05-26 01:18:35.562,4020396.0,2.0,,,,,,,,,,,,,,,,,
150,graphql-core,graphql-python/graphql-core,graphql,,https://github.com/graphql-python/graphql-core,https://github.com/graphql-python/graphql-core,MIT,2018-08-01 20:57:07.000,2026-06-19 20:40:07.000000,2026-06-19 20:38:18,1402.0,143.0,145,20.0,96.0,29.0,146.0,527,A Python 3 port of the GraphQL.js reference implementation of GraphQL.,42953.0,42322.0,45.0,35,True,,2026-06-05 13:51:36.000,3.2.11,108.0,,74833407.0,,conda-forge/graphql-core,graphql-core,https://pypi.org/project/graphql-core,2026-06-19 20:40:07.000,631.0,74803229.0,https://anaconda.org/conda-forge/graphql-core,2026-06-05 21:46:15.105,2233232.0,2.0,,,,,,,,,,,,,,,,,
151,tushare,waditu/tushare,third-party-apis,,https://github.com/waditu/tushare,https://github.com/waditu/tushare,BSD-3-Clause,2015-01-07 07:51:14.000,2026-03-25 06:33:43.000000,2020-03-04 14:36:33,412.0,,4411,965.0,137.0,704.0,1072.0,15198,TuShare is a utility for crawling historical data of China stocks.,2790.0,2618.0,34.0,34,False,,2026-03-25 06:33:43.000,1.4.29,233.0,,513245.0,,,tushare,https://pypi.org/project/tushare,2026-03-25 06:33:43.000,172.0,513245.0,,,,2.0,,,,,,,,,,,,,,,,,
152,spotipy,plamere/spotipy,third-party-apis,,https://github.com/spotipy-dev/spotipy,https://github.com/spotipy-dev/spotipy,MIT,2014-04-05 13:11:25.000,2026-06-29 12:22:52.000000,2026-03-11 21:07:45,728.0,,973,76.0,513.0,51.0,667.0,5453,A light weight Python library for the Spotify Web API.,43984.0,43475.0,205.0,34,True,,2026-03-03 16:37:38.000,2.26.0,53.0,,432826.0,spotipy-dev/spotipy,conda-forge/spotipy,spotipy,https://pypi.org/project/spotipy,2026-03-03 16:37:38.000,509.0,432353.0,https://anaconda.org/conda-forge/spotipy,2026-01-05 22:51:36.717,30781.0,2.0,,,,,,,,,,,,,,,,,
153,google-resumable-media,googleapis/google-resumable-media-python,third-party-apis,,https://github.com/googleapis/google-resumable-media-python,https://github.com/googleapis/google-resumable-media-python,Apache-2.0,2017-04-12 20:09:20.000,2026-06-03 22:05:02.707000,2026-03-06 17:03:16,472.0,,1716,39.0,400.0,,89.0,5329,This library has moved to https://github.com/googleapis/google-cloud-python/tree/main/packages/google-resumable-media.,310.0,,39.0,34,True,,2026-06-03 16:13:12.000,2.10.0,53.0,,180432002.0,,conda-forge/google-resumable-media,google-resumable-media,https://pypi.org/project/google-resumable-media,2026-06-03 16:13:12.000,310.0,180333928.0,https://anaconda.org/conda-forge/google-resumable-media,2026-06-03 22:05:02.707,7159472.0,2.0,,,,,,,,,,,,,,,,,
154,django-silk,jazzband/django-silk,testing,,https://github.com/jazzband/django-silk,https://github.com/jazzband/django-silk,MIT,2014-05-21 21:14:45.000,2026-06-29 22:21:26.000000,2026-06-29 22:21:26,1002.0,7.0,368,48.0,487.0,128.0,277.0,4977,Silky smooth profiling for Django.,6526.0,6496.0,168.0,34,True,['django'],2026-03-08 05:01:13.000,5.5.0,52.0,262.0,2414964.0,,,django-silk,https://pypi.org/project/django-silk,2026-03-08 05:01:13.000,30.0,2414963.0,,,,2.0,,,,,,,,,,,,,,,,,
155,Prism,stoplightio/prism,testing,,https://github.com/stoplightio/prism,https://github.com/stoplightio/prism,Apache-2.0,2016-03-18 03:52:09.000,2026-07-02 14:40:12.000000,2026-06-24 07:45:11,2098.0,27.0,405,50.0,1976.0,132.0,637.0,4976,"Turn any OpenAPI2/3 and Postman Collection file into an API server with mocking, transformations and validations.",912.0,818.0,111.0,34,True,['openapi'],2026-06-03 07:17:17.081,5.15.11,214.0,241023.0,574040.0,,,,,,,,,,,2.0,,@stoplight/prism-cli,https://www.npmjs.com/package/@stoplight/prism-cli,2026-06-03 07:17:17.081,94.0,571028.0,,,,,,,,,,,
156,Radicale,Kozea/Radicale,others,,https://github.com/Kozea/Radicale,https://github.com/Kozea/Radicale,GPL-3.0,2011-08-11 08:27:37.000,2026-07-02 05:38:17.000000,2026-07-02 05:37:50,4552.0,446.0,507,89.0,782.0,14.0,1195.0,4786,A simple CalDAV (calendar) and CardDAV (contact) server.,239.0,198.0,167.0,34,True,,2026-06-14 08:08:55.000,3.7.5,90.0,,30213.0,,,radicale,https://pypi.org/project/radicale,2026-06-14 08:08:55.000,41.0,30213.0,,,,2.0,,,,,,,,,,,,,,,,,
157,connexion,zalando/connexion,openapi-utils,,https://github.com/spec-first/connexion,https://github.com/spec-first/connexion,Apache-2.0,2015-05-19 13:05:58.000,2026-06-01 17:07:07.000000,2026-04-25 19:24:50,1525.0,2.0,784,75.0,952.0,146.0,983.0,4602,Connexion is a modern Python web framework that makes spec-first and api-first development easy.,17129.0,16904.0,244.0,34,True,['openapi'],2025-10-13 12:41:48.000,3.3.0,165.0,,9802428.0,spec-first/connexion,conda-forge/connexion,connexion,https://pypi.org/project/connexion,2025-10-13 12:41:48.000,225.0,9791841.0,https://anaconda.org/conda-forge/connexion,2025-12-31 19:01:12.056,688171.0,2.0,,,,,,,,,,,,,,,,,
158,django-haystack,django-haystack/django-haystack,django-utils,,https://github.com/django-haystack/django-haystack,https://github.com/django-haystack/django-haystack,,2009-01-29 20:23:57.000,2026-07-01 06:17:22.000000,2026-07-01 06:17:20,1976.0,11.0,1311,107.0,840.0,584.0,759.0,3740,Modular search for Django.,10683.0,10564.0,224.0,34,False,['django'],2026-06-04 19:12:33.000,3.4.0,48.0,,205720.0,,conda-forge/django-haystack,django-haystack,https://pypi.org/project/django-haystack,2026-06-04 19:12:33.000,119.0,205302.0,https://anaconda.org/conda-forge/django-haystack,2025-04-22 14:56:51.406,12140.0,2.0,,,,,,,,,,,,,,,,,
159,django-taggit,jazzband/django-taggit,django-utils,,https://github.com/jazzband/django-taggit,https://github.com/jazzband/django-taggit,BSD-3-Clause,2009-12-08 23:40:49.000,2026-06-29 17:32:46.000000,2026-05-23 23:38:09,1234.0,16.0,622,60.0,493.0,103.0,352.0,3438,Simple tagging for django.,218.0,,159.0,34,True,['django'],2024-09-29 08:07:14.000,6.1.0,69.0,,3474528.0,,conda-forge/django-taggit,django-taggit,https://pypi.org/project/django-taggit,2024-09-29 08:07:14.000,218.0,3467931.0,https://anaconda.org/conda-forge/django-taggit,2025-04-22 14:56:21.123,435449.0,2.0,,,,,,,,,,,,,,,,,
160,python-markdown2,trentm/python-markdown2,markdown,,https://github.com/trentm/python-markdown2,https://github.com/trentm/python-markdown2,MIT,2011-01-31 00:30:02.000,2026-06-22 17:26:13.000000,2026-06-22 17:26:12,1381.0,14.0,444,57.0,324.0,91.0,301.0,2819,markdown2: A fast and complete implementation of Markdown in Python.,679.0,,83.0,34,True,,2026-03-02 20:46:52.000,2.5.5,60.0,,8719566.0,,,markdown2,https://pypi.org/project/markdown2,2026-03-02 20:46:52.000,679.0,8719566.0,,,,3.0,,,,,,,,,,,,,,,,,
161,bleach,mozilla/bleach,html-processing,,https://github.com/mozilla/bleach,https://github.com/mozilla/bleach,Apache-2.0,2010-02-19 01:12:41.000,2026-06-05 16:10:54.487000,2026-06-05 12:58:08,962.0,8.0,260,40.0,394.0,,388.0,2772,Bleach is an allowed-list-based HTML sanitizing library that escapes or strips markup and attributes.,2062.0,,79.0,34,True,,2026-06-05 13:01:12.000,6.4.0,61.0,,75630065.0,,conda-forge/bleach,bleach,https://pypi.org/project/bleach,2026-06-05 13:01:12.000,2062.0,75236933.0,https://anaconda.org/conda-forge/bleach,2026-06-05 16:10:54.487,27519260.0,3.0,,,,,,,,,,,,,,,,,
162,django-model-utils,jazzband/django-model-utils,django-utils,,https://github.com/jazzband/django-model-utils,https://github.com/jazzband/django-model-utils,BSD-3-Clause,2009-11-10 06:18:00.000,2026-04-27 17:37:50.000000,2026-03-23 07:48:21,1128.0,,370,43.0,359.0,120.0,194.0,2761,Django model mixins and utilities.,27818.0,27319.0,143.0,34,True,['django'],2024-09-04 11:35:22.000,5.0.0,43.0,,5423940.0,,,django-model-utils,https://pypi.org/project/django-model-utils,2024-09-04 11:35:22.000,499.0,5423940.0,,,,2.0,,,,,,,,,,,,,,,,,
163,django-webpack-loader,django-webpack/django-webpack-loader,django-utils,,https://github.com/django-webpack/django-webpack-loader,https://github.com/django-webpack/django-webpack-loader,MIT,2015-05-16 16:33:58.000,2026-05-13 15:48:22.537000,2026-05-13 14:47:25,390.0,11.0,341,44.0,241.0,8.0,189.0,2546,Transparently use webpack with django.,10229.0,10159.0,67.0,34,True,['django'],2026-05-13 14:48:04.000,3.2.4,55.0,,944484.0,,conda-forge/django-webpack-loader,django-webpack-loader,https://pypi.org/project/django-webpack-loader,2026-05-13 13:19:46.000,70.0,943994.0,https://anaconda.org/conda-forge/django-webpack-loader,2026-05-13 15:48:22.537,29915.0,2.0,,,,,,,,,,,,,,,,,
164,autobahn-python,crossbario/autobahn-python,websocket,,https://github.com/crossbario/autobahn-python,https://github.com/crossbario/autobahn-python,,2011-07-27 15:22:13.000,2026-07-02 15:56:57.000000,2026-07-02 14:44:59,3543.0,21.0,769,88.0,808.0,184.0,791.0,2538,WebSocket and WAMP in Python for Twisted and asyncio.,43143.0,42854.0,138.0,34,False,,2026-07-02 15:56:57.000,master-202607021552,164.0,1186.0,6483527.0,,conda-forge/autobahn,autobahn,https://pypi.org/project/autobahn,2026-06-19 15:11:14.000,289.0,6469327.0,https://anaconda.org/conda-forge/autobahn,2026-06-19 19:03:20.421,1027073.0,3.0,,,,,,,,,,,,,,,,,
165,ariadne,mirumee/ariadne,graphql,,https://github.com/mirumee/ariadne,https://github.com/mirumee/ariadne,BSD-3-Clause,2018-07-09 09:46:17.000,2026-06-15 11:20:51.000000,2026-06-15 11:20:50,2381.0,38.0,197,38.0,750.0,32.0,307.0,2343,Python library for implementing GraphQL servers using schema-first approach. Created with by Mirumee.,2159.0,2056.0,88.0,34,True,['graphql'],2026-06-15 11:07:35.000,1.1.0,74.0,447.0,1477039.0,,,ariadne,https://pypi.org/project/ariadne,2026-06-15 11:07:35.000,103.0,1477035.0,,,,2.0,,,,,,,,,,,,,,,,,
166,tldextract,john-kurkowski/tldextract,url-utils,,https://github.com/john-kurkowski/tldextract,https://github.com/john-kurkowski/tldextract,BSD-3-Clause,2011-02-26 06:48:00.000,2026-04-21 06:35:17.000000,2026-04-21 06:27:37,563.0,4.0,216,43.0,150.0,25.0,199.0,2008,"Accurately separates a URLs subdomain, domain, and public suffix, using the Public Suffix List (PSL).",45548.0,44663.0,53.0,34,True,,2025-12-29 00:05:53.000,5.3.1,65.0,,34324478.0,,conda-forge/tldextract,tldextract,https://pypi.org/project/tldextract,2025-12-28 23:58:04.000,885.0,34310503.0,https://anaconda.org/conda-forge/tldextract,2025-12-29 02:56:08.949,866495.0,1.0,,,,,,,,,,,,,,,,,
167,waitress,Pylons/waitress,servers,,https://github.com/Pylons/waitress,https://github.com/Pylons/waitress,ZPL-2.1,2011-12-17 06:58:21.000,2026-06-18 23:12:25.000000,2026-06-18 23:12:23,1100.0,1.0,182,37.0,232.0,23.0,235.0,1590,Waitress - A WSGI server for Python 3.,234339.0,233213.0,59.0,34,False,,2024-11-16 20:03:53.000,3.0.2,52.0,,8493419.0,,conda-forge/waitress,waitress,https://pypi.org/project/waitress,2024-11-16 20:02:33.000,1126.0,8488654.0,https://anaconda.org/conda-forge/waitress,2026-01-06 19:45:42.145,324078.0,3.0,,,,,,,,,,,,,,,,,
168,flask-wtf,wtforms/flask-wtf,forms,,https://github.com/pallets-eco/flask-wtf,https://github.com/pallets-eco/flask-wtf,BSD-3-Clause,2012-02-29 16:38:52.000,2026-07-01 17:09:27.000000,2026-07-01 17:09:24,954.0,20.0,312,32.0,350.0,24.0,309.0,1508,"Simple integration of Flask and WTForms, including CSRF, file upload and Recaptcha integration.",903.0,,106.0,34,True,['flask'],2026-04-23 07:42:15.000,1.3.0,52.0,90.0,20211038.0,pallets-eco/flask-wtf,conda-forge/flask-wtf,flask-wtf,https://pypi.org/project/flask-wtf,2026-04-23 07:41:53.000,903.0,20202430.0,https://anaconda.org/conda-forge/flask-wtf,2026-04-23 13:19:35.479,533637.0,3.0,,,,,,,,,,,,,,,,,
169,webargs,marshmallow-code/webargs,others,,https://github.com/marshmallow-code/webargs,https://github.com/marshmallow-code/webargs,MIT,2014-02-17 02:16:12.000,2026-07-01 17:05:20.000000,2026-07-01 17:05:17,1860.0,31.0,165,18.0,778.0,6.0,294.0,1408,"A friendly library for parsing HTTP request arguments, with built-in support for popular web frameworks, including..",10528.0,10364.0,84.0,34,True,,2025-10-29 16:07:47.000,8.7.1,105.0,,3565324.0,,conda-forge/webargs,webargs,https://pypi.org/project/webargs,2025-10-29 16:07:47.000,164.0,3558548.0,https://anaconda.org/conda-forge/webargs,2025-10-29 18:00:17.616,474342.0,2.0,,,,,,,,,,,,,,,,,
170,hvac,hvac/hvac,third-party-apis,,https://github.com/hvac/hvac,https://github.com/hvac/hvac,Apache-2.0,2015-05-05 21:56:50.000,2026-01-06 02:34:01.000000,2026-01-06 02:34:00,1380.0,,393,20.0,723.0,179.0,351.0,1310,Python 3.X client for HashiCorp Vault.,7737.0,7232.0,207.0,34,True,,2025-10-30 12:57:46.000,2.4.0,74.0,1188.0,28980444.0,,conda-forge/hvac,hvac,https://pypi.org/project/hvac,2025-10-30 12:57:46.000,505.0,28969393.0,https://anaconda.org/conda-forge/hvac,2025-10-30 13:41:40.018,806205.0,2.0,,,,,,,,,,,,,,,,,
171,PySocks,Anorov/PySocks,others,,https://github.com/Anorov/PySocks,https://github.com/Anorov/PySocks,BSD-3-Clause,2012-02-21 09:10:49.000,2025-04-22 14:56:26.583000,2019-09-20 02:47:40,230.0,,262,47.0,64.0,60.0,62.0,1273,A SOCKS proxy client and wrapper for Python.,245683.0,244544.0,32.0,34,False,,2019-09-20 02:06:20.000,1.7.1,19.0,,67096591.0,,conda-forge/pysocks,pysocks,https://pypi.org/project/pysocks,2019-09-20 02:06:20.000,1139.0,65917511.0,https://anaconda.org/conda-forge/pysocks,2025-04-22 14:56:26.583,82535668.0,2.0,,,,,,,,,,,,,,,,,
172,tifffile,cgohlke/tifffile,others,,https://github.com/cgohlke/tifffile,https://github.com/cgohlke/tifffile,BSD-3-Clause,2020-02-22 22:43:58.000,2026-06-01 07:24:32.301000,2026-05-31 23:57:12,823.0,38.0,163,10.0,39.0,,287.0,659,Read and write TIFF files.,90294.0,87943.0,1.0,34,True,,2026-06-01 00:00:13.000,2026.6.1,169.0,1352.0,24421971.0,,conda-forge/tifffile,tifffile,https://pypi.org/project/tifffile,2026-05-31 23:57:10.000,2351.0,24299347.0,https://anaconda.org/conda-forge/tifffile,2026-06-01 07:24:32.301,9072128.0,2.0,,,,,,,,,,,,,,,,,
173,httplib2,httplib2/httplib2,http-clients,,https://github.com/httplib2/httplib2,https://github.com/httplib2/httplib2,MIT,2016-03-02 22:59:52.000,2026-06-26 12:36:29.231000,2026-06-26 10:07:36,572.0,2.0,188,22.0,129.0,62.0,74.0,509,"Small, fast HTTP client library for Python. Features persistent connections, cache, and Google App Engine support...",271150.0,269908.0,80.0,34,True,,2026-06-26 10:13:54.000,0.32.0,45.0,,165081864.0,,conda-forge/httplib2,httplib2,https://pypi.org/project/httplib2,2026-06-26 10:13:54.000,1242.0,165008920.0,https://anaconda.org/conda-forge/httplib2,2026-06-26 12:36:29.231,5397858.0,3.0,,,,,,,,,,,,,,,,,
174,Mako,sqlalchemy/mako,others,,https://github.com/sqlalchemy/mako,https://github.com/sqlalchemy/mako,MIT,2018-11-26 22:21:34.000,2026-04-28 21:00:22.334000,2026-04-28 19:01:22,992.0,14.0,78,10.0,55.0,71.0,300.0,442,Mako Templates for Python.,336125.0,334748.0,63.0,34,True,,2026-04-28 19:01:14.000,rel_1_3_12,79.0,,178589904.0,,conda-forge/mako,mako,https://pypi.org/project/mako,2026-04-28 19:01:10.000,1377.0,178414534.0,https://anaconda.org/conda-forge/mako,2026-04-28 21:00:22.334,12626669.0,2.0,,,,,,,,,,,,,,,,,
175,soupsieve,facelessuser/soupsieve,web-scraping,,https://github.com/facelessuser/soupsieve,https://github.com/facelessuser/soupsieve,MIT,2018-12-07 07:42:56.000,2026-05-28 01:24:03.000000,2026-05-28 01:24:00,380.0,7.0,49,7.0,174.0,12.0,109.0,266,A modern CSS selector implementation for BeautifulSoup.,756519.0,754613.0,16.0,34,True,,2026-05-24 13:55:55.000,2.8.4,52.0,,391938394.0,,conda-forge/soupsieve,soupsieve,https://pypi.org/project/soupsieve,2026-05-24 13:55:55.000,1906.0,391418867.0,https://anaconda.org/conda-forge/soupsieve,2026-05-24 15:12:44.465,36886449.0,1.0,,,,,,,,,,,,,,,,,
176,redoc,Redocly/redoc,openapi-utils,,https://github.com/Redocly/redoc,https://github.com/Redocly/redoc,MIT,2015-10-30 12:53:02.000,2026-05-29 11:12:07.000000,2026-05-29 11:12:04,2644.0,11.0,2389,294.0,814.0,442.0,1538.0,25789,OpenAPI/Swagger-generated API Reference Documentation.,13925.0,13925.0,229.0,33,True,['openapi'],2026-05-29 10:40:24.000,2.5.3,96.0,156.0,1.0,,,,,,,,,,,2.0,,,,,,,,,,,,,,,,,
177,newspaper3k,codelucas/newspaper,web-scraping,,https://github.com/codelucas/newspaper,https://github.com/codelucas/newspaper,MIT,2013-11-25 09:50:50.000,2026-05-13 04:02:34.000000,2026-05-13 04:02:33,666.0,4.0,2109,373.0,314.0,501.0,271.0,15086,"newspaper3k is a news, full-text, and article metadata extraction in Python 3. Advanced docs:.",218.0,24.0,103.0,33,True,,2018-09-28 04:58:18.000,0.2.8,18.0,,816170.0,,conda-forge/newspaper3k,newspaper3k,https://pypi.org/project/newspaper3k,2018-09-28 04:58:18.000,194.0,813544.0,https://anaconda.org/conda-forge/newspaper3k,2025-04-22 14:56:43.220,181252.0,2.0,,,,,,,,,,,,,,,,,
178,dirsearch,maurosoria/dirsearch,web-scraping,,https://github.com/maurosoria/dirsearch,https://github.com/maurosoria/dirsearch,GPL-2.0,2013-04-30 15:57:40.000,2026-07-01 03:25:55.000000,2026-07-01 03:25:55,2682.0,70.0,2424,308.0,947.0,38.0,574.0,14452,Web path scanner.,202.0,201.0,113.0,33,True,,2022-10-05 13:01:24.000,0.4.3,16.0,,29190.0,,,dirsearch,https://pypi.org/project/dirsearch,2022-10-03 17:07:28.162,1.0,29190.0,,,,2.0,,,,,,,,,,,,,,,,,
179,cookiecutter-django,cookiecutter/cookiecutter-django,django-utils,,https://github.com/cookiecutter/cookiecutter-django,https://github.com/cookiecutter/cookiecutter-django,BSD-3-Clause,2013-08-14 17:43:31.000,2026-07-02 14:27:14.000000,2026-07-02 14:27:12,9164.0,207.0,3021,197.0,5279.0,91.0,1195.0,13559,Cookiecutter Django is a framework for jumpstarting production-ready Django projects quickly.,34.0,34.0,474.0,33,True,['django'],2026-07-02 03:13:30.000,2026.07.01,100.0,,106.0,,,cookiecutter-django,https://pypi.org/project/cookiecutter-django,2018-01-15 20:46:23.000,,106.0,,,,2.0,,,,,,,,,,,,,,,,,
180,Zappa,Miserlou/Zappa,serverless,,https://github.com/Miserlou/Zappa,https://github.com/Miserlou/Zappa,MIT,2016-01-20 21:57:04.000,2026-03-11 00:42:24.000000,2021-02-20 16:10:31,2916.0,,1206,242.0,947.0,691.0,675.0,11886,Serverless Python.,44.0,24.0,262.0,33,False,,2026-03-11 00:42:24.000,0.62.1,145.0,438.0,235580.0,,,zappa,https://pypi.org/project/zappa,2026-03-11 00:42:24.000,20.0,235576.0,,,,2.0,,,,,,,,,,,,,,,,,
181,wechatpy,wechatpy/wechatpy,third-party-apis,,https://github.com/wechatpy/wechatpy,https://github.com/wechatpy/wechatpy,MIT,2014-09-12 13:03:28.000,2026-05-19 17:29:46.000000,2026-03-07 15:28:48,1337.0,,834,169.0,443.0,56.0,317.0,4291,WeChat SDK for Python.,10367.0,10342.0,102.0,33,True,,2021-11-11 15:12:31.000,1.8.18,137.0,,165365.0,,,wechatpy,https://pypi.org/project/wechatpy,2022-06-19 11:36:01.000,25.0,165365.0,,,,3.0,,,,,,,,,,,,,,,,,
182,django-tastypie,django-tastypie/django-tastypie,web-frameworks,,https://github.com/django-tastypie/django-tastypie,https://github.com/django-tastypie/django-tastypie,BSD-3-Clause,2010-03-29 06:01:45.000,2025-09-08 00:14:28.000000,2025-04-02 19:22:48,1307.0,,1159,116.0,858.0,409.0,527.0,3955,Creating delicious APIs for Django apps since 2010.,6447.0,6402.0,204.0,33,False,['django'],2025-02-23 19:22:33.000,0.15.1,30.0,,108441.0,,,django-tastypie,https://pypi.org/project/django-tastypie,2025-02-23 19:19:45.000,45.0,108441.0,,,,3.0,,,,,,,,,,,,,,,,,
183,django-grappelli,sehmaschine/django-grappelli,admin-ui,,https://github.com/sehmaschine/django-grappelli,https://github.com/sehmaschine/django-grappelli,BSD-3-Clause,2010-03-26 12:25:59.000,2026-05-20 06:43:08.000000,2026-04-29 09:16:00,1979.0,6.0,655,83.0,338.0,8.0,738.0,3934,A jazzy skin for the Django Admin-Interface (official repository).,6957.0,6923.0,91.0,33,True,['django'],2026-04-29 09:29:35.000,5.0.0,87.0,,407079.0,,conda-forge/django-grappelli,django-grappelli,https://pypi.org/project/django-grappelli,2026-04-29 09:29:35.000,34.0,401733.0,https://anaconda.org/conda-forge/django-grappelli,2026-04-29 12:22:42.643,363592.0,2.0,,,,,,,,,,,,,,,,,
184,drf-yasg,axnsan12/drf-yasg,openapi-utils,,https://github.com/axnsan12/drf-yasg,https://github.com/axnsan12/drf-yasg,,2017-11-29 10:30:22.000,2026-06-22 04:33:03.000000,2026-03-10 14:35:25,584.0,,440,27.0,315.0,246.0,426.0,3544,Automated generation of real Swagger/OpenAPI 2.0 schemas from Django REST Framework code.,126541.0,126303.0,76.0,33,False,"['openapi', 'django']",2026-02-24 18:10:10.000,1.21.15,70.0,,2898448.0,,conda-forge/drf-yasg,drf-yasg,https://pypi.org/project/drf-yasg,2026-02-24 18:09:18.000,238.0,2898041.0,https://anaconda.org/conda-forge/drf-yasg,2026-06-17 08:28:46.842,29348.0,2.0,,,,,,,,,,,,,,,,,
185,splinter,cobrateam/splinter,testing,,https://github.com/cobrateam/splinter,https://github.com/cobrateam/splinter,BSD-3-Clause,2010-09-18 20:59:15.000,2025-08-16 15:08:24.000000,2025-08-16 15:08:24,2335.0,,513,91.0,800.0,57.0,486.0,2757,splinter - python test framework for web applications.,7229.0,7174.0,182.0,33,True,,2024-01-16 00:59:02.000,0.21.0,52.0,,479599.0,,,splinter,https://pypi.org/project/splinter,2024-01-16 00:59:02.000,55.0,479599.0,,,,2.0,,,,,,,,,,,,,,,,,
186,sqladmin,aminalaee/sqladmin,fastapi-utils,,https://github.com/smithyhq/sqladmin,https://github.com/smithyhq/sqladmin,BSD-3-Clause,2021-12-22 10:09:54.000,2026-07-01 17:12:48.000000,2026-06-08 11:14:58,463.0,43.0,289,14.0,553.0,54.0,256.0,2757,SQLAlchemy Admin for FastAPI and Starlette.,1931.0,1884.0,99.0,33,True,['fastapi'],2026-06-08 11:17:57.000,0.27.2,53.0,,846439.0,smithyhq/sqladmin,,sqladmin,https://pypi.org/project/sqladmin,2026-06-08 11:17:57.000,47.0,846439.0,,,,1.0,,,,,,,,,,,,,,,,,
187,opentelemetry-python,open-telemetry/opentelemetry-python,monitoring,,https://github.com/open-telemetry/opentelemetry-python,https://github.com/open-telemetry/opentelemetry-python,Apache-2.0,2019-05-07 21:13:30.000,2026-07-02 14:46:07.000000,2026-06-30 14:56:23,2200.0,130.0,925,38.0,2978.0,427.0,1748.0,2514,OpenTelemetry Python API and SDK.,9.0,,370.0,33,True,,2026-06-24 15:20:11.000,1.43.0,83.0,,1036763.0,,conda-forge/opentelemetry-api,timing-asgi,https://pypi.org/project/timing-asgi,2026-02-17 11:24:46.000,9.0,986784.0,https://anaconda.org/conda-forge/opentelemetry-api,2026-06-24 18:23:45.693,3498565.0,2.0,,,,,,,,,,,,,,,,,
188,django-imagekit,matthewwithanm/django-imagekit,django-utils,,https://github.com/matthewwithanm/django-imagekit,https://github.com/matthewwithanm/django-imagekit,BSD-3-Clause,2011-02-10 21:01:29.000,2026-02-22 18:17:02.000000,2026-02-22 17:41:48,1160.0,,279,44.0,193.0,92.0,310.0,2351,Automated image processing for Django. Currently v6.0.,10384.0,10330.0,81.0,33,True,['django'],2026-02-22 18:17:02.000,6.1.0,43.0,228.0,494249.0,,,django-imagekit,https://pypi.org/project/django-imagekit,2026-02-22 18:17:02.000,54.0,494247.0,,,,2.0,,,,,,,,,,,,,,,,,
189,django-bootstrap3,zostera/django-bootstrap3,django-utils,,https://github.com/zostera/django-bootstrap3,https://github.com/zostera/django-bootstrap3,BSD-3-Clause,2013-08-13 13:48:04.000,2026-06-22 04:58:02.000000,2026-06-22 04:58:00,1204.0,9.0,678,99.0,816.0,,297.0,2336,Bootstrap 3 integration with Django.,19598.0,19527.0,101.0,33,True,['django'],2021-04-10 05:34:25.000,15.0.0,108.0,,337762.0,,conda-forge/django-bootstrap3,django-bootstrap3,https://pypi.org/project/django-bootstrap3,2026-01-03 11:51:24.000,71.0,334858.0,https://anaconda.org/conda-forge/django-bootstrap3,2025-04-22 14:56:41.415,52288.0,2.0,,,,,,,,,,,,,,,,,
190,requests-futures,ross/requests-futures,http-clients,,https://github.com/ross/requests-futures,https://github.com/ross/requests-futures,Apache-2.0,2013-03-21 14:20:03.000,2026-06-20 19:35:17.000000,2026-06-20 19:35:15,225.0,10.0,152,42.0,98.0,,88.0,2220,Asynchronous Python HTTP Requests for Humans using Futures.,8179.0,7867.0,28.0,33,True,,2024-11-15 22:14:50.000,1.0.2,12.0,,4306989.0,,conda-forge/requests-futures,requests-futures,https://pypi.org/project/requests-futures,2024-11-15 22:14:50.000,312.0,4299360.0,https://anaconda.org/conda-forge/requests-futures,2025-04-22 14:56:26.495,541671.0,3.0,,,,,,,,,,,,,,,,,
191,django-tables2,jieter/django-tables2,django-utils,,https://github.com/jieter/django-tables2,https://github.com/jieter/django-tables2,,2010-12-07 05:26:16.000,2026-06-29 21:52:06.000000,2026-04-14 06:17:29,1504.0,9.0,439,50.0,439.0,100.0,513.0,2015,django-tables2 - An app for creating HTML tables.,8563.0,8426.0,163.0,33,False,['django'],2026-04-13 07:42:42.000,3.0.0,134.0,,917900.0,,conda-forge/django-tables2,django-tables2,https://pypi.org/project/django-tables2,2026-04-13 07:42:42.000,137.0,917496.0,https://anaconda.org/conda-forge/django-tables2,2026-04-30 14:59:36.030,24651.0,2.0,,,,,,,,,,,,,,,,,
192,django-rq,rq/django-rq,django-utils,,https://github.com/rq/django-rq,https://github.com/rq/django-rq,MIT,2012-05-15 10:21:58.000,2026-06-03 22:16:28.000000,2026-05-28 02:37:39,759.0,21.0,297,25.0,417.0,114.0,283.0,1947,A simple app that provides django integration for RQ (Redis Queue).,4503.0,4387.0,140.0,33,True,['django'],2026-04-05 10:33:31.000,4.1,64.0,,1006297.0,,,django-rq,https://pypi.org/project/django-rq,2026-04-05 10:32:46.000,116.0,1006297.0,,,,2.0,,,,,,,,,,,,,,,,,
193,dj-rest-auth,iMerica/dj-rest-auth,auth,,https://github.com/iMerica/dj-rest-auth,https://github.com/iMerica/dj-rest-auth,MIT,2020-02-28 19:35:48.000,2026-06-05 17:02:00.000000,2026-04-25 02:18:55,938.0,1.0,342,17.0,280.0,247.0,235.0,1859,Authentication for Django Rest Framework.,68075.0,68049.0,213.0,33,True,['django'],2026-03-15 04:05:39.000,7.2.0,55.0,757.0,764334.0,,conda-forge/dj-rest-auth,dj-rest-auth,https://pypi.org/project/dj-rest-auth,2026-03-15 04:05:39.000,26.0,763304.0,https://anaconda.org/conda-forge/dj-rest-auth,2026-03-16 18:09:36.487,61261.0,2.0,,,,,,,,,,,,,,,,,
194,django-constance,jazzband/django-constance,django-utils,,https://github.com/jazzband/django-constance,https://github.com/jazzband/django-constance,BSD-3-Clause,2010-09-20 12:42:29.000,2026-07-01 15:23:34.000000,2026-06-15 16:16:08,760.0,3.0,325,32.0,346.0,25.0,298.0,1850,Dynamic Django settings.,2522.0,2483.0,161.0,33,True,['django'],2026-03-15 11:23:49.000,4.3.5,44.0,,1055825.0,,,django-constance,https://pypi.org/project/django-constance,2026-03-15 11:23:49.000,39.0,1055825.0,,,,2.0,,,,,,,,,,,,,,,,,
195,django-phonenumber-field,stefanfoulis/django-phonenumber-field,django-utils,,https://github.com/django-phonenumber-field/django-phonenumber-field,https://github.com/django-phonenumber-field/django-phonenumber-field,MIT,2011-08-31 17:52:05.000,2026-06-28 09:22:15.000000,2026-04-15 07:22:14,653.0,2.0,321,21.0,438.0,8.0,229.0,1549,A django model and form field for normalised phone numbers using python-phonenumbers.,32293.0,32144.0,120.0,33,True,['django'],2025-11-24 15:09:45.000,8.4.0,40.0,65.0,6213687.0,django-phonenumber-field/django-phonenumber-field,,django-phonenumber-field,https://pypi.org/project/django-phonenumber-field,2025-11-24 15:09:45.000,149.0,6213686.0,,,,2.0,,,,,,,,,,,,,,,,,
196,django-countries,SmileyChris/django-countries,django-utils,,https://github.com/SmileyChris/django-countries,https://github.com/SmileyChris/django-countries,MIT,2013-06-21 20:02:58.000,2026-06-10 00:39:36.000000,2026-06-10 00:39:17,798.0,9.0,301,20.0,172.0,2.0,304.0,1530,"A Django application that provides country choices for use with forms, flag icons static files, and a country field..",29853.0,29710.0,59.0,33,True,['django'],2026-06-10 00:39:26.000,9.0.0,77.0,,2121115.0,,,django-countries,https://pypi.org/project/django-countries,2026-06-10 00:39:26.000,143.0,2121115.0,,,,2.0,,,,,,,,,,,,,,,,,
197,SeleniumLibrary,robotframework/SeleniumLibrary,testing,,https://github.com/robotframework/SeleniumLibrary,https://github.com/robotframework/SeleniumLibrary,Apache-2.0,2011-10-22 08:01:34.000,2026-07-01 02:44:14.000000,2026-05-17 16:08:10,2700.0,94.0,785,140.0,917.0,64.0,1018.0,1471,Web testing library for Robot Framework.,162.0,,129.0,33,True,,2026-05-17 15:59:50.000,6.9.0,76.0,3777.0,2011815.0,,conda-forge/robotframework-seleniumlibrary,robotframework-seleniumlibrary,https://pypi.org/project/robotframework-seleniumlibrary,2026-05-17 15:13:51.000,162.0,2009959.0,https://anaconda.org/conda-forge/robotframework-seleniumlibrary,2026-05-17 19:15:42.253,131616.0,2.0,,,,,,,,,,,,,,,,,
198,parsel,scrapy/parsel,web-scraping,,https://github.com/scrapy/parsel,https://github.com/scrapy/parsel,BSD-3-Clause,2015-04-24 15:53:36.000,2026-06-25 18:32:27.000000,2026-01-29 07:17:14,833.0,,160,33.0,211.0,43.0,95.0,1339,Parsel lets you extract data from XML/HTML documents using XPath or CSS selectors.,40752.0,40346.0,53.0,33,True,,2026-01-29 07:19:44.000,1.11.0,26.0,,4593966.0,,conda-forge/parsel,parsel,https://pypi.org/project/parsel,2026-01-29 07:19:22.000,406.0,4589442.0,https://anaconda.org/conda-forge/parsel,2026-01-29 15:22:08.257,330262.0,2.0,,,,,,,,,,,,,,,,,
199,html5lib-python,html5lib/html5lib-python,html-processing,,https://github.com/html5lib/html5lib-python,https://github.com/html5lib/html5lib-python,MIT,2013-04-09 14:07:42.000,2026-04-21 20:44:04.000000,2024-02-21 15:31:38,1612.0,,301,45.0,332.0,92.0,178.0,1224,Standards-compliant library for parsing and serializing HTML documents and fragments in Python.,1729.0,,66.0,33,False,,2017-12-07 14:10:04.000,1.0.1,27.0,,34501930.0,,conda-forge/html5lib,html5lib,https://pypi.org/project/html5lib,2020-06-22 23:32:36.000,1729.0,34411033.0,https://anaconda.org/conda-forge/html5lib,2025-04-22 14:56:31.592,6635483.0,3.0,,,,,,,,,,,,,,,,,
200,tavern,taverntesting/tavern,testing,,https://github.com/taverntesting/tavern,https://github.com/taverntesting/tavern,MIT,2017-11-01 14:51:25.000,2026-07-02 17:48:54.000000,2026-07-02 17:48:54,1203.0,40.0,200,24.0,445.0,19.0,606.0,1142,"A command-line tool and Python library and Pytest plugin for automated testing of RESTful APIs, with a simple, concise..",916.0,901.0,69.0,33,True,,2026-06-14 14:00:59.000,3.6.1,220.0,,284049.0,,,tavern,https://pypi.org/project/tavern,2026-06-14 14:00:59.000,15.0,284049.0,,,,2.0,,,,,,,,,,,,,,,,,
201,requests-toolbelt,requests/toolbelt,http-clients,,https://github.com/requests/toolbelt,https://github.com/requests/toolbelt,Apache-2.0,2013-12-29 21:19:08.000,2025-04-22 14:56:21.422000,2025-01-09 01:04:53,614.0,,193,16.0,199.0,92.0,122.0,1039,A toolbelt of useful classes and functions to be used with python-requests.,193570.0,190935.0,72.0,33,False,,2023-05-01 04:12:06.235,1.0.0,21.0,,283646969.0,,conda-forge/requests-toolbelt,requests-toolbelt,https://pypi.org/project/requests-toolbelt,2023-05-01 04:12:06.235,2635.0,283293489.0,https://anaconda.org/conda-forge/requests-toolbelt,2025-04-22 14:56:21.422,15906625.0,3.0,,,,,,,,,,,,,,,,,
202,django-bootstrap4,zostera/django-bootstrap4,django-utils,,https://github.com/zostera/django-bootstrap4,https://github.com/zostera/django-bootstrap4,BSD-3-Clause,2017-04-25 15:55:15.000,2026-06-22 05:04:34.000000,2026-06-22 05:04:32,1330.0,8.0,259,35.0,698.0,17.0,145.0,1029,Bootstrap 4 integration with Django.,194521.0,194432.0,141.0,33,True,['django'],2021-05-20 08:44:02.000,3.0.1,37.0,,498010.0,,conda-forge/django-bootstrap4,django-bootstrap4,https://pypi.org/project/django-bootstrap4,2026-01-03 07:52:32.000,89.0,497241.0,https://anaconda.org/conda-forge/django-bootstrap4,2025-08-09 19:10:09.244,43870.0,2.0,,,,,,,,,,,,,,,,,
203,netaddr,netaddr/netaddr,others,,https://github.com/netaddr/netaddr,https://github.com/netaddr/netaddr,BSD-3-Clause,2010-05-24 23:14:56.000,2026-06-24 11:27:48.202000,2024-05-29 19:15:01,811.0,,178,37.0,219.0,43.0,149.0,826,A network address manipulation library for Python.,43215.0,42488.0,54.0,33,False,,2024-05-28 21:32:50.000,1.3.0,40.0,,11603541.0,,conda-forge/netaddr,netaddr,https://pypi.org/project/netaddr,2024-05-28 21:30:34.000,727.0,11590081.0,https://anaconda.org/conda-forge/netaddr,2026-06-24 11:27:48.202,309592.0,3.0,,,,,,,,,,,,,,,,,
204,openapi-core,p1c2u/openapi-core,openapi-utils,,https://github.com/python-openapi/openapi-core,https://github.com/python-openapi/openapi-core,BSD-3-Clause,2017-09-20 10:25:35.000,2026-06-29 23:12:46.000000,2026-05-29 15:22:49,1832.0,55.0,137,6.0,914.0,68.0,200.0,368,Openapi-core is a Python library that adds client-side and server-side support for the OpenAPI v3.0 and OpenAPI v3.1..,2631.0,2500.0,73.0,33,True,,2026-04-02 23:47:57.000,0.23.1,77.0,,4563306.0,python-openapi/openapi-core,conda-forge/openapi-core,openapi-core,https://pypi.org/project/openapi-core,2026-04-02 23:47:57.000,131.0,4562223.0,https://anaconda.org/conda-forge/openapi-core,2026-04-03 02:23:59.206,68253.0,2.0,,,,,,,,,,,,,,,,,
205,httpie,httpie/httpie,http-clients,,https://github.com/httpie/cli,https://github.com/httpie/cli,BSD-3-Clause,2012-02-25 12:39:13.000,2025-04-22 14:56:48.791000,2024-12-17 17:30:35,1797.0,,3922,113.0,760.0,184.0,724.0,38270,"HTTPie CLI modern, user-friendly command-line HTTP client for the API era. JSON support, colors, sessions, downloads,..",132.0,1.0,173.0,32,False,,2024-11-01 17:33:07.000,3.2.4,58.0,12612.0,1078131.0,httpie/cli,conda-forge/httpie,httpie,https://pypi.org/project/httpie,2024-11-01 17:31:22.000,131.0,1073604.0,https://anaconda.org/conda-forge/httpie,2025-04-22 14:56:48.791,306619.0,3.0,,,,,,,,,,,,,,,,,
206,swagger-codegen,swagger-api/swagger-codegen,openapi-utils,,https://github.com/swagger-api/swagger-codegen,https://github.com/swagger-api/swagger-codegen,Apache-2.0,2011-07-06 14:26:48.000,2026-05-19 08:07:36.000000,2026-05-13 07:18:35,11805.0,12.0,5994,405.0,5818.0,3450.0,3508.0,17765,"swagger-codegen contains a template-driven engine to generate documentation, API clients and server stubs in different..",26.0,26.0,1248.0,32,True,['openapi'],2026-05-18 13:00:01.000,3.0.81,100.0,,,,,,,,,,,,,3.0,io.swagger.codegen.v3.swagger-codegen-maven-plugin,,,,,,https://search.maven.org/artifact/io.swagger.codegen.v3.swagger-codegen-maven-plugin,,,,,,,,,,
207,Mockoon,mockoon/mockoon,testing,,https://github.com/mockoon/mockoon,https://github.com/mockoon/mockoon,MIT,2017-07-17 13:19:16.000,2026-06-26 04:41:57.000000,2026-06-26 04:41:49,1826.0,83.0,461,63.0,860.0,52.0,898.0,8320,"Mockoon is the easiest and quickest way to run mock APIs locally. No remote deployment, no account required, open..",228.0,228.0,69.0,32,True,['openapi'],2026-06-19 07:35:49.000,9.7.0,59.0,153601.0,1616.0,,,,,,,,,,,2.0,,,,,,,,,,,,,,,,,
208,hug,hugapi/hug,web-frameworks,,https://github.com/hugapi/hug,https://github.com/hugapi/hug,MIT,2015-07-17 03:33:50.000,2025-04-22 14:56:28.919000,2023-06-30 13:14:01,2415.0,,388,151.0,463.0,186.0,302.0,6896,"Embrace the APIs of the future. Hug aims to make developing APIs as simple as possible, but no simpler.",5267.0,5220.0,121.0,32,False,,2020-02-06 18:13:37.000,2.6.1,71.0,,123859.0,,conda-forge/hug,hug,https://pypi.org/project/hug,2020-02-06 18:13:37.000,47.0,120660.0,https://anaconda.org/conda-forge/hug,2025-04-22 14:56:28.919,374330.0,3.0,,,,,,,,,,,,,,,,,
209,eve,pyeve/eve,web-frameworks,,https://github.com/pyeve/eve,https://github.com/pyeve/eve,BSD-3-Clause,2012-10-22 07:39:33.000,2026-03-24 09:19:21.000000,2026-03-24 08:02:34,3446.0,,734,216.0,590.0,26.0,953.0,6745,REST API framework designed for human beings.,1225.0,1179.0,221.0,32,True,,2026-03-24 08:14:06.000,2.3.1,61.0,,22824.0,,,eve,https://pypi.org/project/eve,2026-03-24 08:14:06.000,46.0,22824.0,,,,3.0,,,,,,,,,,,,,,,,,
210,fastapi-users,fastapi-users/fastapi-users,auth,,https://github.com/fastapi-users/fastapi-users,https://github.com/fastapi-users/fastapi-users,MIT,2019-10-05 15:40:31.000,2026-06-22 12:37:13.000000,2026-06-22 12:36:40,818.0,1.0,499,53.0,626.0,4.0,292.0,6182,Ready-to-use and customizable users management for FastAPI.,5780.0,5738.0,78.0,32,True,['fastapi'],2026-03-27 09:01:35.000,15.0.5,112.0,579.0,1812684.0,,conda-forge/fastapi-users,fastapi-users,https://pypi.org/project/fastapi-users,2026-03-27 09:01:16.000,42.0,1810634.0,https://anaconda.org/conda-forge/fastapi-users,2026-03-27 11:21:32.136,116479.0,2.0,,,,,,,,,,,,,,,,,
211,aiortc,aiortc/aiortc,others,,https://github.com/aiortc/aiortc,https://github.com/aiortc/aiortc,BSD-3-Clause,2018-02-23 22:05:16.000,2025-11-29 14:07:40.000000,2025-11-29 14:07:40,1327.0,,877,95.0,343.0,37.0,842.0,5067,WebRTC and ORTC implementation for Python using asyncio.,6897.0,6735.0,41.0,32,True,,2025-10-13 21:40:36.000,1.14.0,59.0,,1877286.0,,,aiortc,https://pypi.org/project/aiortc,2025-10-13 21:40:36.000,162.0,1877286.0,,,,3.0,,,,,,,,,,,,,,,,,
212,graphene-django,graphql-python/graphene-django,graphql,,https://github.com/graphql-python/graphene-django,https://github.com/graphql-python/graphene-django,MIT,2016-09-17 23:26:25.000,2026-06-24 23:46:54.000000,2026-06-24 23:46:53,976.0,1.0,768,67.0,649.0,159.0,683.0,4390,"Build powerful, efficient, and flexible GraphQL APIs with seamless Django integration.",16513.0,16296.0,224.0,32,True,"['django', 'graphql']",2025-03-13 08:33:02.000,3.2.3,68.0,,1105960.0,,conda-forge/graphene-django,graphene-django,https://pypi.org/project/graphene-django,2025-03-13 08:33:02.000,217.0,1105072.0,https://anaconda.org/conda-forge/graphene-django,2025-04-22 14:57:21.125,64871.0,2.0,,,,,,,,,,,,,,,,,
213,flasgger,flasgger/flasgger,openapi-utils,,https://github.com/flasgger/flasgger,https://github.com/flasgger/flasgger,MIT,2015-07-27 18:21:49.000,2025-04-22 14:56:42.334000,2024-04-23 00:36:20,563.0,,526,50.0,213.0,284.0,167.0,3742,Easy OpenAPI specs and Swagger UI for your Flask API.,19878.0,19723.0,113.0,32,False,['flask'],2020-08-01 15:28:10.000,0.9.5,54.0,566.0,1004503.0,,conda-forge/flasgger,flasgger,https://pypi.org/project/flasgger,2023-06-10 21:33:42.214,155.0,1002203.0,https://anaconda.org/conda-forge/flasgger,2025-04-22 14:56:42.334,163027.0,3.0,,,,,,,,,,,,,,,,,
214,responder,taoufik07/responder,web-frameworks,,https://github.com/kennethreitz/responder,https://github.com/kennethreitz/responder,Apache-2.0,2018-10-09 11:15:00.000,2026-07-01 21:08:44.000000,2026-07-01 21:08:10,1299.0,154.0,218,85.0,384.0,1.0,241.0,3620,A familiar HTTP Service Framework for Python.,608.0,593.0,87.0,32,True,,2026-07-01 21:08:44.000,8.0.0,102.0,6.0,11158.0,kennethreitz/responder,conda-forge/responder,responder,https://pypi.org/project/responder,2026-07-01 21:08:44.000,15.0,9747.0,https://anaconda.org/conda-forge/responder,2025-04-22 14:56:57.171,129813.0,3.0,,,,,,,,,2.0,,,,,,,,
215,Wikipedia,goldsmith/Wikipedia,third-party-apis,,https://github.com/goldsmith/Wikipedia,https://github.com/goldsmith/Wikipedia,MIT,2013-08-20 06:39:09.000,2025-04-22 14:56:31.735000,2020-10-09 23:49:59,186.0,,520,77.0,99.0,198.0,83.0,2998,A Pythonic wrapper for the Wikipedia API.,78966.0,78552.0,23.0,32,False,,2014-11-15 15:59:49.000,1.4.0,20.0,,920321.0,,conda-forge/wikipedia,wikipedia,https://pypi.org/project/wikipedia,2014-11-15 15:59:49.000,414.0,904625.0,https://anaconda.org/conda-forge/wikipedia,2025-04-22 14:56:31.735,298232.0,3.0,,,,,,,,,,,,,,,,,
216,python-social-auth,omab/python-social-auth,auth,,https://github.com/omab/python-social-auth,https://github.com/omab/python-social-auth,BSD-3-Clause,2012-12-12 16:08:42.000,2022-07-01 19:07:30.000000,2017-02-04 13:10:59,1973.0,,1140,114.0,466.0,22.0,643.0,2803,Social auth made simple.,6441.0,6401.0,284.0,32,False,,2017-02-03 12:20:08.000,0.3.6,55.0,,56544.0,,,python-social-auth,https://pypi.org/project/python-social-auth,2017-02-03 12:20:08.000,40.0,56544.0,,,,2.0,,,,,,,,,,,,,,,,,
217,yagmail,kootenpv/yagmail,email,,https://github.com/kootenpv/yagmail,https://github.com/kootenpv/yagmail,MIT,2015-04-17 21:39:24.000,2026-05-26 18:40:58.569000,2026-05-26 10:42:52,320.0,25.0,268,49.0,47.0,111.0,131.0,2729,Send email in Python conveniently for gmail using yagmail.,5923.0,5754.0,34.0,32,True,,2026-05-26 10:43:11.000,0.16.0,108.0,,381222.0,,conda-forge/yagmail,yagmail,https://pypi.org/project/yagmail,2026-05-26 10:43:11.000,169.0,380301.0,https://anaconda.org/conda-forge/yagmail,2026-05-26 18:40:58.569,64480.0,1.0,,,,,,,,,,,,,,,,,
218,django-ckeditor,django-ckeditor/django-ckeditor,django-utils,,https://github.com/django-ckeditor/django-ckeditor,https://github.com/django-ckeditor/django-ckeditor,BSD-3-Clause,2010-03-08 19:20:59.000,2025-06-06 10:16:59.000000,2025-06-06 10:16:15,836.0,,687,51.0,224.0,7.0,548.0,2466,Django admin CKEditor integration.,49661.0,49513.0,132.0,32,False,['django'],2025-06-06 10:16:40.000,6.7.3,57.0,,720708.0,,,django-ckeditor,https://pypi.org/project/django-ckeditor,2025-06-06 10:16:40.000,148.0,720708.0,,,,2.0,,,,,,,,,,,,,,,,,
219,mangum,jordaneremieff/mangum,servers,,https://github.com/Kludex/mangum,https://github.com/Kludex/mangum,MIT,2019-01-14 11:49:29.000,2026-05-31 15:04:46.000000,2026-05-31 15:04:45,489.0,5.0,133,17.0,173.0,29.0,153.0,2126,AWS Lambda support for ASGI applications.,8749.0,8626.0,35.0,32,True,['fastapi'],2026-02-01 17:17:41.000,0.21.0,74.0,,7868728.0,Kludex/mangum,,mangum,https://pypi.org/project/mangum,2026-02-01 17:17:41.000,123.0,7868728.0,,,,3.0,,,,,,,,,,,,,,,,,
220,django-admin-interface,fabiocaccamo/django-admin-interface,admin-ui,,https://github.com/fabiocaccamo/django-admin-interface,https://github.com/fabiocaccamo/django-admin-interface,MIT,2015-10-26 14:46:36.000,2026-07-01 13:53:11.000000,2026-05-11 10:06:09,1001.0,11.0,200,29.0,247.0,13.0,211.0,2040,"djangos default admin interface with superpowers - customizable themes, popup windows replaced by modals and many..",5308.0,5299.0,46.0,32,True,['django'],2025-12-19 01:34:35.000,0.32.0,128.0,,245638.0,,,django-admin-interface,https://pypi.org/project/django-admin-interface,2025-12-19 01:34:35.000,9.0,245638.0,,,,2.0,,,,,,,,,,,,,,,,,
221,openapi-python-client,openapi-generators/openapi-python-client,openapi-utils,,https://github.com/openapi-generators/openapi-python-client,https://github.com/openapi-generators/openapi-python-client,MIT,2020-02-15 19:33:46.000,2026-06-29 16:37:40.000000,2026-06-29 16:33:14,988.0,18.0,277,16.0,884.0,109.0,342.0,1966,Generate modern Python clients from OpenAPI.,1700.0,1548.0,119.0,32,True,['openapi'],2026-05-30 20:32:09.000,0.29.0,106.0,,2849774.0,,conda-forge/openapi-python-client,openapi-python-client,https://pypi.org/project/openapi-python-client,2026-05-30 20:32:09.000,152.0,2848115.0,https://anaconda.org/conda-forge/openapi-python-client,2026-05-11 22:10:48.000,97914.0,3.0,,,,,,,,,,,,,,,,,
222,sorl-thumbnail,jazzband/sorl-thumbnail,django-utils,,https://github.com/jazzband/sorl-thumbnail,https://github.com/jazzband/sorl-thumbnail,BSD-3-Clause,2010-11-12 00:46:35.000,2026-06-29 17:33:00.000000,2026-06-19 05:59:17,1082.0,1.0,494,34.0,374.0,11.0,422.0,1795,Thumbnails for Django.,15962.0,15852.0,166.0,32,True,['django'],2026-01-22 15:20:37.000,13.0.0,35.0,,487237.0,,conda-forge/sorl-thumbnail,sorl-thumbnail,https://pypi.org/project/sorl-thumbnail,2026-01-22 15:20:37.000,110.0,487041.0,https://anaconda.org/conda-forge/sorl-thumbnail,2025-04-22 14:57:33.341,13967.0,2.0,,,,,,,,,,,,,,,,,
223,django-pipeline,jazzband/django-pipeline,django-utils,,https://github.com/jazzband/django-pipeline,https://github.com/jazzband/django-pipeline,MIT,2011-06-03 19:01:34.000,2026-05-24 23:51:58.000000,2025-09-13 11:23:20,1247.0,,369,21.0,396.0,156.0,332.0,1543,Pipeline is an asset packaging library for Django.,2716.0,2681.0,178.0,32,True,['django'],2025-12-15 21:18:26.000,4.1.0,135.0,,203422.0,,,django-pipeline,https://pypi.org/project/django-pipeline,2025-09-13 11:42:55.000,35.0,203422.0,,,,2.0,,,,,,,,,,,,,,,,,
224,Flask-HTTPAuth,miguelgrinberg/Flask-HTTPAuth,auth,,https://github.com/miguelgrinberg/Flask-HTTPAuth,https://github.com/miguelgrinberg/Flask-HTTPAuth,MIT,2013-05-18 05:10:52.000,2026-05-14 19:37:53.000000,2026-05-14 19:37:50,204.0,6.0,233,17.0,60.0,10.0,103.0,1291,"Simple extension that provides Basic, Digest and Token HTTP authentication for Flask routes.",21826.0,21589.0,34.0,32,True,['flask'],2026-03-28 19:46:51.000,4.8.1,37.0,,2562700.0,,conda-forge/flask-httpauth,flask-httpauth,https://pypi.org/project/flask-httpauth,2026-03-28 19:45:23.000,237.0,2556743.0,https://anaconda.org/conda-forge/flask-httpauth,2026-03-29 01:34:11.175,434902.0,2.0,,,,,,,,,,,,,,,,,
225,flask-limiter,alisaifee/flask-limiter,flask-utils,,https://github.com/alisaifee/flask-limiter,https://github.com/alisaifee/flask-limiter,MIT,2014-02-12 03:37:41.000,2026-05-10 23:07:49.000000,2026-05-10 23:07:14,1070.0,1.0,129,11.0,294.0,6.0,190.0,1204,Rate Limiting extension for Flask.,23276.0,23086.0,46.0,32,True,['flask'],2025-12-06 17:39:12.000,4.1.1,113.0,853.0,24259140.0,,,flask-limiter,https://pypi.org/project/flask-limiter,2025-12-06 17:38:59.000,190.0,24259124.0,,,,1.0,,,,,,,,,,,,,,,,,
226,flask-caching,pallets-eco/flask-caching,flask-utils,,https://github.com/pallets-eco/flask-caching,https://github.com/pallets-eco/flask-caching,,2016-07-04 19:53:57.000,2026-06-26 13:48:59.000000,2026-06-26 13:48:59,805.0,31.0,201,14.0,385.0,58.0,201.0,934,A caching extension for Flask.,31174.0,30795.0,127.0,32,False,['flask'],2026-04-17 20:27:22.000,2.4.0,29.0,,9854204.0,,conda-forge/flask-caching,flask-caching,https://pypi.org/project/flask-caching,2026-04-17 20:27:22.000,379.0,9847155.0,https://anaconda.org/conda-forge/flask-caching,2025-04-22 14:56:55.341,415916.0,1.0,,,,,,,,,,,,,,,,,
227,flask-mail,mattupstate/flask-mail,email,,https://github.com/pallets-eco/flask-mail,https://github.com/pallets-eco/flask-mail,BSD-3-Clause,2012-02-29 16:39:29.000,2026-06-10 18:14:24.000000,2026-06-10 18:14:24,288.0,9.0,178,25.0,125.0,13.0,113.0,642,Flask-Mail adds SMTP mail sending to your Flask applications.,84248.0,84019.0,42.0,32,True,,2024-05-23 22:30:25.000,0.10.0,29.0,42.0,1644004.0,pallets-eco/flask-mail,conda-forge/flask-mail,flask-mail,https://pypi.org/project/flask-mail,2024-05-23 22:30:10.000,229.0,1630119.0,https://anaconda.org/conda-forge/flask-mail,2025-04-22 14:56:27.215,249926.0,1.0,,,,,,,,,,,,,,,,,
228,djangorestframework-stubs,typeddjango/djangorestframework-stubs,django-utils,,https://github.com/typeddjango/djangorestframework-stubs,https://github.com/typeddjango/djangorestframework-stubs,MIT,2018-11-12 01:07:16.000,2026-06-30 01:09:32.000000,2026-06-29 20:14:22,861.0,60.0,138,4.0,831.0,60.0,114.0,538,PEP-484 stubs for django-rest-framework.,4481.0,4396.0,93.0,32,True,['django'],2026-05-13 18:58:34.000,3.17.0,40.0,,5401024.0,,conda-forge/djangorestframework-stubs,djangorestframework-stubs,https://pypi.org/project/djangorestframework-stubs,2026-05-13 18:58:34.000,85.0,5400387.0,https://anaconda.org/conda-forge/djangorestframework-stubs,2026-05-16 15:35:50.496,39533.0,2.0,,,,,,,,,,,,,,,,,
229,pyngrok,alexdlaird/pyngrok,others,,https://github.com/alexdlaird/pyngrok,https://github.com/alexdlaird/pyngrok,MIT,2018-12-16 22:12:33.000,2026-06-29 17:03:35.000000,2026-06-29 17:03:34,1275.0,45.0,59,4.0,60.0,1.0,98.0,464,"A Python wrapper for ngrok; programmatic tunnels for ingress, webhooks, demos, and APIs.",11889.0,11545.0,33.0,32,True,,2026-04-29 15:16:52.000,8.1.2,121.0,,2332245.0,,conda-forge/pyngrok,pyngrok,https://pypi.org/project/pyngrok,2026-04-29 15:16:52.000,344.0,2328997.0,https://anaconda.org/conda-forge/pyngrok,2026-04-29 16:49:10.470,240376.0,3.0,,,,,,,,,,,,,,,,,
230,OpenAPI Spec validator,p1c2u/openapi-spec-validator,openapi-utils,,https://github.com/python-openapi/openapi-spec-validator,https://github.com/python-openapi/openapi-spec-validator,Apache-2.0,2017-09-06 08:08:25.000,2026-06-23 17:21:37.000000,2026-05-20 09:21:54,773.0,33.0,74,8.0,382.0,40.0,93.0,407,"OpenAPI Spec Validator is a CLI, pre-commit hook and python package that validates OpenAPI Specs against the OpenAPI..",11603.0,11168.0,46.0,32,True,,2026-05-20 09:23:17.000,0.9.0,49.0,,45930372.0,python-openapi/openapi-spec-validator,conda-forge/openapi-spec-validator,openapi-spec-validator,https://pypi.org/project/openapi-spec-validator,2026-05-20 09:23:17.000,435.0,45911778.0,https://anaconda.org/conda-forge/openapi-spec-validator,2026-05-20 17:31:41.467,1338829.0,3.0,,,,,,,,,,,,,,,,,
231,saleor,saleor/saleor,others,,https://github.com/saleor/saleor,https://github.com/saleor/saleor,BSD-3-Clause,2013-02-12 16:46:39.000,2026-07-02 14:24:55.000000,2026-07-02 14:17:38,22535.0,120.0,5935,361.0,13605.0,237.0,4211.0,23048,"Saleor Core: the high performance, composable, headless commerce API.",8.0,8.0,327.0,31,True,"['django', 'graphql']",2026-07-01 17:56:25.000,3.22.55,100.0,,,,,,,,,,,,,3.0,,,,,,,,,,,,,,,,,
232,playwright,Microsoft/playwright-python,testing,,https://github.com/Microsoft/playwright-python,https://github.com/Microsoft/playwright-python,Apache-2.0,2021-05-11 20:15:10.832,2026-06-29 10:32:48.000000,,,,1184,,,,,14776,A high-level API to automate web browsers.,6783.0,,,31,True,,2026-06-29 10:32:48.000,1.61.0,130.0,,79656166.0,,microsoft/playwright,playwright,https://pypi.org/project/playwright,2026-06-29 10:32:48.000,6783.0,79653979.0,https://anaconda.org/microsoft/playwright,2026-05-18 11:41:05.889,135635.0,2.0,,,,,,,,,,,,,,,,,
233,Requests-HTML,psf/requests-html,html-processing,,https://github.com/psf/requests-html,https://github.com/psf/requests-html,MIT,2018-02-24 20:11:02.000,2024-04-16 18:50:38.000000,2023-04-03 17:09:56,462.0,,998,260.0,174.0,238.0,225.0,13856,Pythonic HTML Parsing for Humans.,446.0,,66.0,31,False,,2019-02-18 21:38:41.000,0.10.0,36.0,,565370.0,,,requests-html,https://pypi.org/project/requests-html,2019-02-17 20:14:17.000,446.0,565370.0,,,,3.0,,,,,,,,,,,,,,,,,
234,maltrail,stamparm/maltrail,others,,https://github.com/stamparm/maltrail,https://github.com/stamparm/maltrail,MIT,2014-12-04 21:33:46.000,2026-07-02 15:13:29.000000,2026-07-02 15:13:29,7637.0,3861.0,1221,236.0,18900.0,91.0,426.0,8515,Malicious traffic detection system.,23.0,23.0,24.0,31,True,,2026-06-30 22:11:07.000,2.1,6.0,,,,,,,,,,,,,3.0,,,,,,,,,,,,,,,,,
235,mezzanine,stephenmcd/mezzanine,cms,,https://github.com/stephenmcd/mezzanine,https://github.com/stephenmcd/mezzanine,BSD-2-Clause,2010-05-29 12:16:55.000,2026-04-19 10:10:29.000000,2026-04-19 10:10:29,5318.0,2.0,1645,240.0,992.0,62.0,1014.0,4824,CMS framework for Django.,2488.0,2463.0,329.0,31,True,['django'],2025-06-04 17:21:14.000,6.1.1,141.0,,14691.0,,,mezzanine,https://pypi.org/project/mezzanine,2025-06-04 17:21:14.000,25.0,14691.0,,,,2.0,,,,,,,,,,,,,,,,,
236,django-rest-framework-simplejwt,jazzband/djangorestframework-simplejwt,auth,,https://github.com/jazzband/djangorestframework-simplejwt,https://github.com/jazzband/djangorestframework-simplejwt,MIT,2017-05-05 17:41:35.000,2026-06-29 17:32:52.000000,2026-05-26 13:52:46,717.0,9.0,706,51.0,465.0,160.0,409.0,4326,A JSON Web Token authentication plugin for the Django REST Framework.,314.0,,140.0,31,True,['django'],2025-07-21 16:52:07.000,5.5.1,48.0,,7653910.0,,,djangorestframework-simplejwt,https://pypi.org/project/djangorestframework-simplejwt,2025-07-21 16:52:07.000,314.0,7653910.0,,,,2.0,,,,,,,,,,,,,,,,,
237,wave,h2oai/wave,web-ui,,https://github.com/h2oai/wave,https://github.com/h2oai/wave,Apache-2.0,2020-05-16 20:07:18.000,2026-06-11 12:57:57.000000,2026-06-11 12:57:53,2431.0,25.0,367,127.0,815.0,220.0,893.0,4243,Realtime Web Apps and Dashboards for Python and R.,115.0,,65.0,31,True,,2026-06-11 13:15:31.000,1.8.9,100.0,1991394.0,66451.0,,,wave,https://pypi.org/project/wave,2024-03-15 17:05:53.000,115.0,39172.0,,,,2.0,,,,,,,,,,,,,,,,,
238,fake-useragent,hellysmile/fake-useragent,others,,https://github.com/fake-useragent/fake-useragent,https://github.com/fake-useragent/fake-useragent,Apache-2.0,2013-03-04 07:14:29.000,2026-03-29 06:21:14.000000,2025-11-12 19:38:45,532.0,,538,58.0,355.0,4.0,157.0,4057,Up-to-date simple useragent faker with real world database.,1175.0,,23.0,31,True,,2025-04-14 15:32:17.000,2.2.0,40.0,,9843735.0,fake-useragent/fake-useragent,conda-forge/fake-useragent,fake-useragent,https://pypi.org/project/fake-useragent,2025-04-14 15:32:17.000,1175.0,9842313.0,https://anaconda.org/conda-forge/fake-useragent,2025-08-27 15:15:12.883,86788.0,3.0,,,,,,,,,,,,,,,,,
239,lektor,lektor/lektor,cms,,https://github.com/lektor/lektor,https://github.com/lektor/lektor,BSD-3-Clause,2015-12-19 09:18:36.000,2026-06-29 06:04:53.000000,2026-06-28 20:02:23,1819.0,14.0,317,73.0,598.0,247.0,448.0,3943,The lektor static file content management system.,537.0,497.0,100.0,31,True,,2026-02-11 00:26:20.000,3.3.13,53.0,7395.0,16554.0,,conda-forge/lektor,lektor,https://pypi.org/project/lektor,2026-04-05 20:37:04.000,40.0,12992.0,https://anaconda.org/conda-forge/lektor,2026-02-23 16:25:22.094,248792.0,2.0,,,,,,,,,,,,,,,,,
240,modoboa,modoboa/modoboa,email,,https://github.com/modoboa/modoboa,https://github.com/modoboa/modoboa,ISC,2013-04-16 09:43:55.000,2026-07-02 08:46:08.000000,2026-07-02 08:46:05,6254.0,116.0,465,80.0,1580.0,53.0,1910.0,3514,Mail hosting made simple.,77.0,62.0,129.0,31,True,,2026-05-29 15:34:26.000,2.9.0,113.0,,2986.0,,,modoboa,https://pypi.org/project/modoboa,2026-05-29 15:34:26.000,15.0,2986.0,,,,2.0,,,,,,,,,,,,,,,,,
241,facebook-sdk,mobolic/facebook-sdk,third-party-apis,,https://github.com/mobolic/facebook-sdk,https://github.com/mobolic/facebook-sdk,Apache-2.0,2011-05-11 13:38:27.000,2024-08-02 05:15:24.000000,2020-12-27 07:29:21,544.0,,939,193.0,273.0,38.0,220.0,2787,Python SDK for Facebooks Graph API.,5695.0,5657.0,99.0,31,False,,2018-11-06 06:53:51.000,3.1.0,9.0,,430000.0,,,facebook-sdk,https://pypi.org/project/facebook-sdk,2018-11-06 06:53:51.000,38.0,430000.0,,,,3.0,,,,,,,,,,,,,,,,,
242,djoser,sunscrapers/djoser,auth,,https://github.com/sunscrapers/djoser,https://github.com/sunscrapers/djoser,MIT,2014-09-30 14:50:08.000,2026-02-03 21:02:27.000000,2025-07-13 20:18:15,1002.0,,468,38.0,416.0,202.0,335.0,2676,REST implementation of Django authentication system.,35836.0,35822.0,114.0,31,True,['django'],2025-07-13 14:36:02.000,2.3.3,57.0,,372518.0,,,djoser,https://pypi.org/project/djoser,2025-07-13 14:36:02.000,14.0,372518.0,,,,2.0,,,,,,,,,,,,,,,,,
243,pyquery,gawel/pyquery,html-processing,,https://github.com/gawel/pyquery,https://github.com/gawel/pyquery,BSD-3-Clause,2012-11-28 20:27:39.000,2026-02-18 21:11:35.000000,2026-02-18 21:11:29,501.0,,184,58.0,67.0,55.0,137.0,2380,A jquery-like library for python.,28211.0,27693.0,53.0,31,True,,2024-08-30 08:12:22.000,2.0.1,37.0,,1895973.0,,conda-forge/pyquery,pyquery,https://pypi.org/project/pyquery,2024-08-30 08:12:22.000,518.0,1894345.0,https://anaconda.org/conda-forge/pyquery,2025-04-22 14:56:42.143,110731.0,3.0,,,,,,,,,,,,,,,,,
244,shortuuid,skorokithakis/shortuuid,url-utils,,https://github.com/skorokithakis/shortuuid,https://github.com/skorokithakis/shortuuid,BSD-3-Clause,2011-01-08 13:00:43.000,2026-06-20 09:36:29.000000,2026-06-20 09:36:29,183.0,2.0,116,28.0,49.0,2.0,67.0,2188,"A generator library for concise, unambiguous and URL-safe UUIDs.",36449.0,35859.0,39.0,31,True,,2024-03-11 20:11:04.000,1.0.13,26.0,,13748658.0,,conda-forge/shortuuid,shortuuid,https://pypi.org/project/shortuuid,2024-03-11 20:11:04.000,590.0,13738024.0,https://anaconda.org/conda-forge/shortuuid,2025-04-22 14:56:55.305,733797.0,2.0,,,,,,,,,,,,,,,,,
245,notion-sdk-py,ramnes/notion-sdk-py,third-party-apis,,https://github.com/ramnes/notion-sdk-py,https://github.com/ramnes/notion-sdk-py,MIT,2021-05-13 20:17:52.000,2026-07-02 13:06:30.000000,2026-07-02 13:05:44,311.0,26.0,171,19.0,106.0,12.0,142.0,2176,"Notion API client SDK, rewritten in Python! (sync + async).",290.0,,42.0,31,True,,2026-05-12 08:58:08.000,3.1.0,23.0,,3514354.0,,conda-forge/notion-client,notion-client,https://pypi.org/project/notion-client,2026-05-12 08:54:43.000,290.0,3514043.0,https://anaconda.org/conda-forge/notion-client,2025-04-22 14:58:05.769,17455.0,3.0,,,,,,,,,,,,,,,,,
246,html2text,Alir3z4/html2text,markdown,,https://github.com/Alir3z4/html2text,https://github.com/Alir3z4/html2text,GPL-3.0,2014-02-19 22:41:11.000,2025-10-28 11:03:41.000000,2025-10-28 11:03:40,790.0,,287,23.0,213.0,94.0,146.0,2165,Convert HTML to Markdown-formatted text.,43085.0,41877.0,82.0,31,True,,2025-04-15 04:02:28.000,2025.4.15,41.0,,17801280.0,,,html2text,https://pypi.org/project/html2text,2025-04-15 04:02:28.000,1208.0,17801280.0,,,,3.0,,,,,,,,,,,,,,,,,
247,django-widget-tweaks,jazzband/django-widget-tweaks,django-utils,,https://github.com/jazzband/django-widget-tweaks,https://github.com/jazzband/django-widget-tweaks,MIT,2012-03-05 20:11:03.000,2026-06-29 17:32:52.000000,2026-03-20 10:43:56,233.0,,137,44.0,67.0,48.0,57.0,2164,"Tweak the form field rendering in templates, not in python-level form definitions. CSS classes and HTML attributes can..",50400.0,50246.0,38.0,31,True,['django'],2026-01-02 12:46:02.000,1.5.1,23.0,,1358493.0,,,django-widget-tweaks,https://pypi.org/project/django-widget-tweaks,2026-01-02 12:46:02.000,154.0,1358493.0,,,,3.0,,,,,,,,,,,,,,,,,
248,slowapi,laurents/slowapi,fastapi-utils,,https://github.com/laurentS/slowapi,https://github.com/laurentS/slowapi,MIT,2020-02-21 12:56:20.000,2026-06-25 13:01:43.000000,2026-06-13 12:01:00,267.0,3.0,123,15.0,145.0,96.0,65.0,2023,A rate limiter for Starlette and FastAPI.,11899.0,11282.0,28.0,31,True,['fastapi'],2026-06-13 12:06:33.000,0.1.10,11.0,,18812685.0,,,slowapi,https://pypi.org/project/slowapi,2026-06-13 11:59:30.000,617.0,18812685.0,,,,1.0,,,,,,,,,,,,,,,,,
249,python-jose,mpdavis/python-jose,auth,,https://github.com/mpdavis/python-jose,https://github.com/mpdavis/python-jose,MIT,2015-04-20 19:19:35.000,2026-04-14 00:39:48.000000,2025-05-28 17:25:04,685.0,,260,26.0,231.0,107.0,87.0,1753,A JOSE implementation in Python.,1078.0,,62.0,31,False,,2025-05-28 17:33:26.000,3.5.0,40.0,,44623710.0,,conda-forge/python-jose,python-jose,https://pypi.org/project/python-jose,2025-05-28 17:31:52.000,1078.0,44581022.0,https://anaconda.org/conda-forge/python-jose,2025-05-29 14:57:29.346,2646715.0,2.0,,,,,,,,,,,,,,,,,
250,selectolax,rushter/selectolax,html-processing,,https://github.com/rushter/selectolax,https://github.com/rushter/selectolax,MIT,2017-11-26 19:37:37.000,2026-05-26 15:41:23.000000,2026-05-26 15:17:27,638.0,30.0,92,14.0,48.0,10.0,145.0,1646,Python binding to Modest and Lexbor engines. Fast HTML5 parser with CSS selectors for Python.,3498.0,3139.0,26.0,31,True,,2026-05-26 15:41:23.000,0.4.10,71.0,,6297927.0,,,selectolax,https://pypi.org/project/selectolax,2026-05-26 15:41:23.000,359.0,6297927.0,,,,3.0,,,,,,,,,,,,,,,,,
251,flask-security,mattupstate/flask-security,flask-utils,,https://github.com/pallets-eco/flask-security-3.0,https://github.com/pallets-eco/flask-security-3.0,MIT,2012-03-07 19:44:05.000,2026-05-25 13:16:36.207000,2024-07-30 19:33:08,933.0,,461,4.0,351.0,133.0,397.0,1628,Quick and simple security for Flask applications.,8709.0,8636.0,129.0,31,False,['flask'],2026-05-21 18:56:42.000,5.8.1,35.0,,160892.0,pallets-eco/flask-security-3.0,conda-forge/flask-security,flask-security,https://pypi.org/project/flask-security,2026-05-21 18:56:42.000,73.0,151921.0,https://anaconda.org/conda-forge/flask-security,2026-05-25 13:16:36.207,179439.0,2.0,,,,,,,,,,,,,,,,,
252,easy-thumbnails,SmileyChris/easy-thumbnails,django-utils,,https://github.com/SmileyChris/easy-thumbnails,https://github.com/SmileyChris/easy-thumbnails,BSD-3-Clause,2009-10-08 03:44:26.000,2026-05-06 21:53:06.000000,2026-05-06 21:53:06,863.0,1.0,326,26.0,242.0,103.0,325.0,1411,Easy thumbnails for Django.,11982.0,11838.0,101.0,31,True,['django'],2025-08-17 20:49:09.000,2.10.1,54.0,,474918.0,,,easy-thumbnails,https://pypi.org/project/easy-thumbnails,2025-08-17 20:49:09.000,144.0,474918.0,,,,3.0,,,,,,,,,,,,,,,,,
253,imdbpy,alberanid/imdbpy,third-party-apis,,https://github.com/cinemagoer/cinemagoer,https://github.com/cinemagoer/cinemagoer,GPL-2.0,2010-08-01 17:34:24.000,2026-06-27 15:56:24.000000,2026-06-27 15:56:20,2138.0,33.0,376,51.0,160.0,6.0,350.0,1319,Cinemagoer is a Python package useful to retrieve and manage the data of the IMDb (to which we are not affiliated in..,7828.0,7793.0,86.0,31,True,,2026-06-27 14:05:25.000,2026.06.27,45.0,620.0,18297.0,cinemagoer/cinemagoer,,imdbpy,https://pypi.org/project/imdbpy,2022-07-09 12:09:01.903,35.0,18288.0,,,,3.0,,,,,,,,,2.0,,,,,,,,
254,django-rest-knox,James1345/django-rest-knox,auth,,https://github.com/jazzband/django-rest-knox,https://github.com/jazzband/django-rest-knox,MIT,2015-09-09 14:52:23.000,2026-06-29 17:32:41.000000,2026-03-10 16:52:12,495.0,,224,18.0,221.0,26.0,142.0,1257,Authentication Module for django rest auth.,11828.0,11782.0,64.0,31,True,['django'],2026-03-10 17:00:20.000,5.0.4,29.0,,747492.0,jazzband/django-rest-knox,,django-rest-knox,https://pypi.org/project/django-rest-knox,2026-03-10 17:00:20.000,46.0,747492.0,,,,2.0,,,,,,,,,,,,,,,,,
255,django-waffle,django-waffle/django-waffle,django-utils,,https://github.com/django-waffle/django-waffle,https://github.com/django-waffle/django-waffle,BSD-3-Clause,2011-01-23 17:42:09.000,2026-06-07 04:47:15.000000,2026-06-07 04:47:15,480.0,1.0,261,24.0,362.0,47.0,185.0,1236,A feature flipper for Django.,1875.0,1834.0,164.0,31,True,['django'],2025-06-12 07:38:53.000,5.0.0,50.0,,1516610.0,,conda-forge/django-waffle,django-waffle,https://pypi.org/project/django-waffle,2025-06-12 07:38:53.000,41.0,1516145.0,https://anaconda.org/conda-forge/django-waffle,2025-04-22 14:57:36.310,32557.0,3.0,,,,,,,,,,,,,,,,,
256,jsonfield,rpkilby/jsonfield,django-utils,,https://github.com/rpkilby/jsonfield,https://github.com/rpkilby/jsonfield,MIT,2009-05-03 03:42:01.000,2025-07-04 23:06:23.000000,2025-07-04 22:55:12,377.0,,268,33.0,109.0,,159.0,1161,A reusable Django model field for storing ad-hoc JSON data.,14483.0,14207.0,53.0,31,True,['django'],2025-07-04 23:06:23.000,3.2.0,35.0,187.0,1068210.0,,,jsonfield,https://pypi.org/project/jsonfield,2025-07-04 23:06:23.000,276.0,1068209.0,,,,3.0,,,,,,,,,,,,,,,,,
257,flask-marshmallow,marshmallow-code/flask-marshmallow,flask-utils,,https://github.com/marshmallow-code/flask-marshmallow,https://github.com/marshmallow-code/flask-marshmallow,MIT,2014-04-25 23:35:09.000,2026-07-01 17:08:53.000000,2026-07-01 17:08:51,524.0,33.0,63,13.0,288.0,25.0,95.0,891,Flask + marshmallow for beautiful APIs.,34459.0,34281.0,27.0,31,True,['flask'],2026-04-16 02:58:29.000,1.5.0,26.0,,1471310.0,,conda-forge/flask-marshmallow,flask-marshmallow,https://pypi.org/project/flask-marshmallow,2026-04-16 02:58:29.000,178.0,1468537.0,https://anaconda.org/conda-forge/flask-marshmallow,2026-04-16 07:00:08.164,202491.0,2.0,,,,,,,,,,,,,,,,,
258,django-formtools,jazzband/django-formtools,forms,,https://github.com/jazzband/django-formtools,https://github.com/jazzband/django-formtools,BSD-3-Clause,2014-10-05 15:18:45.000,2026-06-29 17:32:28.000000,2026-05-16 13:34:31,380.0,14.0,146,18.0,147.0,89.0,83.0,884,A set of high-level abstractions for Django forms.,11998.0,11895.0,79.0,31,True,['django'],2026-05-16 13:30:06.000,2.6.1,9.0,,3344980.0,,,django-formtools,https://pypi.org/project/django-formtools,2026-05-16 13:30:06.000,103.0,3344980.0,,,,3.0,,,,,,,,,,,,,,,,,
259,oauth2client,googleapis/oauth2client,auth,,https://github.com/googleapis/oauth2client,https://github.com/googleapis/oauth2client,Apache-2.0,2013-11-07 18:03:04.000,2025-04-22 14:56:25.308000,2018-09-07 21:33:19,1482.0,,429,8.0,449.0,2.0,303.0,797,This is a Python library for accessing resources protected by OAuth 2.0.,1056.0,,91.0,31,False,,2018-09-07 21:38:16.000,4.1.3,44.0,,35237641.0,,conda-forge/oauth2client,oauth2client,https://pypi.org/project/oauth2client,2018-09-07 21:38:16.000,1056.0,35160795.0,https://anaconda.org/conda-forge/oauth2client,2025-04-22 14:56:25.308,1613780.0,2.0,,,,,,,,,,,,,,,,,
260,selene,yashaka/selene,testing,,https://github.com/yashaka/selene,https://github.com/yashaka/selene,MIT,2015-04-17 08:52:14.000,2026-05-31 06:13:55.000000,2026-05-30 09:48:57,1284.0,26.0,178,49.0,325.0,134.0,244.0,734,User-oriented Web UI browser tests in Python.,5963.0,5960.0,45.0,31,True,,2026-05-20 19:55:05.000,2.0.0rc10,91.0,,20970.0,,,selene,https://pypi.org/project/selene,2026-05-20 19:55:46.000,3.0,20970.0,,,,2.0,,,,,,,,,,,,,,,,,
261,terminado,jupyter/terminado,others,,https://github.com/jupyter/terminado,https://github.com/jupyter/terminado,BSD-2-Clause,2014-09-29 23:44:25.000,2025-12-23 18:17:31.212000,2025-08-02 08:30:10,467.0,,95,18.0,177.0,32.0,41.0,375,Terminals served by tornado websockets.,341548.0,341177.0,50.0,31,True,,2024-03-12 14:34:42.000,0.18.1,36.0,690.0,43079669.0,,conda-forge/terminado,terminado,https://pypi.org/project/terminado,2024-03-12 14:34:36.000,371.0,42743347.0,https://anaconda.org/conda-forge/terminado,2025-12-23 18:17:31.212,23542170.0,3.0,,,,,,,,,,,,,,,,,
262,You-Get,soimort/you-get,web-scraping,,https://github.com/soimort/you-get,https://github.com/soimort/you-get,MIT,2012-08-20 15:53:36.000,2026-04-30 05:24:16.000000,2025-04-27 15:32:00,2600.0,,9628,1350.0,1090.0,377.0,,56845,Dumb downloader that scrapes the web.,42.0,24.0,264.0,30,False,,2025-01-04 01:58:50.000,0.4.1743,174.0,402791.0,41536.0,,conda-forge/you-get,you-get,https://pypi.org/project/you-get,2025-01-04 01:51:10.000,18.0,37961.0,https://anaconda.org/conda-forge/you-get,2025-04-22 14:57:26.663,53258.0,2.0,,,,,,,,you-get,,,,,,,,,
263,robyn,sansyrox/robyn,web-frameworks,,https://github.com/sparckles/Robyn,https://github.com/sparckles/Robyn,BSD-2-Clause,2021-06-18 09:32:00.000,2026-06-29 18:09:52.000000,2026-06-25 01:00:17,833.0,40.0,333,49.0,802.0,49.0,545.0,7276,Robyn is a Super Fast Async Python Web Framework with a Rust runtime.,275.0,255.0,90.0,30,True,,2026-06-25 03:08:33.000,0.88.0,165.0,,41126.0,sparckles/Robyn,conda-forge/robyn,robyn,https://pypi.org/project/robyn,2026-06-25 03:08:33.000,20.0,21399.0,https://anaconda.org/conda-forge/robyn,2025-10-18 16:41:50.525,1144181.0,3.0,,,,,,,,,,,,,,,,,
264,cloudscraper,venomous/cloudscraper,web-scraping,,https://github.com/VeNoMouS/cloudscraper,https://github.com/VeNoMouS/cloudscraper,MIT,2019-04-16 02:18:50.000,2025-06-10 03:14:58.000000,2025-06-10 02:44:25,316.0,,604,125.0,66.0,32.0,15.0,6618,A Python module to bypass Cloudflares anti-bot page.,32306.0,32024.0,14.0,30,False,,2025-06-10 03:14:58.000,3.0.0,95.0,,4352663.0,,,cloudscraper,https://pypi.org/project/cloudscraper,2023-04-25 23:20:54.756,282.0,4352663.0,,,,2.0,,,,,,,,,,,,,,,,,
265,webpy,webpy/webpy,web-frameworks,,https://github.com/webpy/webpy,https://github.com/webpy/webpy,Unlicense,2008-09-29 03:42:56.000,2026-06-19 12:51:42.000000,2026-06-19 12:51:36,1089.0,3.0,1295,325.0,364.0,52.0,421.0,5921,web.py is a web framework for python that is as simple as it is powerful.,77.0,24.0,98.0,30,True,,2026-06-08 12:54:26.000,0.76,22.0,,73492.0,,conda-forge/web.py,web.py,https://pypi.org/project/web.py,2020-11-09 11:24:34.000,53.0,71607.0,https://anaconda.org/conda-forge/web.py,2025-04-22 14:56:39.114,135734.0,3.0,,,,,,,,,,,,,,,,,
266,google-maps-services-python,googlemaps/google-maps-services-python,third-party-apis,,https://github.com/googlemaps/google-maps-services-python,https://github.com/googlemaps/google-maps-services-python,Apache-2.0,2014-08-15 04:35:30.000,2025-03-09 02:22:08.000000,2024-07-16 17:47:22,525.0,,1334,185.0,250.0,69.0,234.0,4958,Python client library for Google Maps API Web Services.,113.0,,67.0,30,False,,2023-01-26 16:46:28.581,4.10.0,51.0,,2731821.0,,,googlemaps,https://pypi.org/project/googlemaps,2023-01-26 16:46:28.581,113.0,2731821.0,,,,3.0,,,,,,,,,,,,,,,,,
267,AutoRest,Azure/autorest,openapi-utils,,https://github.com/Azure/autorest,https://github.com/Azure/autorest,MIT,2015-02-20 23:02:54.000,2026-06-28 22:21:24.000000,2026-06-11 17:18:16,5779.0,8.0,737,960.0,2634.0,45.0,2197.0,4801,"OpenAPI (f.k.a Swagger) Specification code generator. Supports C#, PowerShell, Go, Java, Node.js, TypeScript, Python.",992.0,992.0,180.0,30,True,['openapi'],,,100.0,77519.0,1076.0,,,,,,,,,,,3.0,,,,,,,,,,,,,,,,,
268,py-googletrans,ssut/py-googletrans,third-party-apis,,https://github.com/ssut/py-googletrans,https://github.com/ssut/py-googletrans,MIT,2015-06-05 08:35:11.000,2026-05-19 18:35:19.000000,2025-04-25 00:44:29,131.0,,744,69.0,120.0,8.0,326.0,4261,(unofficial) Googletrans: Free and Unlimited Google translate API for Python. Translates totally free of charge.,405.0,,31.0,30,False,,2025-01-01 14:12:00.000,4.0.2,15.0,,5175022.0,,,googletrans,https://pypi.org/project/googletrans,2025-01-01 14:12:00.000,405.0,5175022.0,,,,3.0,,,,,,,,,,,,,,,,,
269,factory_boy,FactoryBoy/factory_boy,testing,,https://github.com/FactoryBoy/factory_boy,https://github.com/FactoryBoy/factory_boy,MIT,2011-05-11 08:26:59.000,2026-01-01 19:04:12.000000,2025-12-14 14:33:55,1040.0,,409,36.0,546.0,190.0,446.0,3799,A test fixtures replacement for Python.,647.0,,134.0,30,True,['django'],2025-02-03 09:49:01.000,3.3.3,46.0,,23683759.0,,conda-forge/factory_boy,factory_boy,https://pypi.org/project/factory_boy,2025-02-03 09:49:01.000,647.0,23678476.0,https://anaconda.org/conda-forge/factory_boy,2025-04-25 02:28:32.370,369814.0,2.0,,,,,,,,,,,,,,,,,
270,viewflow,viewflow/viewflow,django-utils,,https://github.com/viewflow/viewflow,https://github.com/viewflow/viewflow,AGPL-3.0,2013-09-10 10:16:35.000,2026-06-30 15:35:08.000000,2026-06-30 15:34:41,247.0,28.0,415,100.0,125.0,21.0,352.0,2868,Reusable workflow library for Django.,379.0,376.0,27.0,30,True,['django'],2026-06-30 13:24:00.000,2.3.1,68.0,10.0,217627.0,,,django-viewflow,https://pypi.org/project/django-viewflow,2026-06-30 13:23:41.000,3.0,217627.0,,,,3.0,,,,,,,,,3.0,,,,,,,,
271,flask-restplus,noirbizarre/flask-restplus,web-frameworks,,https://github.com/noirbizarre/flask-restplus,https://github.com/noirbizarre/flask-restplus,BSD-3-Clause,2014-08-14 13:26:03.000,2025-04-22 14:56:29.180000,2020-01-13 15:25:46,731.0,,507,104.0,250.0,372.0,254.0,2736,"Fully featured framework for fast, easy and documented API development with Flask.",14863.0,14682.0,88.0,30,False,['flask'],2019-08-12 21:51:40.000,0.13.0,35.0,,132630.0,,conda-forge/flask-restplus,flask-restplus,https://pypi.org/project/flask-restplus,2019-08-12 21:51:40.000,181.0,129046.0,https://anaconda.org/conda-forge/flask-restplus,2025-04-22 14:56:29.180,419346.0,3.0,,,,,,,,,,,,,,,,,
272,Js2Py,PiotrDabkowski/Js2Py,others,,https://github.com/PiotrDabkowski/Js2Py,https://github.com/PiotrDabkowski/Js2Py,MIT,2014-10-02 21:08:48.000,2025-04-22 14:57:26.868000,2022-11-06 10:12:00,297.0,,274,57.0,81.0,159.0,123.0,2575,JavaScript to Python Translator & JavaScript interpreter written in 100% pure Python Try it online:.,17252.0,17036.0,29.0,30,False,,,,48.0,,804939.0,,conda-forge/js2py,js2py,https://pypi.org/project/js2py,2022-11-06 10:45:09.851,216.0,803443.0,https://anaconda.org/conda-forge/js2py,2025-04-22 14:57:26.868,110745.0,3.0,,,,,,,,,,,,,,,,,
273,django-cacheops,Suor/django-cacheops,django-utils,,https://github.com/Suor/django-cacheops,https://github.com/Suor/django-cacheops,BSD-3-Clause,2011-06-04 12:25:47.000,2026-04-15 14:49:26.000000,2026-04-15 14:49:26,1264.0,1.0,231,37.0,155.0,19.0,338.0,2270,A slick ORM cache with automatic granular event-driven invalidation.,1606.0,1593.0,74.0,30,True,['django'],2023-10-24 10:23:43.000,7.0.2,65.0,,628477.0,,,django-cacheops,https://pypi.org/project/django-cacheops,2025-04-20 04:36:16.000,13.0,628477.0,,,,3.0,,,,,,,,,,,,,,,,,
274,HTTPretty,gabrielfalcao/HTTPretty,testing,,https://github.com/gabrielfalcao/HTTPretty,https://github.com/gabrielfalcao/HTTPretty,MIT,2011-01-28 14:59:02.000,2025-04-22 14:56:20.896000,2022-10-16 23:12:02,684.0,,276,40.0,237.0,125.0,143.0,2163,Intercept HTTP requests at the Python socket level. Fakes the whole socket module.,16880.0,16606.0,107.0,30,False,,2021-08-16 19:35:31.000,1.1.4,59.0,,1754595.0,,conda-forge/httpretty,httpretty,https://pypi.org/project/httpretty,2021-08-16 19:35:31.000,274.0,1744849.0,https://anaconda.org/conda-forge/httpretty,2025-04-22 14:56:20.896,662784.0,2.0,,,,,,,,,,,,,,,,,
275,simple-salesforce,simple-salesforce/simple-salesforce,third-party-apis,,https://github.com/simple-salesforce/simple-salesforce,https://github.com/simple-salesforce/simple-salesforce,,2013-01-17 20:08:57.000,2025-10-03 22:07:18.000000,2025-08-23 14:29:47,493.0,,722,92.0,343.0,230.0,283.0,1882,A very simple Salesforce.com REST API client for Python.,3531.0,3321.0,90.0,30,False,,2025-08-23 14:31:20.000,1.12.9,51.0,,29925909.0,,conda-forge/simple-salesforce,simple-salesforce,https://pypi.org/project/simple-salesforce,2025-08-23 14:30:41.000,210.0,29924207.0,https://anaconda.org/conda-forge/simple-salesforce,2025-04-22 14:56:36.850,187275.0,3.0,,,,,,,,,,,,,,,,,
276,twython,ryanmcgrath/twython,third-party-apis,,https://github.com/ryanmcgrath/twython,https://github.com/ryanmcgrath/twython,MIT,2009-04-02 05:01:31.000,2025-04-22 14:56:37.419000,2021-07-16 22:33:17,853.0,,397,99.0,223.0,27.0,306.0,1860,"Actively maintained, pure Python wrapper for the Twitter API. Supports both normal and streaming Twitter APIs.",7924.0,7864.0,103.0,30,False,,2021-07-16 22:38:58.000,3.9.1,61.0,,190795.0,,conda-forge/twython,twython,https://pypi.org/project/twython,2021-07-16 22:35:20.000,60.0,183207.0,https://anaconda.org/conda-forge/twython,2025-04-22 14:56:37.419,470471.0,3.0,,,,,,,,,,,,,,,,,
277,rpyc,tomerfiliba-org/rpyc,rpc,,https://github.com/tomerfiliba-org/rpyc,https://github.com/tomerfiliba-org/rpyc,MIT,2009-03-08 11:23:29.000,2025-10-21 22:22:09.860000,2025-08-14 03:45:36,1030.0,,250,56.0,144.0,95.0,347.0,1704,RPyC (Remote Python Call) - A transparent and symmetric RPC library for python.,3652.0,3423.0,86.0,30,True,,2025-04-18 16:33:20.000,6.0.2,31.0,1273.0,1665836.0,,conda-forge/rpyc,rpyc,https://pypi.org/project/rpyc,2025-04-18 16:33:20.000,229.0,1654276.0,https://anaconda.org/conda-forge/rpyc,2025-10-21 22:22:09.860,808221.0,2.0,,,,,,,,,,,,,,,,,
278,Yarl,aio-libs/yarl,url-utils,,https://github.com/aio-libs/yarl,https://github.com/aio-libs/yarl,Apache-2.0,2016-08-02 12:56:42.000,2026-05-20 03:14:52.627000,,,,190,,,54.0,,1482,Yet another URL library.,3386.0,,133.0,30,True,,2026-05-19 21:27:47.000,1.24.2,137.0,,585105606.0,,conda-forge/yarl,yarl,https://pypi.org/project/yarl,2026-05-19 21:27:47.000,3386.0,584723543.0,https://anaconda.org/conda-forge/yarl,2026-05-20 03:14:52.627,26362411.0,2.0,,,,,,,,,,,,,,,,,
279,fastapi-code-generator,koxudaxi/fastapi-code-generator,fastapi-utils,,https://github.com/koxudaxi/fastapi-code-generator,https://github.com/koxudaxi/fastapi-code-generator,MIT,2020-06-14 10:49:14.000,2026-07-01 09:39:52.000000,2026-07-01 08:56:14,776.0,204.0,152,20.0,503.0,47.0,68.0,1397,This code generator creates FastAPI app from an openapi file.,263.0,253.0,36.0,30,True,"['fastapi', 'openapi']",2026-07-01 09:39:52.000,0.8.1,51.0,,38850.0,,,fastapi-code-generator,https://pypi.org/project/fastapi-code-generator,2026-07-01 09:39:52.000,10.0,38850.0,,,,2.0,,,,,,,,,,,,,,,,,
280,dpkt,kbandla/dpkt,others,,https://github.com/kbandla/dpkt,https://github.com/kbandla/dpkt,BSD-3-Clause,2012-06-06 18:39:31.000,2025-04-22 14:57:01.034000,2024-05-05 16:48:10,814.0,,270,48.0,292.0,83.0,312.0,1156,"fast, simple packet creation / parsing, with definitions for the basic TCP/IP protocols.",2500.0,2394.0,67.0,30,False,,2022-08-18 05:57:11.000,1.9.8,22.0,,1486504.0,,conda-forge/dpkt,dpkt,https://pypi.org/project/dpkt,2022-08-18 05:55:29.977,106.0,1483642.0,https://anaconda.org/conda-forge/dpkt,2025-04-22 14:57:01.034,206131.0,3.0,,,,,,,,,,,,,,,,,
281,fastapi-mail,sabuhish/fastapi-mail,email,,https://github.com/sabuhish/fastapi-mail,https://github.com/sabuhish/fastapi-mail,MIT,2020-01-25 11:52:29.000,2026-06-18 07:14:30.000000,2026-06-18 07:07:00,354.0,13.0,110,13.0,172.0,14.0,127.0,995,"Fastapi mail system sending mails(individual, bulk) attachments(individual, bulk).",5771.0,5735.0,56.0,30,True,['fastapi'],2026-06-18 07:14:30.000,1.6.5,106.0,,1598775.0,,,fastapi-mail,https://pypi.org/project/fastapi-mail,2026-06-18 07:14:30.000,36.0,1598775.0,,,,2.0,,,,,,,,,,,,,,,,,
282,django-markdownx,neutronX/django-markdownx,markdown,,https://github.com/neutronX/django-markdownx,https://github.com/neutronX/django-markdownx,BSD-3-Clause,2014-11-01 14:15:37.000,2026-06-19 09:02:23.000000,2026-05-23 14:14:46,529.0,10.0,158,21.0,127.0,47.0,131.0,939,Comprehensive Markdown plugin built for Django.,2934.0,2913.0,41.0,30,True,['django'],2026-05-23 14:19:23.000,4.0.11,65.0,,139592.0,,,django-markdownx,https://pypi.org/project/django-markdownx,2026-05-23 14:19:23.000,21.0,139592.0,,,,3.0,,,,,,,,,,,,,,,,,
283,webassets,miracle2k/webassets,others,,https://github.com/miracle2k/webassets,https://github.com/miracle2k/webassets,BSD-2-Clause,2009-12-08 05:40:34.000,2025-08-17 13:04:57.000000,2025-08-17 12:47:39,1435.0,,261,19.0,265.0,70.0,240.0,934,Asset management for Python web development.,7694.0,7596.0,165.0,30,True,,2025-08-17 13:07:21.000,3.0.0,15.0,,258111.0,,conda-forge/webassets,webassets,https://pypi.org/project/webassets,2025-08-17 13:03:58.000,98.0,254517.0,https://anaconda.org/conda-forge/webassets,2025-04-22 14:56:27.817,82668.0,3.0,,,,,,,,,,,,,,,,,
284,ghapi,fastai/ghapi,third-party-apis,,https://github.com/AnswerDotAI/ghapi,https://github.com/AnswerDotAI/ghapi,Apache-2.0,2020-11-21 01:10:28.000,2026-06-22 03:59:05.000000,2026-06-22 03:57:49,397.0,6.0,70,8.0,53.0,49.0,106.0,683,A delightful and complete interface to GitHubs amazing API.,3644.0,3481.0,23.0,30,True,,2026-06-22 03:57:41.000,1.0.14,38.0,,79714223.0,AnswerDotAI/ghapi,,ghapi,https://pypi.org/project/ghapi,2026-06-22 03:57:41.000,163.0,79714223.0,,,,3.0,,,,,,,,,,,,,,,,,
285,trame,Kitware/trame,web-ui,,https://github.com/Kitware/trame,https://github.com/Kitware/trame,Apache-2.0,2021-09-24 21:38:47.000,2026-06-11 17:24:06.000000,2026-06-11 17:24:06,646.0,86.0,84,16.0,133.0,28.0,91.0,682,Trame lets you weave various components and technologies into a Web Application solely written in Python.,983.0,789.0,32.0,30,True,,2026-05-15 03:50:49.000,3.13.2,162.0,826.0,652970.0,,,trame,https://pypi.org/project/trame,2026-05-15 03:50:49.000,194.0,652955.0,,,,2.0,,,,,,,,,,,,,,,,,
286,treq,twisted/treq,http-clients,,https://github.com/twisted/treq,https://github.com/twisted/treq,MIT,2012-05-18 18:57:21.000,2026-07-02 14:22:35.135000,2026-07-02 04:11:43,1283.0,54.0,141,21.0,249.0,57.0,122.0,604,Python requests like API built on top of Twisteds HTTP client.,1922.0,1795.0,58.0,30,True,,2026-07-02 00:10:37.000,treq-26.7.0,25.0,509.0,236819.0,,conda-forge/treq,treq,https://pypi.org/project/treq,2026-07-02 00:07:52.000,127.0,232764.0,https://anaconda.org/conda-forge/treq,2026-07-02 14:22:35.135,283593.0,3.0,,,,,,,,,,,,,,,,,
287,aiodns,saghul/aiodns,others,,https://github.com/aio-libs/aiodns,https://github.com/aio-libs/aiodns,MIT,2014-03-26 23:19:57.000,2026-07-01 15:42:27.000000,2026-07-01 15:42:25,250.0,23.0,76,12.0,170.0,9.0,80.0,594,Simple DNS resolver for asyncio.,1003.0,,36.0,30,True,,2026-05-20 01:54:14.000,4.0.4,27.0,,22234190.0,aio-libs/aiodns,conda-forge/aiodns,aiodns,https://pypi.org/project/aiodns,2026-05-20 01:54:14.000,1003.0,22227696.0,https://anaconda.org/conda-forge/aiodns,2025-04-22 14:57:14.545,526042.0,3.0,,,,,,,,,,,,,,,,,
288,aioresponses,pnuckowski/aioresponses,testing,,https://github.com/pnuckowski/aioresponses,https://github.com/pnuckowski/aioresponses,MIT,2016-10-16 10:42:14.000,2026-06-23 21:23:22.000000,2026-04-13 22:24:08,376.0,29.0,100,5.0,181.0,63.0,59.0,558,Aioresponses is a helper for mock/fake web requests in python aiohttp package.,878.0,,60.0,30,True,,2026-06-23 21:23:22.000,0.7.9,29.0,,13098468.0,,,aioresponses,https://pypi.org/project/aioresponses,2026-06-23 21:23:22.000,878.0,13098468.0,,,,2.0,,,,,,,,,,,,,,,,,
289,flask-babel,python-babel/flask-babel,flask-utils,,https://github.com/python-babel/flask-babel,https://github.com/python-babel/flask-babel,BSD-3-Clause,2010-05-29 14:14:08.000,2025-04-22 14:56:24.883000,2024-06-19 06:43:42,269.0,,159,13.0,114.0,17.0,118.0,452,i18n and l10n support for Flask based on Babel and pytz.,30713.0,30560.0,43.0,30,False,['flask'],2023-10-02 01:10:48.000,4.0.0,18.0,,15507563.0,,conda-forge/flask-babel,flask-babel,https://pypi.org/project/flask-babel,2023-10-02 01:10:48.000,153.0,15501263.0,https://anaconda.org/conda-forge/flask-babel,2025-04-22 14:56:24.883,447326.0,2.0,,,,,,,,,,,,,,,,,
290,tyk,TykTechnologies/tyk,api-proxies,,https://github.com/TykTechnologies/tyk,https://github.com/TykTechnologies/tyk,MPL-2.0,2014-05-07 14:38:24.000,2026-07-02 18:22:31.000000,2026-07-02 11:15:29,5394.0,98.0,1158,257.0,6373.0,459.0,1862.0,10756,"Tyk Open Source API Gateway written in Go, supporting REST, GraphQL, TCP and gRPC protocols.",,,292.0,29,True,,2026-02-12 18:45:26.000,5.12.0-alphafips5,100.0,,,,,,,,,,,,,3.0,,,,,,,,,,,,,,,,,
291,coursera-dl,coursera-dl/coursera-dl,third-party-apis,,https://github.com/coursera-dl/coursera-dl,https://github.com/coursera-dl/coursera-dl,LGPL-3.0,2012-03-21 21:07:15.000,2025-04-22 14:56:29.257000,2021-02-12 03:30:48,1131.0,,2255,320.0,225.0,216.0,465.0,9636,Script for downloading Coursera.org videos and naming them.,260.0,256.0,85.0,29,False,,2019-12-16 21:11:03.021,0.11.5,12.0,,5178.0,,conda-forge/coursera-dl,coursera-dl,https://pypi.org/project/coursera-dl,2018-06-03 08:31:25.000,4.0,1087.0,https://anaconda.org/conda-forge/coursera-dl,2025-04-22 14:56:29.257,73647.0,3.0,,,,,,,,,,,,,,,,,
292,Pattern,clips/pattern,web-scraping,,https://github.com/clips/pattern,https://github.com/clips/pattern,BSD-3-Clause,2011-05-03 15:29:01.000,2025-04-22 14:57:14.078000,2020-04-25 12:40:40,1434.0,,1570,523.0,132.0,178.0,78.0,8856,"Web mining module for Python, with tools for scraping, natural language processing, machine learning, network analysis..",1963.0,1961.0,30.0,29,False,,,,1.0,268.0,12969.0,,conda-forge/pattern,pattern,https://pypi.org/project/pattern,2024-12-23 17:40:25.000,2.0,12716.0,https://anaconda.org/conda-forge/pattern,2025-04-22 14:57:14.078,20097.0,2.0,,,,,,,,,,,,,,,,,
293,selenium-python-helium,mherrmann/selenium-python-helium,testing,,https://github.com/mherrmann/helium,https://github.com/mherrmann/helium,MIT,2019-11-26 16:12:28.000,2026-06-30 07:15:47.000000,2026-06-30 07:15:44,214.0,17.0,514,85.0,40.0,52.0,49.0,8310,Lighter web automation with Python.,792.0,755.0,13.0,29,True,,2026-06-03 09:03:50.000,7.0.2,51.0,,23550.0,mherrmann/helium,,helium,https://pypi.org/project/helium,2026-06-03 09:02:42.000,37.0,23550.0,,,,3.0,,,,,,,,,,,,,,,,,
294,grip,joeyespo/grip,markdown,,https://github.com/joeyespo/grip,https://github.com/joeyespo/grip,MIT,2012-11-17 07:27:16.000,2024-07-10 06:39:28.000000,2023-10-13 03:30:58,586.0,,436,70.0,111.0,113.0,191.0,6813,Preview GitHub README.md files locally before committing them.,2292.0,2258.0,40.0,29,False,,2023-10-12 05:07:59.000,4.6.2,27.0,,112336.0,,,grip,https://pypi.org/project/grip,2023-10-12 05:07:59.000,34.0,112336.0,,,,3.0,,,,,,,,,,,,,,,,,
295,grequests,spyoungtech/grequests,http-clients,,https://github.com/spyoungtech/grequests,https://github.com/spyoungtech/grequests,BSD-2-Clause,2012-05-10 21:50:15.000,2025-04-22 14:56:27.352000,2024-08-08 21:52:34,91.0,,332,108.0,52.0,10.0,120.0,4575,Requests + Gevent = 3.,5224.0,5043.0,29.0,29,False,,2023-06-08 00:06:01.754,0.7.0,7.0,40.0,478883.0,,conda-forge/grequests,grequests,https://pypi.org/project/grequests,2023-06-08 00:06:01.754,181.0,466528.0,https://anaconda.org/conda-forge/grequests,2025-04-22 14:56:27.352,234761.0,3.0,,,,,,,,,,,,,,,,,
296,pyload,pyload/pyload,others,,https://github.com/pyload/pyload,https://github.com/pyload/pyload,AGPL-3.0,2013-02-10 13:12:02.000,2026-06-06 23:57:01.000000,2026-06-06 23:56:51,8274.0,119.0,752,121.0,1315.0,223.0,3157.0,3803,The free and open-source Download Manager written in pure Python.,27.0,24.0,246.0,29,True,,2026-01-01 00:31:29.000,0.4.x,105.0,120446.0,4259.0,,,pyload-ng,https://pypi.org/project/pyload-ng,2026-05-17 16:39:13.000,3.0,3472.0,,,,3.0,,,,,,,,,,,,,,,,,
297,django-rest-framework-jwt,jpadilla/django-rest-framework-jwt,auth,,https://github.com/jpadilla/django-rest-framework-jwt,https://github.com/jpadilla/django-rest-framework-jwt,MIT,2014-01-16 04:54:06.000,2022-12-06 16:30:54.000000,2019-08-13 02:11:02,369.0,,648,1.0,190.0,163.0,187.0,3191,JSON Web Token Authentication support for Django REST Framework.,28243.0,28143.0,62.0,29,False,,2021-12-15 15:59:35.858,1.3.0,26.0,,231531.0,,,djangorestframework-jwt,https://pypi.org/project/djangorestframework-jwt,2021-12-15 15:59:35.858,100.0,231531.0,,,,3.0,,,,,,,,,,,,,,,,,
298,django-rest-swagger,marcgibbons/django-rest-swagger,openapi-utils,,https://github.com/marcgibbons/django-rest-swagger,https://github.com/marcgibbons/django-rest-swagger,BSD-2-Clause,2013-06-13 19:28:32.000,2021-12-15 14:37:49.132000,2019-06-04 18:10:32,801.0,,602,1.0,339.0,166.0,366.0,2590,Swagger Documentation Generator for Django REST Framework: deprecated.,21383.0,21307.0,96.0,29,False,['django'],2021-12-15 14:37:49.132,0.1.6,50.0,,338583.0,,,django-rest-swagger,https://pypi.org/project/django-rest-swagger,2021-12-15 14:37:49.132,76.0,338583.0,,,,3.0,,,,,,,,,,,,,,,,,
299,django-activity-stream,justquick/django-activity-stream,django-utils,,https://github.com/justquick/django-activity-stream,https://github.com/justquick/django-activity-stream,BSD-3-Clause,2010-02-24 21:16:51.000,2025-12-15 00:04:01.000000,2025-10-13 07:49:15,946.0,,486,72.0,236.0,25.0,291.0,2439,Generate generic activity streams from the actions on your site. Users can follow any actors activities for..,1350.0,1339.0,114.0,29,True,['django'],2023-10-04 07:51:20.000,2.0.0,41.0,23.0,143646.0,,,django-activity-stream,https://pypi.org/project/django-activity-stream,2023-10-04 07:51:20.000,11.0,143646.0,,,,3.0,,,,,,,,,,,,,,,,,
300,masonite,MasoniteFramework/masonite,web-frameworks,,https://github.com/MasoniteFramework/masonite,https://github.com/MasoniteFramework/masonite,MIT,2017-12-06 00:30:22.000,2026-06-07 18:17:21.000000,2026-06-07 17:52:11,4189.0,5.0,138,60.0,402.0,30.0,428.0,2362,The Modern And Developer Centric Python Web Framework. Be sure to read the documentation and join the Discord channel..,600.0,547.0,89.0,29,True,,2026-06-07 01:28:12.000,4.20.4,316.0,,12410.0,,,masonite,https://pypi.org/project/masonite,2026-06-07 01:28:12.000,53.0,12410.0,,,,3.0,,,,,,,,,,,,,,,,,
301,django-braces,brack3t/django-braces,django-utils,,https://github.com/brack3t/django-braces,https://github.com/brack3t/django-braces,BSD-3-Clause,2012-03-02 20:02:51.000,2025-04-22 14:56:39.215000,2025-03-18 01:46:14,716.0,,218,52.0,180.0,7.0,132.0,2016,"Reusable, generic mixins for Django.",16264.0,16191.0,83.0,29,False,['django'],2025-03-18 02:04:22.000,1.17.0,33.0,,369133.0,,conda-forge/django-braces,django-braces,https://pypi.org/project/django-braces,2025-03-18 02:03:01.000,73.0,365541.0,https://anaconda.org/conda-forge/django-braces,2025-04-22 14:56:39.215,100588.0,3.0,,,,,,,,,,,,,,,,,
302,django-q,Koed00/django-q,django-utils,,https://github.com/Koed00/django-q,https://github.com/Koed00/django-q,MIT,2015-06-14 12:37:08.000,2024-08-13 12:14:42.000000,2021-06-26 12:04:16,1246.0,,280,51.0,313.0,332.0,154.0,1874,A multiprocessing distributed task queue for Django.,2037.0,2011.0,62.0,29,False,['django'],2021-06-27 12:04:53.000,1.3.9,78.0,,59611.0,,,django-q,https://pypi.org/project/django-q,2021-06-27 12:04:53.000,26.0,59611.0,,,,3.0,,,,,,,,,,,,,,,,,
303,Hypercorn,pgjones/hypercorn,servers,,https://github.com/pgjones/hypercorn,https://github.com/pgjones/hypercorn,MIT,2018-06-02 17:47:42.000,2025-11-08 13:54:03.000000,2025-11-08 13:49:10,746.0,,142,13.0,93.0,131.0,146.0,1589,Hypercorn is an ASGI Server based on Hyper libraries and inspired by Gunicorn.,13219.0,13060.0,73.0,29,True,,2024-05-28 20:55:48.000,0.17.3,57.0,,6044080.0,,,hypercorn,https://pypi.org/project/hypercorn,2025-11-08 13:54:03.000,159.0,6044080.0,,,,3.0,,,,,,,,,,,,,,,,,
304,django-cachalot,noripyt/django-cachalot,django-utils,,https://github.com/noripyt/django-cachalot,https://github.com/noripyt/django-cachalot,BSD-3-Clause,2014-09-26 13:08:06.000,2026-01-30 03:26:26.211000,2026-01-28 05:21:57,660.0,,156,23.0,110.0,28.0,154.0,1427,"No effort, no worry, maximum performance.",1044.0,1032.0,40.0,29,True,['django'],2026-01-28 05:23:28.000,2.9.0,48.0,,225308.0,,conda-forge/django-cachalot,django-cachalot,https://pypi.org/project/django-cachalot,2026-01-28 05:23:28.000,12.0,211932.0,https://anaconda.org/conda-forge/django-cachalot,2026-01-30 03:26:26.211,107010.0,3.0,,,,,,,,,,,,,,,,,
305,django-organizations,bennylope/django-organizations,django-utils,,https://github.com/bennylope/django-organizations,https://github.com/bennylope/django-organizations,BSD-2-Clause,2012-02-02 02:38:49.000,2026-06-29 14:48:07.000000,2026-06-29 14:48:07,760.0,3.0,220,34.0,124.0,19.0,143.0,1358,Multi-user accounts for Django projects.,328.0,321.0,53.0,29,True,['django'],2026-03-08 16:51:46.000,2.6.0,58.0,,73478.0,,conda-forge/django-organizations,django-organizations,https://pypi.org/project/django-organizations,2026-03-08 16:51:46.000,7.0,73304.0,https://anaconda.org/conda-forge/django-organizations,2026-03-08 19:07:07.860,12945.0,3.0,,,,,,,,,,,,,,,,,
306,django-rosetta,mbi/django-rosetta,django-utils,,https://github.com/mbi/django-rosetta,https://github.com/mbi/django-rosetta,MIT,2011-06-16 09:19:42.000,2025-12-07 18:05:10.000000,2025-12-07 18:00:59,615.0,,204,29.0,147.0,56.0,115.0,1156,Rosetta is a Django application that eases the translation process of your Django projects.,3995.0,3962.0,87.0,29,True,['django'],2025-12-07 18:06:37.000,0.10.3,40.0,,260357.0,,conda-forge/django-rosetta,django-rosetta,https://pypi.org/project/django-rosetta,2025-12-07 18:04:16.000,33.0,260100.0,https://anaconda.org/conda-forge/django-rosetta,2025-04-22 14:57:33.082,18555.0,3.0,,,,,,,,,,,,,,,,,
307,django-dbbackup,jazzband/django-dbbackup,django-utils,,https://github.com/Archmonger/django-dbbackup,https://github.com/Archmonger/django-dbbackup,BSD-3-Clause,2014-12-29 02:39:34.000,2026-04-15 14:46:07.000000,2026-04-15 14:44:57,578.0,4.0,219,18.0,326.0,7.0,308.0,1110,Backup and restore your Django database and media.,2630.0,2607.0,84.0,29,True,['django'],2026-04-10 01:49:41.000,5.3.0,55.0,81.0,282288.0,Archmonger/django-dbbackup,,django-dbbackup,https://pypi.org/project/django-dbbackup,2026-04-10 01:49:41.000,23.0,282287.0,,,,3.0,,,,,,,,,,,,,,,,,
308,flask-dance,singingwolfboy/flask-dance,auth,,https://github.com/singingwolfboy/flask-dance,https://github.com/singingwolfboy/flask-dance,MIT,2014-09-09 11:53:06.000,2025-04-22 14:57:04.024000,2024-06-07 07:10:17,637.0,,158,17.0,224.0,47.0,169.0,1013,"Doing the OAuth dance with style using Flask, requests, and oauthlib.",6096.0,6067.0,58.0,29,False,['flask'],2024-03-05 12:43:19.000,7.1.0,52.0,,1085112.0,,conda-forge/flask-dance,flask-dance,https://pypi.org/project/flask-dance,2024-03-05 12:43:19.000,29.0,1084638.0,https://anaconda.org/conda-forge/flask-dance,2025-04-22 14:57:04.024,16143.0,3.0,,,,,,,,,,,,,,,,,
309,starlette-admin,jowilf/starlette-admin,admin-ui,,https://github.com/jowilf/starlette-admin,https://github.com/jowilf/starlette-admin,MIT,2022-08-29 15:22:50.000,2026-07-01 05:13:52.000000,2026-06-08 04:54:42,535.0,13.0,93,12.0,452.0,113.0,170.0,996,"Fast, beautiful and extensible administrative interface framework for Starlette & FastApi applications.",1133.0,1098.0,32.0,29,True,['fastapi'],2026-06-06 20:10:42.000,0.16.1,79.0,,216150.0,,conda-forge/starlette-admin,starlette-admin,https://pypi.org/project/starlette-admin,2026-06-06 20:10:42.000,35.0,215659.0,https://anaconda.org/conda-forge/starlette-admin,2026-06-16 15:04:14.253,17702.0,2.0,,,,,,,,,,,,,,,,,
310,flask-mongoengine,MongoEngine/flask-mongoengine,flask-utils,,https://github.com/MongoEngine/flask-mongoengine,https://github.com/MongoEngine/flask-mongoengine,BSD-3-Clause,2012-05-15 11:33:26.000,2024-01-18 13:35:22.000000,2022-08-16 14:02:03,969.0,,248,28.0,271.0,45.0,236.0,833,MongoEngine flask extension with WTF model forms support.,10404.0,10350.0,90.0,29,False,['flask'],2020-11-21 06:02:04.000,1.0.0,21.0,,99068.0,,,flask-mongoengine,https://pypi.org/project/flask-mongoengine,2020-11-21 06:02:04.000,54.0,99068.0,,,,2.0,,,,,,,,,,,,,,,,,
311,django-paypal,spookylukey/django-paypal,django-utils,,https://github.com/spookylukey/django-paypal,https://github.com/spookylukey/django-paypal,MIT,2012-06-09 14:04:06.000,2026-06-29 16:56:57.000000,2024-11-18 21:22:27,798.0,,206,24.0,123.0,15.0,153.0,729,A pluggable Django application for integrating PayPal Payments Standard or Payments Pro.,4250.0,4248.0,73.0,29,False,['django'],2021-12-15 15:40:40.554,0.1.4,29.0,,29094.0,,,django-paypal,https://pypi.org/project/django-paypal,2024-04-30 19:52:35.000,2.0,29094.0,,,,3.0,,,,,,,,,,,,,,,,,
312,flask-session,fengsp/flask-session,flask-utils,,https://github.com/pallets-eco/flask-session,https://github.com/pallets-eco/flask-session,BSD-3-Clause,2014-04-25 11:48:29.000,2025-06-14 20:23:32.000000,2024-04-18 08:31:15,304.0,,249,20.0,132.0,17.0,133.0,536,Server side session extension for Flask.,55121.0,54951.0,20.0,29,False,['flask'],2024-03-26 08:16:33.000,0.8.0,18.0,143.0,14465601.0,pallets-eco/flask-session,,flask-session,https://pypi.org/project/flask-session,2024-03-26 07:56:11.000,170.0,14465598.0,,,,2.0,,,,,,,,,,,,,,,,,
313,speedtest-cli,sivel/speedtest-cli,others,,https://github.com/sivel/speedtest-cli,https://github.com/sivel/speedtest-cli,Apache-2.0,2012-09-10 19:17:53.000,2025-04-22 14:58:04.715000,2021-07-07 19:50:15,299.0,,1911,297.0,219.0,70.0,,14078,Command line interface for testing internet bandwidth using speedtest.net.,211.0,24.0,10.0,28,False,,2021-04-08 13:53:00.000,2.1.3,28.0,,343079.0,,conda-forge/speedtest-cli,speedtest-cli,https://pypi.org/project/speedtest-cli,2021-04-08 13:51:32.000,187.0,342605.0,https://anaconda.org/conda-forge/speedtest-cli,2025-04-22 14:58:04.715,26587.0,3.0,,,,,,,,,,,,,,,,,
314,Google Images Download,hardikvasa/google-images-download,third-party-apis,,https://github.com/hardikvasa/google-images-download,https://github.com/hardikvasa/google-images-download,MIT,2015-03-28 16:50:28.000,2026-05-18 05:34:43.000000,2026-05-18 05:29:54,167.0,11.0,2094,192.0,108.0,65.0,242.0,8684,Python Script to download hundreds of images from Google Images. It is a ready-to-run code!.,3.0,,41.0,28,True,,2019-05-21 18:28:03.000,2.8.0,40.0,,4870.0,,,google_images_download,https://pypi.org/project/google_images_download,2019-05-21 18:28:03.000,3.0,4870.0,,,,3.0,,,,,,,,,,,,,,,,,
315,MechanicalSoup,MechanicalSoup/MechanicalSoup,web-scraping,,https://github.com/MechanicalSoup/MechanicalSoup,https://github.com/MechanicalSoup/MechanicalSoup,MIT,2014-05-26 09:06:11.000,2026-06-26 16:37:19.000000,2026-06-26 16:37:17,670.0,4.0,385,102.0,295.0,42.0,149.0,4873,A Python library for automating interaction with websites.,116.0,,56.0,28,True,,2025-05-30 04:09:55.000,1.4.0,29.0,78.0,123756.0,,conda-forge/mechanicalsoup,MechanicalSoup,https://pypi.org/project/MechanicalSoup,2025-05-30 04:09:55.000,116.0,118959.0,https://anaconda.org/conda-forge/mechanicalsoup,2025-05-30 12:52:17.348,316629.0,2.0,,,,,,,,,,,,,,,,,
316,notion-py,jamalex/notion-py,third-party-apis,,https://github.com/jamalex/notion-py,https://github.com/jamalex/notion-py,MIT,2018-11-26 03:08:41.000,2026-02-16 23:25:50.000000,2026-02-16 23:06:07,254.0,,473,68.0,117.0,166.0,112.0,4386,Unofficial Python API client for Notion.so.,61.0,,36.0,28,True,,2026-02-16 23:25:50.000,0.1.0,22.0,,876865.0,,,notion,https://pypi.org/project/notion,2026-02-16 23:02:32.000,61.0,876865.0,,,,3.0,,,,,,,,,,,,,,,,,
317,sslyze,nabla-c0d3/sslyze,others,,https://github.com/nabla-c0d3/sslyze,https://github.com/nabla-c0d3/sslyze,AGPL-3.0,2014-08-18 04:33:30.000,2026-05-10 16:30:14.000000,2026-03-29 09:49:32,1978.0,,493,128.0,165.0,20.0,533.0,3763,Fast and powerful SSL/TLS scanning library.,16.0,,79.0,28,True,,2026-03-29 10:00:58.000,6.3.1,74.0,119664.0,114003.0,,,sslyze,https://pypi.org/project/sslyze,2026-03-29 09:58:58.000,16.0,113161.0,,,,3.0,,,,,,,,,,,,,,,,,
318,proxy.py,abhinavsingh/proxy.py,others,,https://github.com/abhinavsingh/proxy.py,https://github.com/abhinavsingh/proxy.py,BSD-3-Clause,2013-08-19 21:33:51.000,2026-05-18 21:48:40.000000,2025-03-23 11:24:43,946.0,,619,57.0,1060.0,81.0,269.0,3533,Ngrok FRP Alternative Fast Lightweight 0 Dependency Pluggable TLS interception DNS-over-HTTPS Poor Mans VPN Reverse &..,37.0,,23.0,28,False,,2025-02-18 16:37:01.000,2.4.10,45.0,2093.0,791566.0,,,proxy.py,https://pypi.org/project/proxy.py,2025-02-18 16:36:35.000,37.0,791529.0,,,,3.0,,,,,,,,,,,,,,,,,
319,django-sql-explorer,groveco/django-sql-explorer,django-utils,,https://github.com/explorerhq/sql-explorer,https://github.com/explorerhq/sql-explorer,MIT,2013-12-22 20:58:37.000,2025-04-23 01:55:00.000000,2025-04-23 01:54:59,1016.0,,371,62.0,379.0,37.0,292.0,2878,"SQL reporting that Just Works. Fast, simple, and confusion-free. Write and share queries in a delightful SQL editor,..",542.0,534.0,109.0,28,False,['django'],2024-09-24 20:46:34.000,5.3.0,68.0,,295300.0,explorerhq/sql-explorer,,django-sql-explorer,https://pypi.org/project/django-sql-explorer,2024-09-24 20:47:32.000,8.0,295300.0,,,,3.0,,,,,,,,,,,,,,,,,
320,django-compressor,django-compressor/django-compressor,django-utils,,https://github.com/django-compressor/django-compressor,https://github.com/django-compressor/django-compressor,,2010-02-05 15:48:14.000,2026-06-30 07:03:06.000000,2026-05-25 09:57:44,1674.0,2.0,609,43.0,648.0,122.0,557.0,2871,Compresses linked and inline javascript or CSS into a single cached file.,183.0,,227.0,28,False,['django'],2025-11-10 13:12:10.000,4.6.0,41.0,,2503943.0,,,django-compressor,https://pypi.org/project/django-compressor,2025-11-10 13:12:10.000,183.0,2503943.0,,,,3.0,,,,,,,,,,,,,,,,,
321,furl,gruns/furl,url-utils,,https://github.com/gruns/furl,https://github.com/gruns/furl,Unlicense,2011-11-17 01:08:16.000,2026-02-22 04:48:44.000000,2026-02-22 04:48:40,566.0,,157,32.0,63.0,40.0,88.0,2807,The easiest way to parse and modify URLs in Python.,504.0,,16.0,28,True,,2025-03-09 05:50:44.000,2.1.4,52.0,,5592838.0,,conda-forge/furl,furl,https://pypi.org/project/furl,2025-03-09 05:36:19.000,504.0,5579413.0,https://anaconda.org/conda-forge/furl,2025-04-22 14:56:38.781,832399.0,3.0,,,,,,,,,,,,,,,,,
322,django-fsm,viewflow/django-fsm,django-utils,,https://github.com/kmmbvnr/django-fsm,https://github.com/kmmbvnr/django-fsm,MIT,2010-05-31 14:03:48.000,2025-10-07 17:44:28.580000,2025-10-07 16:32:18,354.0,,309,1.0,146.0,1.0,156.0,2348,Django friendly finite state machine support.,1956.0,1892.0,70.0,28,True,['django'],2025-10-07 16:33:26.000,3.0.1,26.0,,610397.0,kmmbvnr/django-fsm,conda-forge/django-fsm,django-fsm,https://pypi.org/project/django-fsm,2025-10-07 16:33:26.000,64.0,608456.0,https://anaconda.org/conda-forge/django-fsm,2025-10-07 17:44:28.580,85430.0,3.0,,,,,,,,,,,,,,,,,
323,django-blog-zinnia,Fantomas42/django-blog-zinnia,django-utils,,https://github.com/Fantomas42/django-blog-zinnia,https://github.com/Fantomas42/django-blog-zinnia,BSD-3-Clause,2009-07-13 14:58:26.000,2024-05-03 19:19:17.000000,2020-03-09 20:52:03,3155.0,,742,127.0,162.0,39.0,406.0,2131,Simple yet powerful and really extendable application for managing a blog within your Django Web site.,875.0,874.0,71.0,28,False,['django'],2016-09-27 13:25:46.000,0.18.1,29.0,,2548.0,,,django-blog-zinnia,https://pypi.org/project/django-blog-zinnia,2018-03-10 21:22:04.000,1.0,2548.0,,,,3.0,,,,,,,,,,,,,,,,,
324,python-user-agents,selwin/python-user-agents,others,,https://github.com/selwin/python-user-agents,https://github.com/selwin/python-user-agents,MIT,2013-01-05 00:44:11.000,2025-04-22 14:56:26.410000,2023-02-16 01:51:50,146.0,,197,39.0,54.0,45.0,35.0,1514,"A Python library that provides an easy way to identify devices like mobile phones, tablets and their capabilities by..",200.0,,32.0,28,False,,2020-08-23 06:05:26.000,2.2.0,12.0,,11067856.0,,conda-forge/user-agents,user-agents,https://pypi.org/project/user-agents,2020-08-23 06:01:54.000,200.0,11065158.0,https://anaconda.org/conda-forge/user-agents,2025-04-22 14:56:26.410,191561.0,3.0,,,,,,,,,,,,,,,,,
325,flask-api,flask-api/flask-api,flask-utils,,https://github.com/flask-api/flask-api,https://github.com/flask-api/flask-api,BSD-3-Clause,2014-02-15 12:27:34.000,2025-05-13 06:12:16.000000,2024-02-20 14:04:59,293.0,,192,45.0,100.0,16.0,54.0,1470,Browsable web APIs for Flask.,6640.0,6583.0,35.0,28,False,['flask'],2023-06-05 16:50:54.000,3.1,33.0,,162370.0,,,flask-api,https://pypi.org/project/flask-api,2023-06-05 16:50:38.084,57.0,162370.0,,,,2.0,,,,,,,,,,,,,,,,,
326,django-extra-views,AndrewIngram/django-extra-views,django-utils,,https://github.com/AndrewIngram/django-extra-views,https://github.com/AndrewIngram/django-extra-views,MIT,2011-05-16 21:47:47.000,2025-04-28 07:04:07.000000,2025-04-28 07:04:03,474.0,,173,56.0,131.0,16.0,131.0,1437,"Djangos class-based generic views are awesome, lets have more of them.",2515.0,2475.0,64.0,28,False,['django'],2025-04-22 15:10:56.000,0.16.0,28.0,,245946.0,,,django-extra-views,https://pypi.org/project/django-extra-views,2025-04-22 15:10:56.000,40.0,245946.0,,,,3.0,,,,,,,,,,,,,,,,,
327,django-cleanup,un1t/django-cleanup,django-utils,,https://github.com/un1t/django-cleanup,https://github.com/un1t/django-cleanup,MIT,2012-08-14 09:27:02.000,2025-06-05 22:10:48.000000,2025-06-05 22:10:44,237.0,,79,9.0,55.0,1.0,61.0,1211,Automatically deletes old file for FileField and ImageField. It also deletes files on models instance deletion.,17278.0,17241.0,18.0,28,False,['django'],2024-09-18 21:58:04.000,9.0.0,40.0,,693772.0,,conda-forge/django-cleanup,django-cleanup,https://pypi.org/project/django-cleanup,2024-09-18 21:58:04.000,37.0,693390.0,https://anaconda.org/conda-forge/django-cleanup,2025-04-22 14:57:10.039,27889.0,3.0,,,,,,,,,,,,,,,,,
328,django-split-settings,sobolevn/django-split-settings,django-utils,,https://github.com/wemake-services/django-split-settings,https://github.com/wemake-services/django-split-settings,BSD-3-Clause,2013-05-17 06:04:30.000,2026-06-22 08:25:18.000000,2026-06-22 08:25:10,586.0,18.0,74,15.0,551.0,5.0,43.0,1197,Organize Django settings into multiple files and directories. Easily override and modify settings. Use wildcards and..,3502.0,3490.0,29.0,28,True,['django'],2024-07-05 14:30:34.000,1.3.2,18.0,,355565.0,wemake-services/django-split-settings,,django-split-settings,https://pypi.org/project/django-split-settings,2024-07-05 14:29:59.000,12.0,355565.0,,,,3.0,,,,,,,,,,,,,,,,,
329,spyne,arskom/spyne,rpc,,https://github.com/arskom/spyne,https://github.com/arskom/spyne,LGPL-2.1,2010-07-23 06:26:28.000,2025-10-23 07:15:20.000000,2025-10-23 07:15:19,7059.0,,324,38.0,340.0,84.0,296.0,1149,A transport agnostic sync/async RPC library that focuses on exposing services with a well-defined API using popular..,1010.0,989.0,131.0,28,False,,2022-02-09 03:28:26.000,spyne-2.14.0,47.0,,193662.0,,conda-forge/spyne,spyne,https://pypi.org/project/spyne,2022-02-03 02:53:36.000,21.0,191381.0,https://anaconda.org/conda-forge/spyne,2025-04-22 14:56:21.754,280575.0,3.0,,,,,,,,,,,,,,,,,
330,hyper,python-hyper/hyper,http-clients,,https://github.com/python-hyper/hyper,https://github.com/python-hyper/hyper,MIT,2014-01-23 07:53:47.000,2025-04-22 14:56:45.221000,2021-01-12 18:36:50,1415.0,,190,4.0,195.0,101.0,167.0,1051,HTTP/2 for Python.,1477.0,1411.0,43.0,28,False,,2020-08-02 14:24:39.000,0.5.0,18.0,305.0,198005.0,,conda-forge/hyper,hyper,https://pypi.org/project/hyper,2016-09-27 13:03:52.800,66.0,197154.0,https://anaconda.org/conda-forge/hyper,2025-04-22 14:56:45.221,86673.0,3.0,,,,,,,,,,,,,,,,,
331,django-redis-cache,sebleier/django-redis-cache,django-utils,,https://github.com/sebleier/django-redis-cache,https://github.com/sebleier/django-redis-cache,BSD-3-Clause,2009-07-03 17:51:56.000,2025-04-22 14:56:21.111000,2022-03-09 18:46:07,381.0,,223,29.0,105.0,74.0,68.0,1042,A Redis cache backend for django.,4437.0,4401.0,46.0,28,False,['django'],2022-03-09 18:49:10.000,3.0.1,53.0,,92192.0,,conda-forge/django-redis-cache,django-redis-cache,https://pypi.org/project/django-redis-cache,2022-03-09 18:49:10.000,36.0,89857.0,https://anaconda.org/conda-forge/django-redis-cache,2025-04-22 14:56:21.111,161131.0,3.0,,,,,,,,,,,,,,,,,
332,django-markdown-editor,agusmakmun/django-markdown-editor,markdown,,https://github.com/agusmakmun/django-markdown-editor,https://github.com/agusmakmun/django-markdown-editor,GPL-3.0,2016-12-27 18:33:34.000,2026-06-22 15:00:39.000000,2026-06-22 14:59:56,487.0,12.0,1291,10.0,115.0,37.0,129.0,895,"Awesome Django Markdown Editor, supported for Bootstrap & Semantic-UI.",1214.0,1192.0,46.0,28,True,['django'],2026-06-22 15:01:47.000,1.8.2,92.0,,55330.0,,,martor,https://pypi.org/project/martor,2026-06-22 15:00:39.000,22.0,55330.0,,,,3.0,,,,,,,,,,,,,,,,,
333,parameterized,wolever/parameterized,testing,,https://github.com/wolever/parameterized,https://github.com/wolever/parameterized,BSD-2-Clause-FreeBSD,2012-03-10 04:56:31.000,2025-04-22 14:56:44.336000,2023-03-27 01:44:02,219.0,,106,14.0,80.0,44.0,75.0,856,Parameterized testing with any Python test framework.,26856.0,26113.0,30.0,28,False,,2023-03-27 02:02:06.801,0.9.0,12.0,,20401441.0,,conda-forge/parameterized,parameterized,https://pypi.org/project/parameterized,2023-03-27 02:02:06.801,743.0,20352402.0,https://anaconda.org/conda-forge/parameterized,2025-04-22 14:56:44.336,3236633.0,3.0,,,,,,,,,,,,,,,,,
334,klein,twisted/klein,others,,https://github.com/twisted/klein,https://github.com/twisted/klein,MIT,2012-02-10 17:55:04.000,2026-06-30 09:38:04.000000,2026-06-30 09:35:53,3089.0,29.0,120,37.0,720.0,88.0,105.0,840,werkzeug + twisted.web.,1959.0,1905.0,57.0,28,True,,2024-08-12 01:50:16.000,24.8.0,27.0,,49104.0,,,klein,https://pypi.org/project/klein,2024-08-12 01:50:16.000,54.0,49104.0,,,,3.0,,,,,,,,,,,,,,,,,
335,django-csp,mozilla/django-csp,django-utils,,https://github.com/mozilla/django-csp,https://github.com/mozilla/django-csp,BSD-3-Clause,2010-07-14 18:00:59.000,2025-11-14 14:39:37.000000,2025-11-14 14:39:36,324.0,,107,27.0,162.0,10.0,115.0,626,Content Security Policy for Django.,5077.0,5023.0,67.0,28,True,['django'],2025-04-02 16:36:36.000,4.0,23.0,,4196665.0,,,django-csp,https://pypi.org/project/django-csp,2025-04-02 16:41:45.000,54.0,4196665.0,,,,3.0,,,,,,,,,,,,,,,,,
336,flask-testing,jarus/flask-testing,testing,,https://github.com/jarus/flask-testing,https://github.com/jarus/flask-testing,BSD-3-Clause,2012-02-29 16:34:28.000,2025-04-22 14:56:27.629000,2020-12-24 16:50:31,190.0,,110,9.0,73.0,56.0,45.0,501,Unittest extensions for Flask.,24996.0,24888.0,33.0,28,False,['flask'],2020-12-24 16:51:48.000,0.8.1,18.0,,692697.0,,conda-forge/flask-testing,flask-testing,https://pypi.org/project/flask-testing,2020-12-24 16:51:48.000,108.0,690795.0,https://anaconda.org/conda-forge/flask-testing,2025-04-22 14:56:27.629,224463.0,3.0,,,,,,,,,,,,,,,,,
337,deform,Pylons/deform,forms,,https://github.com/Pylons/deform,https://github.com/Pylons/deform,BSD-3-Clause,2011-02-16 06:29:46.000,2026-05-28 09:40:43.000000,2026-05-28 09:40:43,1656.0,2.0,162,32.0,358.0,52.0,148.0,422,A Python HTML form library.,883.0,853.0,104.0,28,True,,2026-02-26 11:35:24.000,3.0.1,43.0,,29922.0,,,deform,https://pypi.org/project/deform,2026-02-26 11:31:20.000,30.0,29922.0,,,,3.0,,,,,,,,,,,,,,,,,
338,django-cas-ng,django-cas-ng/django-cas-ng,auth,,https://github.com/django-cas-ng/django-cas-ng,https://github.com/django-cas-ng/django-cas-ng,MIT,2014-05-23 22:52:34.000,2026-05-26 16:03:36.000000,2026-05-26 16:03:36,720.0,30.0,169,12.0,240.0,5.0,159.0,394,"Django CAS 1.0/2.0/3.0 client authentication library, supporting Django 4.2+ and Python 3.8+.",667.0,652.0,92.0,28,True,['django'],2026-05-05 10:20:38.000,5.1.1,30.0,850.0,54595.0,,,django-cas-ng,https://pypi.org/project/django-cas-ng,2026-05-05 10:22:08.000,15.0,54590.0,,,,3.0,,,,,,,,,,,,,,,,,
339,cornice,Cornices/cornice,web-frameworks,,https://github.com/Cornices/cornice,https://github.com/Cornices/cornice,,2011-10-12 13:17:51.000,2026-06-04 14:48:16.000000,2025-03-24 09:40:05,1199.0,,149,21.0,364.0,50.0,192.0,389,Build Web Services with Pyramid.,968.0,924.0,124.0,28,False,['pyramid'],2024-02-08 11:28:46.000,6.1.0,59.0,,133300.0,,anaconda/cornice,cornice,https://pypi.org/project/cornice,2024-02-08 11:28:46.000,44.0,133197.0,https://anaconda.org/anaconda/cornice,2025-04-22 15:32:20.839,13087.0,3.0,,,,,,,,,,,,,,,,,
340,webtest,Pylons/webtest,testing,,https://github.com/Pylons/webtest,https://github.com/Pylons/webtest,MIT,2012-11-12 23:19:10.000,2026-01-06 21:19:17.000000,2026-01-06 21:19:17,1102.0,,113,17.0,137.0,30.0,107.0,346,"Wraps any WSGI application and makes it easy to send test requests to that application, without starting up an HTTP..",13425.0,13075.0,98.0,28,True,,2025-10-06 20:38:57.000,3.0.7,62.0,,1279635.0,,conda-forge/webtest,webtest,https://pypi.org/project/webtest,2025-10-06 20:38:57.000,350.0,1279172.0,https://anaconda.org/conda-forge/webtest,2025-10-12 21:19:28.345,27347.0,3.0,,,,,,,,,,,,,,,,,
341,flask-bcrypt,maxcountryman/flask-bcrypt,flask-utils,,https://github.com/maxcountryman/flask-bcrypt,https://github.com/maxcountryman/flask-bcrypt,BSD-3-Clause,2011-06-12 21:20:23.000,2026-04-22 13:04:08.000000,2022-04-05 03:58:40,119.0,,65,9.0,49.0,10.0,41.0,328,Flask-Bcrypt is a Flask extension that provides bcrypt hashing utilities for your application.,81924.0,81807.0,25.0,28,False,['flask'],2022-04-05 03:59:51.000,1.0.1,16.0,,2218110.0,,conda-forge/flask-bcrypt,flask-bcrypt,https://pypi.org/project/flask-bcrypt,2022-04-05 03:59:51.000,117.0,2216483.0,https://anaconda.org/conda-forge/flask-bcrypt,2025-04-22 14:56:24.928,78099.0,2.0,,,,,,,,,,,,,,,,,
342,uritemplate,python-hyper/uritemplate,url-utils,,https://github.com/python-hyper/uritemplate,https://github.com/python-hyper/uritemplate,BSD-3-Clause,2013-05-14 16:52:08.000,2026-05-26 00:52:29.000000,2026-05-26 00:52:27,297.0,5.0,38,10.0,116.0,6.0,29.0,246,URI template parsing per RFC6570.,571.0,,22.0,28,True,,2025-06-02 15:12:03.000,4.2.0,13.0,8.0,172691575.0,,conda-forge/uritemplate,uritemplate,https://pypi.org/project/uritemplate,2025-06-02 15:12:03.000,571.0,172556817.0,https://anaconda.org/conda-forge/uritemplate,2025-06-02 19:27:26.762,7681238.0,3.0,,,,,,,,,,,,,,,,,
343,httpagentparser,shon/httpagentparser,others,,https://github.com/shon/httpagentparser,https://github.com/shon/httpagentparser,MIT,2011-03-11 09:13:11.000,2026-03-13 13:30:09.000000,2026-03-08 10:06:41,205.0,,58,9.0,52.0,21.0,36.0,226,Python HTTP Agent Parser.,6351.0,6300.0,37.0,28,True,,2026-03-13 13:30:09.000,1.9.9,59.0,,465135.0,,,httpagentparser,https://pypi.org/project/httpagentparser,2026-03-08 10:13:30.000,51.0,465135.0,,,,3.0,,,,,,,,,,,,,,,,,
344,guillotina,plone/guillotina,web-frameworks,,https://github.com/plone/guillotina,https://github.com/plone/guillotina,BSD-3-Clause,2017-03-01 16:12:44.000,2026-07-01 06:58:28.000000,2026-06-24 12:59:30,3480.0,14.0,53,179.0,997.0,66.0,169.0,208,Python AsyncIO data API to manage billions of resources.,182.0,144.0,54.0,28,True,,2026-06-24 12:59:22.000,7.1.3,611.0,,2072.0,,,guillotina,https://pypi.org/project/guillotina,2026-06-24 12:59:22.000,38.0,2072.0,,,,3.0,,,,,,,,,,,,,,,,,
345,streaming-form-data,siddhantgoel/streaming-form-data,others,,https://github.com/siddhantgoel/streaming-form-data,https://github.com/siddhantgoel/streaming-form-data,MIT,2017-02-09 19:43:21.000,2026-06-22 19:03:36.000000,2026-06-17 19:36:04,805.0,14.0,35,5.0,174.0,2.0,42.0,184,Streaming (and fast!) parser for multipart/form-data written in Cython.,234.0,210.0,22.0,28,True,,2026-06-10 19:35:36.000,2.1.0,49.0,,457952.0,,,streaming-form-data,https://pypi.org/project/streaming-form-data,2026-06-10 19:35:36.000,24.0,457952.0,,,,3.0,,,,,,,,,,,,,,,,,
346,httpx-ws,frankie567/httpx-ws,websocket,,https://github.com/frankie567/httpx-ws,https://github.com/frankie567/httpx-ws,MIT,2022-11-22 08:06:40.000,2026-06-22 06:53:20.000000,2026-06-22 06:53:12,228.0,5.0,31,4.0,74.0,3.0,43.0,151,WebSocket support for HTTPX.,1496.0,1388.0,18.0,28,True,,2026-03-28 14:12:06.000,0.9.0,28.0,440.0,6037789.0,,conda-forge/httpx-ws,httpx-ws,https://pypi.org/project/httpx-ws,2026-03-28 14:11:11.000,108.0,6036440.0,https://anaconda.org/conda-forge/httpx-ws,2026-03-28 19:06:07.397,54902.0,3.0,,,,,,,,,,,,,,,,,
347,idom,idom-team/idom,web-ui,,https://github.com/reactive-python/reactpy,https://github.com/reactive-python/reactpy,MIT,2019-02-19 05:25:54.000,2026-06-29 23:30:09.000000,2026-06-29 23:30:09,1417.0,2.0,328,52.0,606.0,49.0,339.0,8143,"Its React, but in Python.",283.0,273.0,27.0,27,True,,2026-02-17 05:52:27.000,@reactpy/client-v1.1.0,109.0,,666.0,reactive-python/reactpy,,idom,https://pypi.org/project/idom,2023-02-26 19:45:00.617,10.0,666.0,,,,3.0,,,,,,,,,,,,,,,,,
348,xadmin,sshwsfc/xadmin,admin-ui,,https://github.com/sshwsfc/xadmin,https://github.com/sshwsfc/xadmin,BSD-3-Clause,2012-11-19 06:21:50.000,2025-12-16 05:44:15.000000,2019-04-03 03:05:04,1296.0,,1394,270.0,168.0,386.0,200.0,4774,"Drop-in replacement of Django admin comes with lots of goodies, fully extensible with plugin support, pretty UI based..",816.0,816.0,51.0,27,False,,2022-09-24 08:54:19.425,2.0.4,4.0,,108.0,,,xadmin2,https://pypi.org/project/xadmin2,2022-09-24 08:54:19.425,,108.0,,,,3.0,,,,,,,,,,,,,,,,,
349,websockify,novnc/websockify,websocket,,https://github.com/novnc/websockify,https://github.com/novnc/websockify,LGPL-3.0,2011-01-12 22:51:17.000,2026-05-24 13:50:03.000000,2026-05-24 13:50:02,997.0,6.0,834,134.0,223.0,40.0,349.0,4418,Websockify is a WebSocket to TCP proxy/bridge. This allows a browser to connect to any application/server/service.,67.0,45.0,104.0,27,True,,2025-05-26 14:40:12.000,0.13.0,13.0,,324937.0,,conda-forge/websockify,websockify,https://pypi.org/project/websockify,2025-05-26 14:40:12.000,22.0,321147.0,https://anaconda.org/conda-forge/websockify,2025-09-04 22:04:57.628,272943.0,3.0,,,,,,,,,,,,,,,,,
350,Dredd,apiaryio/dredd,testing,,https://github.com/apiaryio/dredd,https://github.com/apiaryio/dredd,MIT,2013-09-04 12:21:35.000,2024-05-11 13:19:25.000000,2023-07-19 20:05:32,3310.0,,282,1.0,1510.0,260.0,575.0,4225,Language-agnostic HTTP API Testing Tool.,1271.0,1230.0,111.0,27,False,['openapi'],2021-11-16 12:38:08.000,dredd-transactions@10.1.0,223.0,,71438.0,,,dredd_hooks,https://pypi.org/project/dredd_hooks,2018-04-09 12:47:29.000,,7861.0,,,,3.0,,dredd,https://www.npmjs.com/package/dredd,2021-11-16 12:36:05.644,41.0,63577.0,,,,,,,,,,,
351,scdl,flyingrub/scdl,third-party-apis,,https://github.com/scdl-org/scdl,https://github.com/scdl-org/scdl,GPL-2.0,2014-10-02 19:37:42.000,2026-06-10 09:47:20.000000,2026-06-10 09:46:54,382.0,4.0,390,65.0,152.0,112.0,322.0,4043,Soundcloud Music Downloader.,435.0,430.0,53.0,27,True,,2026-06-10 09:47:20.000,3.0.6,88.0,,4149.0,scdl-org/scdl,,scdl,https://pypi.org/project/scdl,2026-06-10 09:47:20.000,5.0,4149.0,,,,3.0,,,,,,,,,,,,,,,,,
352,pytrends,GeneralMills/pytrends,web-scraping,,https://github.com/GeneralMills/pytrends,https://github.com/GeneralMills/pytrends,Apache-2.0,2014-10-08 17:47:24.000,2025-04-22 14:57:40.707000,2023-04-22 10:13:29,635.0,,866,6.0,161.0,145.0,339.0,3723,Pseudo API for Google Trends.,67.0,,85.0,27,False,,2023-04-13 23:18:01.543,4.9.2,30.0,,1359614.0,,conda-forge/pytrends,pytrends,https://pypi.org/project/pytrends,2023-04-13 23:18:01.543,67.0,1359169.0,https://anaconda.org/conda-forge/pytrends,2025-04-22 14:57:40.707,30299.0,2.0,,,,,,,,,,,,,,,,,
353,sync-engine,nylas/sync-engine,email,,https://github.com/nylas/sync-engine,https://github.com/nylas/sync-engine,AGPL-3.0,2014-01-15 18:18:17.000,2026-06-25 18:21:11.000000,2026-06-25 18:21:11,4396.0,1.0,347,177.0,143.0,69.0,263.0,3505,IMAP/SMTP sync system with modern APIs.,7.0,,80.0,27,True,,2026-06-16 15:55:08.000,6.16.0,95.0,,351088.0,,,nylas,https://pypi.org/project/nylas,2026-06-16 15:55:08.000,7.0,351088.0,,,,2.0,,,,,,,,,,,,,,,,,
354,python-twitter,bear/python-twitter,third-party-apis,,https://github.com/bear/python-twitter,https://github.com/bear/python-twitter,Apache-2.0,2012-09-12 06:51:02.000,2024-08-07 23:14:50.000000,2024-08-07 23:14:50,1106.0,,955,4.0,307.0,102.0,315.0,3410,A Python wrapper around the Twitter API.,99.0,,171.0,27,False,,2018-09-29 23:52:35.000,3.5,24.0,,96536.0,,,python-twitter,https://pypi.org/project/python-twitter,2018-11-03 12:32:06.000,99.0,96536.0,,,,3.0,,,,,,,,,,,,,,,,,
355,django-shop,awesto/django-shop,django-utils,,https://github.com/awesto/django-shop,https://github.com/awesto/django-shop,BSD-3-Clause,2010-11-19 11:15:48.000,2023-10-19 01:09:56.000000,2021-02-28 18:04:57,5402.0,,1034,166.0,501.0,104.0,293.0,3317,A Django based shop system.,239.0,230.0,97.0,27,False,['django'],2021-02-02 21:13:24.000,1.2.4,47.0,,382.0,,,django-shop,https://pypi.org/project/django-shop,2021-02-02 21:13:24.000,9.0,382.0,,,,3.0,,,,,,,,,,,,,,,,,
356,bjoern,jonashaag/bjoern,servers,,https://github.com/jonashaag/bjoern,https://github.com/jonashaag/bjoern,BSD-2-Clause,2010-03-01 23:46:47.000,2025-08-29 07:26:11.018000,2022-09-11 18:40:12,473.0,,188,79.0,85.0,37.0,135.0,3044,A screamingly fast Python 2/3 WSGI server written in C.,914.0,847.0,44.0,27,False,,2022-09-19 16:03:06.582,3.2.2,30.0,,56070.0,,conda-forge/bjoern,bjoern,https://pypi.org/project/bjoern,2022-09-19 16:03:06.582,67.0,52103.0,https://anaconda.org/conda-forge/bjoern,2025-08-29 07:26:11.018,273730.0,3.0,,,,,,,,,,,,,,,,,
357,Grab,lorien/grab,web-scraping,,https://github.com/lorien/grab,https://github.com/lorien/grab,MIT,2013-05-01 08:10:22.000,2025-09-19 10:51:17.000000,2025-09-19 10:51:14,2587.0,,275,83.0,181.0,2.0,222.0,2462,Web Scraping Framework.,444.0,439.0,67.0,27,True,,2025-09-18 14:33:58.000,1.2.0,124.0,,3347.0,,,grab,https://pypi.org/project/grab,2025-09-18 14:33:58.000,5.0,3347.0,,,,2.0,,,,,,,,,,,,,,,,,
358,django-suit,darklow/django-suit,admin-ui,,https://github.com/darklow/django-suit,https://github.com/darklow/django-suit,AFL-3.0,2013-02-17 11:59:33.000,2025-05-27 14:06:26.000000,2025-05-27 14:06:21,768.0,,705,111.0,172.0,299.0,358.0,2408,Modern theme for Django admin interface.,3368.0,3357.0,60.0,27,False,['django'],2019-10-02 08:36:30.000,0.2.28,47.0,,28414.0,,,django-suit,https://pypi.org/project/django-suit,2022-11-29 19:58:01.176,11.0,28414.0,,,,3.0,,,,,,,,,,,,,,,,,
359,fastapi-utils,dmontagu/fastapi-utils,fastapi-utils,,https://github.com/fastapiutils/fastapi-utils,https://github.com/fastapiutils/fastapi-utils,MIT,2020-01-19 22:34:25.000,2025-03-03 19:47:13.000000,2024-11-15 10:26:47,37.0,,167,20.0,294.0,53.0,35.0,2308,Reusable utilities for FastAPI.,5275.0,5163.0,6.0,27,False,['fastapi'],2024-11-11 08:30:01.000,0.8.0,7.0,,1072946.0,fastapiutils/fastapi-utils,,fastapi-utils,https://pypi.org/project/fastapi-utils,2024-11-11 08:30:01.000,112.0,1072946.0,,,,2.0,,,,,,,,,,,,,,,,,
360,django-rules,dfunckt/django-rules,auth,,https://github.com/dfunckt/django-rules,https://github.com/dfunckt/django-rules,MIT,2014-03-06 20:46:57.000,2025-10-11 06:42:08.000000,2025-10-11 06:42:08,219.0,,153,37.0,86.0,41.0,87.0,1977,"Awesome Django authorization, without the database.",56.0,,34.0,27,True,['django'],2024-09-02 16:01:04.000,3.5.0,22.0,,501963.0,,,rules,https://pypi.org/project/rules,2024-09-02 16:01:44.000,56.0,501963.0,,,,3.0,,,,,,,,,,,,,,,,,
361,flanker,mailgun/flanker,email,,https://github.com/mailgun/flanker,https://github.com/mailgun/flanker,Apache-2.0,2013-11-14 01:07:11.000,2026-04-08 18:49:25.000000,2026-04-08 18:48:56,384.0,4.0,206,83.0,178.0,75.0,39.0,1651,Python email address and Mime parsing library.,576.0,569.0,58.0,27,True,,2026-04-08 18:49:25.000,0.9.16,62.0,,31947.0,,,flanker,https://pypi.org/project/flanker,2019-12-05 16:08:20.000,7.0,31947.0,,,,2.0,,,,,,,,,,,,,,,,,
362,slacker,os/slacker,third-party-apis,,https://github.com/os/slacker,https://github.com/os/slacker,Apache-2.0,2014-03-12 15:13:32.000,2025-04-22 14:56:24.345000,2020-07-03 04:29:16,356.0,,246,2.0,94.0,30.0,61.0,1604,Full-featured Python interface for the Slack API.,3333.0,3216.0,45.0,27,False,,2020-02-15 09:06:13.000,0.14.0,57.0,,453921.0,,conda-forge/slacker,slacker,https://pypi.org/project/slacker,2020-02-15 09:06:13.000,117.0,410574.0,https://anaconda.org/conda-forge/slacker,2025-04-22 14:56:24.345,823601.0,3.0,,,,,,,,,,,,,,,,,
363,Django Facebook,tschellenbach/Django-facebook,third-party-apis,,https://github.com/tschellenbach/Django-facebook,https://github.com/tschellenbach/Django-facebook,BSD-3-Clause,2010-05-05 10:00:50.000,2021-11-28 03:00:31.000000,2018-04-16 21:33:15,1197.0,,561,78.0,182.0,134.0,335.0,1429,Facebook open graph api implementation using the Django web framework in python.,408.0,408.0,89.0,27,False,,2015-05-26 19:01:35.000,6.0.3,152.0,,1784.0,,,django-facebook,https://pypi.org/project/django-facebook,2015-05-26 19:01:35.000,,1784.0,,,,3.0,,,,,,,,,,,,,,,,,
364,django-lifecycle,rsinger86/django-lifecycle,django-utils,,https://github.com/rsinger86/django-lifecycle,https://github.com/rsinger86/django-lifecycle,MIT,2018-03-18 20:53:33.000,2026-06-14 10:05:47.000000,2026-06-14 10:04:46,344.0,3.0,96,15.0,107.0,18.0,66.0,1406,"Declarative model lifecycle hooks, an alternative to Signals.",509.0,483.0,42.0,27,True,['django'],2026-06-14 10:05:47.000,1.3.0,48.0,,248029.0,,,django-lifecycle,https://pypi.org/project/django-lifecycle,2026-06-14 10:05:47.000,26.0,248029.0,,,,3.0,,,,,,,,,,,,,,,,,
365,django-watson,etianen/django-watson,django-utils,,https://github.com/etianen/django-watson,https://github.com/etianen/django-watson,BSD-3-Clause,2011-08-20 17:50:53.000,2024-08-14 11:09:08.000000,2023-01-14 14:27:28,472.0,,128,28.0,91.0,23.0,201.0,1245,"Full-text multi-table search application for Django. Easy to install and use, with good performance.",845.0,835.0,45.0,27,False,['django'],2023-01-14 14:30:02.448,1.6.3,35.0,,125977.0,,,django-watson,https://pypi.org/project/django-watson,2023-01-14 14:30:02.448,10.0,125977.0,,,,3.0,,,,,,,,,,,,,,,,,
366,django-angular,jrief/django-angular,django-utils,,https://github.com/jrief/django-angular,https://github.com/jrief/django-angular,MIT,2013-03-11 09:12:53.000,2023-11-13 22:42:39.000000,2023-11-13 22:34:00,1536.0,,294,74.0,174.0,22.0,184.0,1232,Let AngularJS play well with Django.,687.0,677.0,67.0,27,False,['django'],2023-11-13 22:42:39.000,2.3.1,56.0,,5162.0,,,django-angular,https://pypi.org/project/django-angular,2023-11-13 22:42:39.000,10.0,5162.0,,,,3.0,,,,,,,,,,,,,,,,,
367,django-configurations,jazzband/django-configurations,django-utils,,https://github.com/jazzband/django-configurations,https://github.com/jazzband/django-configurations,BSD-3-Clause,2012-07-21 13:56:20.000,2025-12-15 20:21:25.000000,2024-11-18 23:53:09,512.0,,143,19.0,198.0,64.0,158.0,1136,A helper for organizing Django project settings by relying on well established programming patterns.,3461.0,3392.0,74.0,27,False,['django'],2024-03-27 11:40:53.000,2.5.1,25.0,,404234.0,,conda-forge/django-configurations,django-configurations,https://pypi.org/project/django-configurations,2024-03-27 11:40:53.000,69.0,402872.0,https://anaconda.org/conda-forge/django-configurations,2025-04-22 14:56:40.604,94043.0,3.0,,,,,,,,,,,,,,,,,
368,feincms,feincms/feincms,cms,,https://github.com/feincms/feincms,https://github.com/feincms/feincms,BSD-3-Clause,2009-01-27 20:34:16.000,2026-06-29 19:32:13.000000,2026-06-09 11:26:04,4082.0,4.0,238,38.0,286.0,26.0,420.0,1106,A Django-based CMS with a focus on extensibility and concise code.,15.0,,140.0,27,True,['django'],2026-02-11 09:42:20.000,26.2.1,121.0,,4769.0,,,feincms,https://pypi.org/project/feincms,2026-02-11 09:42:20.000,15.0,4769.0,,,,3.0,,,,,,,,,,,,,,,,,
369,mistletoe,miyuchina/mistletoe,markdown,,https://github.com/miyuchina/mistletoe,https://github.com/miyuchina/mistletoe,MIT,2017-07-09 10:57:29.000,2026-05-15 06:54:48.000000,2026-05-15 06:54:47,868.0,5.0,126,18.0,114.0,36.0,138.0,1055,"A fast, extensible and spec-compliant Markdown parser in pure Python.",1920.0,1738.0,43.0,27,True,,2025-12-07 16:24:42.000,1.5.1,32.0,2899.0,1316326.0,,,mistletoe,https://pypi.org/project/mistletoe,2025-12-07 16:18:59.000,182.0,1316300.0,,,,3.0,,,,,,,,,,,,,,,,,
370,livereload,lepture/python-livereload,servers,,https://github.com/lepture/python-livereload,https://github.com/lepture/python-livereload,BSD-3-Clause,2012-05-03 16:38:39.000,2026-05-23 00:36:54.000000,2026-05-23 00:36:54,405.0,1.0,151,28.0,124.0,58.0,108.0,1053,livereload server in python.,354.0,,62.0,27,True,,2024-12-18 13:42:31.000,2.7.1,33.0,,684718.0,,conda-forge/livereload,livereload,https://pypi.org/project/livereload,2024-12-18 13:41:56.000,354.0,672537.0,https://anaconda.org/conda-forge/livereload,2025-04-22 14:56:22.067,889267.0,3.0,,,,,,,,,,,,,,,,,
371,django-filebrowser,sehmaschine/django-filebrowser,django-utils,,https://github.com/sehmaschine/django-filebrowser,https://github.com/sehmaschine/django-filebrowser,BSD-3-Clause,2011-03-07 20:38:23.000,2024-10-14 12:11:01.000000,2024-10-14 12:11:00,924.0,,408,44.0,144.0,18.0,271.0,997,Media-Management with Grappelli.,1026.0,1022.0,37.0,27,False,['django'],2023-07-27 13:46:30.000,4.0.3,41.0,,23957.0,,,django-filebrowser,https://pypi.org/project/django-filebrowser,2023-07-27 13:46:30.000,4.0,23957.0,,,,3.0,,,,,,,,,,,,,,,,,
372,Model Bakery,model-bakers/model_bakery,testing,,https://github.com/model-bakers/model_bakery,https://github.com/model-bakers/model_bakery,Apache-2.0,2019-10-08 12:49:08.000,2026-06-30 11:53:10.000000,2026-06-30 11:53:10,514.0,23.0,106,12.0,443.0,15.0,148.0,993,Object factory for Django.,116.0,,70.0,27,True,['django'],2026-06-23 21:55:21.000,1.24.0,54.0,,1774294.0,,conda-forge/model_bakery,model_bakery,https://pypi.org/project/model_bakery,2026-06-23 21:55:21.000,116.0,1773753.0,https://anaconda.org/conda-forge/model_bakery,2025-04-22 14:57:22.717,41189.0,3.0,,,,,,,,,,,,,,,,,
373,extruct,scrapinghub/extruct,web-scraping,,https://github.com/scrapinghub/extruct,https://github.com/scrapinghub/extruct,BSD-3-Clause,2015-10-26 11:51:21.000,2026-04-01 23:30:09.000000,2025-03-24 11:06:18,557.0,,120,104.0,150.0,54.0,61.0,966,Extract embedded metadata from HTML markup.,1488.0,1450.0,40.0,27,False,,2024-11-08 14:59:22.000,0.18.0,26.0,,500083.0,,,extruct,https://pypi.org/project/extruct,2024-11-08 14:59:22.000,38.0,500083.0,,,,2.0,,,,,,,,,,,,,,,,,
374,django-nose,jazzband/django-nose,testing,,https://github.com/jazzband/django-nose,https://github.com/jazzband/django-nose,BSD-3-Clause,2009-10-01 17:53:27.000,2023-08-25 15:56:54.000000,2021-10-22 14:38:03,379.0,,236,19.0,122.0,102.0,133.0,885,Django test runner using nose.,10101.0,10024.0,63.0,27,False,['django'],2020-08-20 02:49:13.000,1.4.7,18.0,,358589.0,,,django-nose,https://pypi.org/project/django-nose,2020-08-20 02:49:13.000,77.0,358589.0,,,,3.0,,,,,,,,,,,,,,,,,
375,starlette context,tomwojcik/starlette-context,monitoring,,https://github.com/tomwojcik/starlette-context,https://github.com/tomwojcik/starlette-context,MIT,2019-11-01 16:32:04.000,2026-06-24 04:02:35.000000,2026-04-01 20:35:22,217.0,,29,8.0,199.0,2.0,38.0,612,Middleware for Starlette that allows you to store and access the context data of a request. Can be used with logging..,1675.0,1582.0,11.0,27,True,['fastapi'],2026-02-28 11:32:01.000,0.5.1,21.0,,2362374.0,,,starlette-context,https://pypi.org/project/starlette-context,2026-02-28 11:32:01.000,93.0,2362374.0,,,,2.0,,,,,,,,,,,,,,,,,
376,trustme,python-trio/trustme,others,,https://github.com/python-trio/trustme,https://github.com/python-trio/trustme,MIT,2017-07-17 18:13:54.000,2026-07-01 12:42:43.000000,2026-07-01 12:42:41,951.0,6.0,32,8.0,682.0,4.0,31.0,603,"#1 quality TLS certs while you wait, for the discerning tester.",1823.0,1771.0,25.0,27,True,,2025-01-02 02:04:55.000,1.2.1,16.0,18.0,889977.0,,conda-forge/trustme,trustme,https://pypi.org/project/trustme,2025-01-02 01:55:30.000,52.0,889423.0,https://anaconda.org/conda-forge/trustme,2025-04-22 14:57:39.232,37675.0,3.0,,,,,,,,,,,,,,,,,
377,Flask-Moment,miguelgrinberg/Flask-Moment,flask-utils,,https://github.com/miguelgrinberg/Flask-Moment,https://github.com/miguelgrinberg/Flask-Moment,MIT,2013-10-24 04:17:57.000,2026-05-14 19:43:09.000000,2026-05-14 19:43:06,108.0,3.0,49,13.0,47.0,1.0,52.0,380,Formatting of dates and times in Flask templates using moment.js.,25407.0,25377.0,22.0,27,True,['flask'],2024-05-28 22:20:43.000,1.0.6,24.0,,148576.0,,conda-forge/flask-moment,flask-moment,https://pypi.org/project/flask-moment,2024-05-28 22:20:40.000,30.0,146065.0,https://anaconda.org/conda-forge/flask-moment,2025-04-22 14:56:27.804,155700.0,2.0,,,,,,,,,,,,,,,,,
378,GoAccess,allinurl/goaccess,monitoring,,https://github.com/allinurl/goaccess,https://github.com/allinurl/goaccess,MIT,2013-07-14 03:42:08.000,2026-06-11 23:17:41.000000,2026-06-11 23:17:41,4446.0,6.0,1179,292.0,397.0,444.0,2008.0,20677,GoAccess is a real-time web log analyzer and interactive viewer that runs in a terminal in *nix systems or through..,24.0,24.0,186.0,26,True,,,,,,,,,,,,,,,,,3.0,,,,,,,,goaccess,,,,,,,,goaccess,
379,pyspider,binux/pyspider,web-scraping,,https://github.com/binux/pyspider,https://github.com/binux/pyspider,Apache-2.0,2014-02-21 19:18:47.000,2024-04-30 19:43:29.000000,2020-08-02 17:34:20,1181.0,,3672,1.0,172.0,301.0,549.0,17031,A Powerful Spider(Web Crawler) System in Python.,359.0,355.0,62.0,26,False,,2018-04-18 04:25:22.000,0.3.10,17.0,,420.0,,,pyspider,https://pypi.org/project/pyspider,2018-04-18 04:17:18.000,4.0,420.0,,,,3.0,,,,,,,,,,,,,,,,,
380,http-prompt,httpie/http-prompt,http-clients,,https://github.com/httpie/http-prompt,https://github.com/httpie/http-prompt,MIT,2016-04-06 07:24:35.000,2024-05-21 06:03:21.000000,2022-01-21 21:56:58,391.0,,339,160.0,108.0,54.0,54.0,9100,"An interactive command-line HTTP and API testing client built on top of HTTPie featuring autocomplete, syntax..",63.0,60.0,29.0,26,False,,2021-03-05 14:17:53.000,2.1.0,24.0,,2012.0,,,http-prompt,https://pypi.org/project/http-prompt,2021-03-05 14:02:14.000,3.0,2012.0,,,,3.0,,,,,,,,,,,,,,,,,
381,PyWebIO,pywebio/PyWebIO,web-ui,,https://github.com/pywebio/PyWebIO,https://github.com/pywebio/PyWebIO,MIT,2020-02-29 10:28:10.000,2025-04-08 13:35:34.000000,2025-04-08 13:34:10,973.0,,392,52.0,67.0,31.0,226.0,4825,Write interactive web app in script way.,2018.0,1971.0,19.0,26,False,,2025-04-04 15:25:46.000,1.8.4,35.0,,7268.0,,,pywebio,https://pypi.org/project/pywebio,2025-04-04 15:25:46.000,47.0,7268.0,,,,3.0,,,,,,,,,,,,,,,,,
382,httprunner,httprunner/httprunner,testing,,https://github.com/httprunner/httprunner,https://github.com/httprunner/httprunner,Apache-2.0,2017-06-13 03:54:29.000,2025-12-11 16:50:50.000000,2025-08-18 13:50:01,4912.0,,1286,145.0,403.0,499.0,777.0,4281,HttpRunner API/UI.,7.0,,54.0,26,True,,2023-09-19 09:11:28.000,4.3.6,152.0,4274790.0,56106.0,,,httprunner,https://pypi.org/project/httprunner,2023-07-23 06:59:10.000,7.0,13359.0,,,,3.0,,,,,,,,,,,,,,,,,
383,python-goose,grangier/python-goose,web-scraping,,https://github.com/grangier/python-goose,https://github.com/grangier/python-goose,Apache-2.0,2012-01-08 20:52:44.000,2026-03-10 10:24:55.000000,2026-03-10 10:21:04,485.0,,831,194.0,117.0,107.0,94.0,4095,"Html Content / Article Extractor, web scrapping lib in Python.",27.0,,36.0,26,True,,2025-11-30 00:02:41.000,3.1.21,32.0,,83918.0,,,goose3,https://pypi.org/project/goose3,2025-11-30 00:02:41.000,27.0,83918.0,,,,3.0,,,,,,,,,,,,,,,,,
384,pyppeteer,miyakogi/pyppeteer,testing,,https://github.com/miyakogi/pyppeteer,https://github.com/miyakogi/pyppeteer,MIT,2017-08-28 16:39:17.000,2025-04-22 14:57:00.898000,2020-05-08 09:48:22,788.0,,367,1.0,73.0,154.0,100.0,3917,Headless chrome/chromium automation library (unofficial port of puppeteer).,359.0,,24.0,26,False,,2024-02-18 03:02:41.000,2.0.0,35.0,,1386739.0,,conda-forge/pyppeteer,pyppeteer,https://pypi.org/project/pyppeteer,2024-02-18 03:02:41.000,359.0,1380602.0,https://anaconda.org/conda-forge/pyppeteer,2025-04-22 14:57:00.898,429595.0,3.0,,,,,,,,,,,,,,,,,
385,django-jet,geex-arts/django-jet,admin-ui,,https://github.com/geex-arts/django-jet,https://github.com/geex-arts/django-jet,AGPL-3.0,2015-07-29 21:35:35.000,2025-11-26 22:21:07.000000,2025-11-26 22:21:06,892.0,,772,112.0,178.0,301.0,132.0,3628,Modern responsive template for the Django admin interface with improved functionality. We are proud to announce..,3402.0,3395.0,29.0,26,True,['django'],2018-10-18 06:39:57.000,1.0.8,25.0,,19916.0,,,django-jet,https://pypi.org/project/django-jet,2018-10-18 06:34:50.000,7.0,19916.0,,,,3.0,,,,,,,,,,,,,,,,,
386,quart,pgjones/quart,web-frameworks,,https://github.com/pgjones/quart,https://github.com/pgjones/quart,MIT,2020-05-21 11:25:28.304,2025-04-22 14:56:59.887000,2022-07-06 20:18:54,944.0,,190,,1.0,1.0,,3507,Quart is a Python ASGI web microframework with the same API as Flask.,230.0,,68.0,26,False,,2024-12-23 13:53:02.000,0.20.0,65.0,,3206528.0,,conda-forge/quart,quart,https://pypi.org/project/quart,2024-12-23 13:53:02.000,230.0,3204606.0,https://anaconda.org/conda-forge/quart,2025-04-22 14:56:59.887,142251.0,3.0,,,,,,,,,,,,,,,,,
387,Misago,rafalp/Misago,web-ui,,https://github.com/rafalp/Misago,https://github.com/rafalp/Misago,GPL-2.0,2012-06-22 14:24:02.000,2026-07-02 00:12:03.000000,2026-07-02 00:12:01,5546.0,35.0,542,79.0,643.0,166.0,1307.0,2733,"Misago is fully featured modern forum application that is fast, scalable and responsive.",53.0,53.0,49.0,26,True,,2026-06-19 18:40:11.000,0.39.6,75.0,,,,,,,,,,,,,3.0,,,,,,,,,,,,,,,,,
388,flaskbb,flaskbb/flaskbb,web-ui,,https://github.com/flaskbb/flaskbb,https://github.com/flaskbb/flaskbb,,2013-09-11 08:39:17.000,2026-06-18 21:26:40.000000,2026-05-13 22:13:08,2084.0,28.0,663,107.0,363.0,29.0,326.0,2663,A classic Forum Software in Python using Flask.,45.0,35.0,76.0,26,False,['flask'],2026-02-18 18:51:17.000,2.2.0,5.0,,318.0,,,FlaskBB,https://pypi.org/project/FlaskBB,2026-02-18 18:47:58.000,10.0,318.0,,,,3.0,,,,,,,,,,,,,,,,,
389,twitterscraper,taspinar/twitterscraper,third-party-apis,,https://github.com/taspinar/twitterscraper,https://github.com/taspinar/twitterscraper,MIT,2016-06-16 06:51:10.000,2022-10-05 15:48:52.000000,2020-07-28 11:36:45,262.0,,591,84.0,91.0,144.0,155.0,2463,Scrape Twitter for Tweets.,532.0,530.0,34.0,26,False,,2020-07-28 11:38:17.000,1.6.1,47.0,,1205.0,,,twitterscraper,https://pypi.org/project/twitterscraper,2020-07-28 11:38:17.000,2.0,1205.0,,,,3.0,,,,,,,,,,,,,,,,,
390,django-push-notifications,jazzband/django-push-notifications,django-utils,,https://github.com/jazzband/django-push-notifications,https://github.com/jazzband/django-push-notifications,MIT,2013-03-15 00:57:33.000,2026-06-23 16:02:59.000000,2026-05-11 15:11:02,498.0,2.0,634,59.0,367.0,126.0,326.0,2389,Send push notifications to mobile devices through GCM or APNS in Django.,12.0,,115.0,26,True,['django'],2025-11-16 06:45:50.000,3.3.0,22.0,186.0,269252.0,,,django-push-notifications,https://pypi.org/project/django-push-notifications,2025-11-16 06:45:50.000,12.0,269251.0,,,,3.0,,,,,,,,,,,,,,,,,
391,offlineimap,OfflineIMAP/offlineimap,email,,https://github.com/OfflineIMAP/offlineimap,https://github.com/OfflineIMAP/offlineimap,,2012-07-23 15:28:58.000,2026-06-08 15:29:47.419000,2023-03-30 11:19:04,2415.0,,362,47.0,208.0,100.0,433.0,1857,Read/sync your IMAP mailboxes (python2) [LEGACY: move to offlineimap3].,32.0,31.0,164.0,26,False,,2026-06-08 09:48:17.000,8.0.3,44.0,,2473.0,,conda-forge/offlineimap,offlineimap,https://pypi.org/project/offlineimap,2026-06-08 09:48:17.000,1.0,1144.0,https://anaconda.org/conda-forge/offlineimap,2026-06-08 15:29:47.419,77122.0,3.0,,,,,,,,,,,,,,,,,
392,requestium,tryolabs/requestium,testing,,https://github.com/tryolabs/requestium,https://github.com/tryolabs/requestium,BSD-3-Clause,2017-06-30 19:07:16.000,2026-07-01 15:24:28.000000,2026-07-01 14:33:05,284.0,15.0,145,60.0,168.0,8.0,34.0,1837,Integration layer between Requests and Selenium for automation of web actions.,115.0,109.0,18.0,26,True,,2026-01-19 16:59:35.000,0.5.1,23.0,,72178.0,,,requestium,https://pypi.org/project/requestium,2026-01-19 16:59:35.000,6.0,72178.0,,,,3.0,,,,,,,,,,,,,,,,,
393,django-admin-bootstrapped,django-admin-bootstrapped/django-admin-bootstrapped,admin-ui,,https://github.com/django-admin-bootstrapped/django-admin-bootstrapped,https://github.com/django-admin-bootstrapped/django-admin-bootstrapped,Apache-2.0,2012-10-23 06:35:27.000,2021-08-15 05:01:34.000000,2020-07-10 10:16:08,437.0,,386,84.0,117.0,35.0,129.0,1580,"A Django admin theme using Twitter Bootstrap. It doesnt need any kind of modification on your side, just add it to the..",1622.0,1618.0,65.0,26,False,['django'],2015-12-15 08:53:11.000,2.5.7,45.0,,2972.0,,,django-admin-bootstrapped,https://pypi.org/project/django-admin-bootstrapped,2015-12-15 08:51:59.000,4.0,2972.0,,,,3.0,,,,,,,,,,,,,,,,,
394,flask-graphql,graphql-python/flask-graphql,graphql,,https://github.com/graphql-python/flask-graphql,https://github.com/graphql-python/flask-graphql,MIT,2016-01-23 09:20:02.000,2025-04-22 14:57:12.186000,2020-08-07 18:38:18,97.0,,141,25.0,38.0,42.0,25.0,1339,Adds GraphQL support to your Flask application.,3817.0,3777.0,15.0,26,False,"['flask', 'graphql']",2019-12-05 15:32:32.000,2.0.1,10.0,,904073.0,,conda-forge/flask-graphql,flask-graphql,https://pypi.org/project/flask-graphql,2019-12-05 15:32:32.000,40.0,903709.0,https://anaconda.org/conda-forge/flask-graphql,2025-04-22 14:57:12.186,29928.0,2.0,,,,,,,,,,,,,,,,,
395,emmett,emmett-framework/emmett,web-frameworks,,https://github.com/emmett-framework/emmett,https://github.com/emmett-framework/emmett,BSD-3-Clause,2014-10-20 20:23:26.000,2026-07-02 09:33:58.000000,2026-07-02 09:33:54,1701.0,3.0,73,29.0,97.0,40.0,325.0,1227,The web framework for inventors.,103.0,95.0,25.0,26,True,,2026-04-07 09:44:27.000,2.8.1,100.0,,590.0,,,emmett,https://pypi.org/project/emmett,2026-04-07 09:44:27.000,8.0,590.0,,,,3.0,,,,,,,,,,,,,,,,,
396,gevent-socketio,abourget/gevent-socketio,websocket,,https://github.com/abourget/gevent-socketio,https://github.com/abourget/gevent-socketio,BSD-3-Clause,2012-01-11 15:18:14.000,2022-09-17 20:57:58.000000,2016-09-03 23:19:38,565.0,,331,68.0,112.0,108.0,68.0,1214,Official repository for gevent-socketio.,1413.0,1407.0,60.0,26,False,,2014-02-03 05:14:23.000,0.3.6,9.0,,1597.0,,,gevent-socketio,https://pypi.org/project/gevent-socketio,2014-02-03 05:14:23.000,6.0,1597.0,,,,3.0,,,,,,,,,,,,,,,,,
397,Flask-User,lingthio/Flask-User,auth,,https://github.com/lingthio/Flask-User,https://github.com/lingthio/Flask-User,MIT,2014-02-19 23:57:57.000,2025-04-22 14:56:27.652000,2019-12-18 13:33:49,666.0,,293,40.0,119.0,125.0,126.0,1075,"Customizable User Authorization & User Management: Register, Confirm, Login, Change username/password, Forgot password..",2896.0,2886.0,39.0,26,False,['flask'],2018-04-16 17:42:06.000,0.6.21,54.0,,9837.0,,conda-forge/flask-user,flask-user,https://pypi.org/project/flask-user,2019-11-30 11:59:14.000,10.0,6313.0,https://anaconda.org/conda-forge/flask-user,2025-04-22 14:56:27.652,218547.0,3.0,,,,,,,,,,,,,,,,,
398,django-jenkins,kmmbvnr/django-jenkins,django-utils,,https://github.com/kmmbvnr/django-jenkins,https://github.com/kmmbvnr/django-jenkins,LGPL-3.0,2010-07-02 08:55:14.000,2022-03-29 15:06:39.000000,2017-02-16 12:03:00,544.0,,279,23.0,153.0,19.0,219.0,946,Plug and play continuous integration with django and jenkins.,1447.0,1438.0,72.0,26,False,['django'],2016-09-15 09:54:04.000,0.110.0,19.0,,30426.0,,,django-jenkins,https://pypi.org/project/django-jenkins,2016-09-15 09:54:04.000,9.0,30426.0,,,,3.0,,,,,,,,,,,,,,,,,
399,sockjs-tornado,mrjoes/sockjs-tornado,websocket,,https://github.com/mrjoes/sockjs-tornado,https://github.com/mrjoes/sockjs-tornado,MIT,2011-12-06 20:41:39.000,2025-04-22 14:57:56.501000,2023-05-10 16:47:01,195.0,,162,48.0,53.0,37.0,39.0,849,WebSocket emulation - Python server.,2317.0,2302.0,36.0,26,False,,2020-04-24 15:02:06.000,1.0.7,11.0,,25289.0,,conda-forge/sockjs-tornado,sockjs-tornado,https://pypi.org/project/sockjs-tornado,2020-04-24 15:02:06.000,15.0,25233.0,https://anaconda.org/conda-forge/sockjs-tornado,2025-04-22 14:57:56.501,3379.0,3.0,,,,,,,,,,,,,,,,,
400,django-easy-audit,soynatan/django-easy-audit,django-utils,,https://github.com/soynatan/django-easy-audit,https://github.com/soynatan/django-easy-audit,GPL-3.0,2016-10-23 06:55:16.000,2026-06-30 03:07:29.000000,2026-06-30 03:04:43,342.0,7.0,200,13.0,177.0,109.0,85.0,844,"Yet another Django audit log app, hopefully the simplest one.",379.0,374.0,57.0,26,True,['django'],2026-06-30 03:07:39.000,1.3.9,70.0,,134338.0,,,django-easy-audit,https://pypi.org/project/django-easy-audit,2026-06-30 03:07:29.000,5.0,134338.0,,,,3.0,,,,,,,,,,,,,,,,,
401,flask-apispec,jmcarp/flask-apispec,flask-utils,,https://github.com/jmcarp/flask-apispec,https://github.com/jmcarp/flask-apispec,MIT,2015-07-13 02:46:44.000,2025-05-04 14:03:06.000000,2025-05-04 14:03:05,225.0,,153,19.0,96.0,116.0,71.0,653,Build and document REST APIs with Flask and apispec.,1889.0,1861.0,32.0,26,False,['flask'],2022-08-11 23:33:04.168,0.11.4,30.0,,377076.0,,conda-forge/flask-apispec,flask-apispec,https://pypi.org/project/flask-apispec,2022-08-11 23:33:04.168,28.0,372280.0,https://anaconda.org/conda-forge/flask-apispec,2025-04-22 14:56:31.952,354977.0,2.0,,,,,,,,,,,,,,,,,
402,pytest-flask,pytest-dev/pytest-flask,testing,,https://github.com/pytest-dev/pytest-flask,https://github.com/pytest-dev/pytest-flask,MIT,2014-09-03 12:51:29.000,2026-05-25 21:24:22.000000,2025-01-07 05:26:45,372.0,,90,10.0,119.0,16.0,72.0,499,A set of pytest fixtures to test Flask applications.,201.0,,38.0,26,False,['flask'],2023-10-23 14:53:24.000,1.3.0,30.0,22.0,1549622.0,,conda-forge/pytest-flask,pytest-flask,https://pypi.org/project/pytest-flask,2023-10-23 14:53:18.000,201.0,1547103.0,https://anaconda.org/conda-forge/pytest-flask,2025-04-22 14:56:38.362,171333.0,3.0,,,,,,,,,,,,,,,,,
403,flask-assets,miracle2k/flask-assets,flask-utils,,https://github.com/miracle2k/flask-assets,https://github.com/miracle2k/flask-assets,BSD-2-Clause,2010-08-06 11:51:29.000,2025-04-22 14:56:29.104000,2023-12-15 13:55:26,284.0,,100,8.0,66.0,22.0,81.0,460,Flask webassets integration.,8305.0,8230.0,43.0,26,False,['flask'],2023-10-22 14:03:57.000,2.1.0,16.0,,173313.0,,conda-forge/flask-assets,flask-assets,https://pypi.org/project/flask-assets,2023-10-22 14:01:03.000,75.0,169552.0,https://anaconda.org/conda-forge/flask-assets,2025-04-22 14:56:29.104,120366.0,2.0,,,,,,,,,,,,,,,,,
404,flask_pydantic,bauerji/flask_pydantic,flask-utils,,https://github.com/pallets-eco/flask-pydantic,https://github.com/pallets-eco/flask-pydantic,MIT,2020-01-06 17:45:59.000,2025-12-22 02:58:51.000000,2025-12-22 02:57:30,220.0,,69,11.0,62.0,16.0,37.0,436,flask extension for integration with the awesome pydantic package.,913.0,902.0,24.0,26,True,['flask'],2025-12-22 02:59:36.000,0.14.0,28.0,36.0,495284.0,pallets-eco/flask-pydantic,,flask_pydantic,https://pypi.org/project/flask_pydantic,2025-12-22 02:58:51.000,11.0,495282.0,,,,2.0,,,,,,,,,,,,,,,,,
405,flask-paginate,lixxu/flask-paginate,flask-utils,,https://github.com/lixxu/flask-paginate,https://github.com/lixxu/flask-paginate,BSD-3-Clause,2012-10-07 12:21:45.000,2025-04-22 14:57:10.373000,2024-12-23 11:10:06,161.0,,79,5.0,35.0,10.0,69.0,288,Pagination support for flask.,3897.0,3882.0,28.0,26,False,['flask'],2024-04-12 02:19:26.000,2024.4.12,38.0,105.0,152722.0,,conda-forge/flask-paginate,flask-paginate,https://pypi.org/project/flask-paginate,2024-04-12 02:17:43.000,15.0,152102.0,https://anaconda.org/conda-forge/flask-paginate,2025-04-22 14:57:10.373,42759.0,2.0,,,,,,,,,,,,,,,,,
406,ipaddress,phihag/ipaddress,others,,https://github.com/phihag/ipaddress,https://github.com/phihag/ipaddress,PSF-2.0,2013-02-03 20:45:43.000,2025-04-22 14:56:26.258000,2019-10-18 01:30:15,123.0,,53,6.0,20.0,14.0,34.0,110,Python 3.3+s ipaddress for older Python versions.,41624.0,40964.0,7.0,26,False,,2019-10-18 01:30:27.000,1.0.23,22.0,,6050469.0,,conda-forge/ipaddress,ipaddress,https://pypi.org/project/ipaddress,2019-10-18 01:30:27.000,660.0,6042056.0,https://anaconda.org/conda-forge/ipaddress,2025-04-22 14:56:26.258,1001155.0,3.0,,,,,,,,,,,,,,,,,
407,pyscript,pyscript/pyscript,web-ui,,https://github.com/pyscript/pyscript,https://github.com/pyscript/pyscript,Apache-2.0,2022-02-21 04:55:20.000,2026-07-01 09:08:25.000000,2026-07-01 09:08:24,1331.0,6.0,1473,167.0,1269.0,22.0,840.0,18695,An open source platform for Python in the browser. https://pyscript.net Docs: https://docs.pyscript.net/ Try it:..,,,127.0,25,True,,2026-07-01 08:37:05.000,2026.7.1,50.0,675.0,13.0,,,,,,,,,,,3.0,,,,,,,,,,,,,,,,,
408,apistar,encode/apistar,openapi-utils,,https://github.com/encode/apistar,https://github.com/encode/apistar,BSD-3-Clause,2017-03-17 15:42:12.000,2026-01-07 09:32:09.056000,2021-08-31 09:48:33,768.0,,411,1.0,374.0,32.0,289.0,5571,The Web API toolkit.,842.0,787.0,91.0,25,False,['openapi'],2023-11-30 00:45:19.885,0.1.0,95.0,,38020.0,,conda-forge/apistar,apistar,https://pypi.org/project/apistar,2023-11-30 00:45:19.885,55.0,8166.0,https://anaconda.org/conda-forge/apistar,2026-01-07 09:32:09.056,179127.0,3.0,,,,,,,,,,,,,,,,,
409,fastapi-admin,fastapi-admin/fastapi-admin,admin-ui,,https://github.com/fastapi-admin/fastapi-admin,https://github.com/fastapi-admin/fastapi-admin,Apache-2.0,2020-04-06 05:09:44.000,2025-04-05 06:11:16.000000,2025-04-05 06:11:16,406.0,,461,44.0,51.0,75.0,73.0,3799,"A fast admin dashboard based on FastAPI and TortoiseORM with tabler ui, inspired by Django admin.",518.0,512.0,19.0,25,False,['fastapi'],2022-06-08 00:52:23.000,1.0.4,27.0,,19665.0,,,fastapi-admin,https://pypi.org/project/fastapi-admin,2022-06-08 00:52:23.000,6.0,19665.0,,,,3.0,,,,,,,,,,,,,,,,,
410,fastapi-admin/fastapi-admin,fastapi-admin/fastapi-admin,fastapi-utils,,https://github.com/fastapi-admin/fastapi-admin,https://github.com/fastapi-admin/fastapi-admin,Apache-2.0,2020-04-06 05:09:44.000,2025-04-05 06:11:16.000000,2025-04-05 06:11:16,406.0,,461,44.0,51.0,75.0,73.0,3799,"A fast admin dashboard based on FastAPI and TortoiseORM with tabler ui, inspired by Django admin.",518.0,512.0,19.0,25,False,['fastapi'],2022-06-08 00:52:23.000,1.0.4,27.0,,19665.0,,,fastapi-admin,https://pypi.org/project/fastapi-admin,2022-06-08 00:52:23.000,6.0,19665.0,,,,2.0,,,,,,,,,,,,,,,,,
411,robobrowser,jmcarp/robobrowser,web-scraping,,https://github.com/jmcarp/robobrowser,https://github.com/jmcarp/robobrowser,BSD-3-Clause,2014-02-08 21:29:49.000,2020-09-10 18:41:47.000000,2015-06-07 19:46:28,103.0,,339,103.0,31.0,59.0,30.0,3701,Your friendly neighborhood web scraper.,1035.0,986.0,10.0,25,False,,2015-06-07 19:47:05.000,0.5.3,13.0,,22747.0,,,robobrowser,https://pypi.org/project/robobrowser,2015-06-07 19:47:05.000,49.0,22747.0,,,,3.0,,,,,,,,,,,,,,,,,
412,Cactus,eudicots/Cactus,others,,https://github.com/eudicots/Cactus,https://github.com/eudicots/Cactus,BSD-3-Clause,2011-02-28 11:56:43.000,2023-08-28 12:33:33.000000,2017-07-31 02:40:23,667.0,,313,117.0,116.0,100.0,86.0,3472,Static site generator for designers. Uses Python and Django templates.,1274.0,1274.0,52.0,25,False,['django'],2021-12-15 15:49:39.278,3.0.0,20.0,,266.0,,,cactus,https://pypi.org/project/cactus,2021-12-15 15:49:39.278,,266.0,,,,3.0,,,,,,,,,,,,,,,,,
413,twitter,python-twitter-tools/twitter,third-party-apis,,https://github.com/python-twitter-tools/twitter,https://github.com/python-twitter-tools/twitter,MIT,2008-12-15 21:11:26.000,2025-02-10 18:45:41.000000,2025-02-10 18:45:40,753.0,,718,3.0,175.0,1.0,296.0,3285,Python Twitter API.,50.0,,94.0,25,False,,2022-09-19 22:45:26.007,1.19.6,60.0,,32814.0,,,twitter,https://pypi.org/project/twitter,2022-09-19 22:46:17.662,50.0,32814.0,,,,3.0,,,,,,,,,,,,,,,,,
414,telepot,nickoala/telepot,third-party-apis,,https://github.com/nickoala/telepot,https://github.com/nickoala/telepot,MIT,2015-07-09 03:06:53.000,2021-03-09 06:27:24.000000,2019-05-09 12:46:06,431.0,,476,1.0,38.0,107.0,325.0,2425,Python framework for Telegram Bot API.,4286.0,4263.0,10.0,25,False,,,,78.0,,14635.0,,,telepot,https://pypi.org/project/telepot,2018-05-26 16:26:54.000,23.0,14635.0,,,,3.0,,,,,,,,,,,,,,,,,
415,Wooey,wooey/wooey,web-ui,,https://github.com/wooey/Wooey,https://github.com/wooey/Wooey,BSD-3-Clause,2015-03-01 16:47:05.000,2026-05-19 22:52:50.000000,2026-04-16 15:58:40,971.0,9.0,190,57.0,194.0,55.0,168.0,2234,A Django app that creates automatic web UIs for Python scripts.,52.0,52.0,25.0,25,True,,2026-04-13 01:47:53.000,0.14.0,42.0,,147.0,,,wooey,https://pypi.org/project/wooey,2026-04-13 01:47:53.000,,147.0,,,,3.0,,,,,,,,,,,,,,,,,
416,web2py,web2py/web2py,web-frameworks,,https://github.com/web2py/web2py,https://github.com/web2py/web2py,LGPL-3.0,2008-11-07 06:08:58.000,2026-07-02 16:06:40.000000,2026-07-02 16:06:40,8573.0,142.0,908,203.0,1552.0,369.0,725.0,2169,Free and open source full-stack enterprise framework for agile development of secure database-driven web-based..,,,275.0,25,True,,2025-12-22 14:30:02.000,3.1.1,26.0,,,,,,,,,,,,,3.0,,,,,,,,,,,,,,,,,
417,django-money,django-money/django-money,django-utils,,https://github.com/django-money/django-money,https://github.com/django-money/django-money,BSD-3-Clause,2011-05-15 12:13:19.000,2026-06-15 22:07:51.000000,2026-06-15 22:07:51,1230.0,8.0,322,23.0,430.0,90.0,297.0,1778,Money fields for Django forms and models.,50.0,,127.0,25,True,['django'],2026-06-07 10:52:33.000,3.6.1,77.0,,,,,django-money,https://pypi.org/project/django-money,2026-06-07 10:52:33.000,50.0,,,,,3.0,,,,,,,,,-6.0,,,,,,,,
418,fastapi-crudrouter,awtkns/fastapi-crudrouter,fastapi-utils,,https://github.com/awtkns/fastapi-crudrouter,https://github.com/awtkns/fastapi-crudrouter,MIT,2020-12-19 20:58:44.000,2023-11-01 12:10:38.000000,2023-01-28 08:44:21,498.0,,178,14.0,90.0,65.0,43.0,1694,A dynamic FastAPI router that automatically creates CRUD routes for your models.,276.0,265.0,21.0,25,False,['fastapi'],2023-01-28 08:54:45.000,0.8.6,27.0,25.0,15594.0,,,fastapi-crudrouter,https://pypi.org/project/fastapi-crudrouter,2023-01-28 08:46:00.463,11.0,15594.0,,,,2.0,,,,,,,,,,,,,,,,,
419,python-react,markfinger/python-react,web-ui,,https://github.com/markfinger/python-react,https://github.com/markfinger/python-react,MIT,2014-12-02 00:12:53.000,2025-06-25 09:13:14.000000,2023-06-29 15:16:47,333.0,,115,34.0,38.0,10.0,63.0,1632,Server-side rendering of React components.,1943.0,1943.0,23.0,25,False,,2018-10-08 09:55:41.000,4.3.0,15.0,,7333.0,,,react,https://pypi.org/project/react,2018-10-08 09:55:41.000,,7333.0,,,,3.0,,,,,,,,,,,,,,,,,
420,rauth,litl/rauth,auth,,https://github.com/litl/rauth,https://github.com/litl/rauth,MIT,2012-03-02 14:18:54.000,2022-06-26 18:20:47.000000,2015-11-05 16:01:31,386.0,,174,2.0,98.0,39.0,89.0,1601,"A Python library for OAuth 1.0/a, 2.0, and Ofly.",61.0,,42.0,25,False,,2017-01-22 16:51:43.000,0.7.3,36.0,,924516.0,,,rauth,https://pypi.org/project/rauth,2017-01-22 16:51:43.000,61.0,924516.0,,,,3.0,,,,,,,,,,,,,,,,,
421,frontera,scrapinghub/frontera,web-scraping,,https://github.com/scrapinghub/frontera,https://github.com/scrapinghub/frontera,BSD-3-Clause,2014-11-22 15:42:50.000,2025-06-06 14:41:24.000000,2025-06-06 14:40:42,925.0,,218,152.0,262.0,95.0,78.0,1330,A scalable frontier for web crawlers.,49.0,43.0,42.0,25,False,,2025-06-06 14:41:24.000,0.7.2,23.0,,3226.0,,,frontera,https://pypi.org/project/frontera,2025-06-06 14:41:24.000,6.0,3226.0,,,,3.0,,,,,,,,,,,,,,,,,
422,django-devserver,dcramer/django-devserver,servers,,https://github.com/dcramer/django-devserver,https://github.com/dcramer/django-devserver,BSD-3-Clause,2010-02-09 20:35:52.000,2020-02-26 17:37:11.000000,2016-03-05 15:18:30,218.0,,158,29.0,72.0,59.0,28.0,1269,A drop-in replacement for Djangos runserver.,427.0,427.0,39.0,25,False,['django'],2014-05-02 19:10:18.000,0.8.0,24.0,,6590.0,,,django-devserver,https://pypi.org/project/django-devserver,2014-05-02 19:10:18.000,,6590.0,,,,3.0,,,,,,,,,,,,,,,,,
423,django-floppyforms,jazzband/django-floppyforms,django-utils,,https://github.com/jazzband/django-floppyforms,https://github.com/jazzband/django-floppyforms,MirOS,2010-11-24 23:21:33.000,2025-01-04 11:48:49.000000,2025-01-04 11:48:48,586.0,,149,26.0,95.0,40.0,99.0,840,Full control of form rendering in the templates.,2190.0,2175.0,51.0,25,False,['django'],2020-05-20 02:41:28.000,1.9.0,27.0,,27934.0,,,django-floppyforms,https://pypi.org/project/django-floppyforms,2020-05-20 02:41:28.000,15.0,27934.0,,,,3.0,,,,,,,,,,,,,,,,,
424,Flask-MonitoringDashboard,flask-dashboard/Flask-MonitoringDashboard,monitoring,,https://github.com/flask-dashboard/Flask-MonitoringDashboard,https://github.com/flask-dashboard/Flask-MonitoringDashboard,MIT,2017-04-11 13:50:14.000,2026-06-29 20:18:47.000000,2025-12-02 17:43:20,1695.0,,168,17.0,352.0,63.0,145.0,827,Automatically monitor the evolving performance of Flask/Python web services.,11.0,,48.0,25,True,['flask'],2025-11-14 15:03:38.000,5.0.2,61.0,,94269.0,,,flask-monitoringdashboard,https://pypi.org/project/flask-monitoringdashboard,2025-11-14 15:03:38.000,11.0,94269.0,,,,3.0,,,,,,,,,,,,,,,,,
425,opentracing-python,opentracing/opentracing-python,monitoring,,https://github.com/opentracing/opentracing-python,https://github.com/opentracing/opentracing-python,Apache-2.0,2016-01-06 22:57:00.000,2025-10-13 13:52:59.062000,2021-04-13 17:30:55,220.0,,161,3.0,105.0,28.0,33.0,755,OpenTracing API for Python. This library is DEPRECATED! https://github.com/opentracing/specification/issues/163.,167.0,,34.0,25,False,,2020-11-19 17:10:42.000,2.4.0,27.0,,703131.0,,conda-forge/opentracing,opentracing,https://pypi.org/project/opentracing,2020-11-19 17:10:42.000,167.0,695848.0,https://anaconda.org/conda-forge/opentracing,2025-10-13 13:52:59.062,502551.0,3.0,,,,,,,,,,,,,,,,,
426,prometheus-flask-exporter,rycus86/prometheus_flask_exporter,monitoring,,https://github.com/rycus86/prometheus_flask_exporter,https://github.com/rycus86/prometheus_flask_exporter,MIT,2017-11-23 20:04:19.000,2025-04-22 14:57:19.448000,2025-03-25 22:15:44,254.0,,164,7.0,39.0,42.0,109.0,685,Prometheus exporter for Flask applications.,81.0,,29.0,25,False,['flask'],2025-03-11 23:05:29.000,0.23.2,73.0,,3125743.0,,conda-forge/prometheus_flask_exporter,prometheus-flask-exporter,https://pypi.org/project/prometheus-flask-exporter,2025-03-11 23:05:29.000,81.0,3092472.0,https://anaconda.org/conda-forge/prometheus_flask_exporter,2025-04-22 14:57:19.448,2395539.0,3.0,,,,,,,,,,,,,,,,,
427,micawber,coleifer/micawber,web-scraping,,https://github.com/coleifer/micawber,https://github.com/coleifer/micawber,MIT,2012-03-27 21:42:46.000,2026-03-10 11:59:12.000000,2026-03-10 11:59:12,219.0,,89,16.0,53.0,,60.0,679,a small library for extracting rich content from urls.,3168.0,3146.0,28.0,25,True,,2026-01-07 16:30:14.000,0.6.2,29.0,,148856.0,,conda-forge/micawber,micawber,https://pypi.org/project/micawber,2026-01-07 16:30:14.000,22.0,148473.0,https://anaconda.org/conda-forge/micawber,2025-04-22 14:57:44.753,25330.0,3.0,,,,,,,,,,,,,,,,,
428,django-test-plus,revsys/django-test-plus,testing,,https://github.com/revsys/django-test-plus,https://github.com/revsys/django-test-plus,BSD-3-Clause,2015-05-23 16:08:52.000,2026-01-02 22:09:30.000000,2025-12-19 18:34:17,533.0,,63,9.0,166.0,10.0,54.0,636,Useful additions to Djangos default TestCase.,3494.0,3490.0,37.0,25,True,['django'],2025-12-19 18:34:25.000,2.4.1,41.0,,127842.0,,conda-forge/django-test-plus,django-test-plus,https://pypi.org/project/django-test-plus,2025-12-19 18:34:25.000,4.0,124006.0,https://anaconda.org/conda-forge/django-test-plus,2025-12-20 01:20:07.704,103598.0,3.0,,,,,,,,,,,,,,,,,
429,django-robots,jazzband/django-robots,django-utils,,https://github.com/jazzband/django-robots,https://github.com/jazzband/django-robots,BSD-3-Clause,2009-09-20 15:27:41.000,2026-05-25 17:35:05.000000,2023-12-09 12:55:54,339.0,,103,8.0,88.0,22.0,47.0,475,A Django app for managing robots.txt files following the robots exclusion protocol.,1614.0,1601.0,45.0,25,False,['django'],2023-09-07 12:15:53.000,6.1,29.0,,187937.0,,,django-robots,https://pypi.org/project/django-robots,2023-12-09 13:03:38.000,13.0,187937.0,,,,3.0,,,,,,,,,,,,,,,,,
430,flask-swagger,getsling/flask-swagger,openapi-utils,,https://github.com/getsling/flask-swagger,https://github.com/getsling/flask-swagger,MIT,2015-03-01 01:08:16.000,2025-04-22 14:56:35.632000,2020-09-29 10:30:18,120.0,,88,27.0,29.0,21.0,14.0,457,A swagger 2.0 spec extractor for flask.,14999.0,14950.0,24.0,25,False,['flask'],2019-03-26 11:27:48.000,0.2.14,17.0,,181796.0,,conda-forge/flask-swagger,flask-swagger,https://pypi.org/project/flask-swagger,2019-03-26 11:27:48.000,49.0,174505.0,https://anaconda.org/conda-forge/flask-swagger,2025-04-22 14:56:35.632,131254.0,3.0,,,,,,,,,,,,,,,,,
431,python-whois,joepie91/python-whois,others,,https://github.com/joepie91/python-whois,https://github.com/joepie91/python-whois,WTFPL,2013-01-30 15:34:02.000,2025-10-07 04:36:12.000000,2014-07-30 05:44:44,181.0,,207,32.0,51.0,108.0,35.0,427,A python module for retrieving and parsing WHOIS data.,751.0,577.0,7.0,25,False,,2025-10-07 04:36:12.000,0.9.6,29.0,,1778221.0,,,python-whois,https://pypi.org/project/python-whois,2025-10-07 04:36:12.000,174.0,1778221.0,,,,3.0,,,,,,,,,,,,,,,,,
432,pyshorteners,ellisonleao/pyshorteners,third-party-apis,,https://github.com/ellisonleao/pyshorteners,https://github.com/ellisonleao/pyshorteners,GPL-3.0,2013-09-30 18:33:24.000,2022-06-06 19:18:46.000000,2022-06-06 19:18:46,431.0,,65,,90.0,,,404,Generating short urls with python has never been easier.,18378.0,18326.0,24.0,25,False,,2020-03-19 17:55:20.000,1.0.1,27.0,,90857.0,,,pyshorteners,https://pypi.org/project/pyshorteners,2020-03-19 17:54:24.000,52.0,90857.0,,,,3.0,,,,,,,,,,,,,,,,,
433,Spectree,0b01001001/spectree,openapi-utils,,https://github.com/0b01001001/spectree,https://github.com/0b01001001/spectree,Apache-2.0,2019-12-01 07:04:07.000,2026-07-01 05:20:15.000000,2026-07-01 05:19:24,567.0,23.0,85,6.0,351.0,12.0,120.0,362,API spec validator and OpenAPI document generator for Python web frameworks.,156.0,144.0,50.0,25,True,['openapi'],2025-12-16 01:38:51.000,2.0.1,120.0,,331392.0,,,spectree,https://pypi.org/project/spectree,2026-05-12 02:26:57.000,12.0,331392.0,,,,3.0,,,,,,,,,,,,,,,,,
434,purl,codeinthehole/purl,url-utils,,https://github.com/codeinthehole/purl,https://github.com/codeinthehole/purl,MIT,2012-03-27 21:18:43.000,2023-08-04 07:41:28.000000,2021-05-15 21:00:41,192.0,,39,9.0,40.0,14.0,15.0,303,"A simple, immutable URL class with a clean API for interrogation and manipulation.",4189.0,4154.0,18.0,25,False,,2017-05-12 14:54:05.000,1.3.1,25.0,,508341.0,,,purl,https://pypi.org/project/purl,2021-05-15 21:05:39.000,35.0,508341.0,,,,3.0,,,,,,,,,,,,,,,,,
435,asgi-lifespan,florimondmanca/asgi-lifespan,others,,https://github.com/florimondmanca/asgi-lifespan,https://github.com/florimondmanca/asgi-lifespan,MIT,2019-09-27 19:42:10.000,2026-02-11 07:22:38.000000,2026-02-11 07:22:38,91.0,,17,4.0,50.0,3.0,18.0,275,Programmatic startup/shutdown of ASGI apps.,17513.0,17445.0,7.0,25,True,,2023-03-28 17:37:00.954,2.1.0,15.0,,10132139.0,,conda-forge/asgi-lifespan,asgi-lifespan,https://pypi.org/project/asgi-lifespan,2023-03-28 17:37:00.954,68.0,10128598.0,https://anaconda.org/conda-forge/asgi-lifespan,2025-04-22 14:57:49.740,223101.0,3.0,,,,,,,,,,,,,,,,,
436,pytest-splinter,pytest-dev/pytest-splinter,testing,,https://github.com/pytest-dev/pytest-splinter,https://github.com/pytest-dev/pytest-splinter,MIT,2014-02-16 17:03:35.000,2023-06-15 13:58:36.000000,2022-08-09 16:14:23,347.0,,49,39.0,96.0,15.0,78.0,255,pytest splinter and selenium integration for anyone interested in browser interaction in tests.,630.0,614.0,31.0,25,False,,2022-09-09 19:48:12.442,3.3.2,74.0,,64311.0,,,pytest-splinter,https://pypi.org/project/pytest-splinter,2022-09-09 19:48:12.442,16.0,64311.0,,,,3.0,,,,,,,,,,,,,,,,,
437,Flask-OpenID,pallets-eco/flask-openid,auth,,https://github.com/pallets-eco/flask-openid,https://github.com/pallets-eco/flask-openid,BSD-3-Clause,2010-05-06 11:08:54.000,2025-04-22 14:56:29.543000,2024-05-26 15:40:00,95.0,,75,18.0,26.0,5.0,42.0,234,Flask-OpenID adds openid support to flask applications.,7675.0,7644.0,16.0,25,False,['flask'],2024-05-26 15:49:11.000,1.3.1,14.0,31.0,1326097.0,,conda-forge/flask-openid,flask-openid,https://pypi.org/project/flask-openid,2024-05-26 15:49:11.000,31.0,1324002.0,https://anaconda.org/conda-forge/flask-openid,2025-04-22 14:56:29.543,243021.0,3.0,,,,,,,,,,,,,,,,,
438,flask-seasurf,maxcountryman/flask-seasurf,flask-utils,,https://github.com/maxcountryman/flask-seasurf,https://github.com/maxcountryman/flask-seasurf,BSD-3-Clause,2011-12-06 18:51:00.000,2025-09-04 15:46:45.000000,2024-07-29 14:03:22,213.0,,52,6.0,94.0,16.0,45.0,195,SeaSurf is a Flask extension for preventing cross-site request forgery (CSRF).,2841.0,2820.0,34.0,25,False,['flask'],2024-07-29 14:05:16.000,2.0.0,30.0,,79475.0,,conda-forge/flask-seasurf,flask-seasurf,https://pypi.org/project/flask-seasurf,2024-07-29 14:05:16.000,21.0,76930.0,https://anaconda.org/conda-forge/flask-seasurf,2025-04-22 14:56:27.624,173101.0,3.0,,,,,,,,,,,,,,,,,
439,pyramid_openapi3,Pylons/pyramid_openapi3,openapi-utils,,https://github.com/Pylons/pyramid_openapi3,https://github.com/Pylons/pyramid_openapi3,MIT,2018-06-22 12:20:57.000,2026-07-01 13:24:42.000000,2026-07-01 13:24:37,320.0,17.0,47,12.0,231.0,23.0,65.0,84,Pyramid addon for OpenAPI3 validation of requests and responses.,134.0,134.0,29.0,25,True,"['pyramid', 'openapi']",2026-06-10 08:17:55.000,0.22.0,9.0,,63369.0,,,pyramid_openapi3,https://pypi.org/project/pyramid_openapi3,2026-06-10 08:17:52.000,,63369.0,,,,3.0,,,,,,,,,,,,,,,,,
440,healthchecks,healthchecks/healthchecks,others,,https://github.com/healthchecks/healthchecks,https://github.com/healthchecks/healthchecks,BSD-3-Clause,2015-06-25 18:38:33.000,2026-06-27 07:45:07.000000,2026-06-27 07:44:58,3825.0,95.0,963,92.0,,81.0,819.0,10129,"Open-source cron job and background task monitoring service, written in Python & Django.",1.0,1.0,104.0,24,True,,2026-04-28 07:52:26.000,4.2,75.0,,,,,,,,,,,,,3.0,,,,,,,,,,,,,,,,,
441,japronto,squeaky-pl/japronto,web-frameworks,,https://github.com/squeaky-pl/japronto,https://github.com/squeaky-pl/japronto,MIT,2016-10-26 19:51:32.000,2023-08-14 21:42:00.000000,2020-03-20 17:53:14,736.0,,581,328.0,44.0,90.0,71.0,8612,Screaming-fast Python 3.5+ HTTP toolkit integrated with pipelining HTTP server based on uvloop and picohttpparser.,133.0,126.0,23.0,24,False,,2018-11-09 13:14:51.000,0.1.2,8.0,,69.0,,,japronto,https://pypi.org/project/japronto,2018-11-09 13:14:51.000,7.0,69.0,,,,3.0,,,,,,,,,,,,,,,,,
442,WikiExtractor,attardi/wikiextractor,third-party-apis,,https://github.com/attardi/wikiextractor,https://github.com/attardi/wikiextractor,AGPL-3.0,2015-03-22 12:03:01.000,2024-05-23 06:19:08.000000,2023-01-24 18:02:27,227.0,,1003,71.0,102.0,167.0,120.0,3992,A tool for extracting plain text from Wikipedia dumps.,458.0,451.0,31.0,24,False,,2023-01-24 18:46:33.000,3.0.7,4.0,,6227.0,,,wikiextractor,https://pypi.org/project/wikiextractor,2021-10-14 12:34:58.000,7.0,6227.0,,,,3.0,,,,,,,,,,,,,,,,,
443,python-oauth2,joestump/python-oauth2,auth,,https://github.com/joestump/python-oauth2,https://github.com/joestump/python-oauth2,MIT,2009-10-21 17:21:07.000,2025-04-22 14:56:38.881000,2018-02-12 06:35:04,352.0,,907,212.0,115.0,75.0,82.0,3008,"A fully tested, abstract interface to creating OAuth clients and servers.",5.0,,42.0,24,False,,2019-06-28 17:57:45.000,1.1.1,13.0,,34100.0,,conda-forge/python-oauth2,python-oauth2,https://pypi.org/project/python-oauth2,2019-06-28 17:57:45.000,5.0,28852.0,https://anaconda.org/conda-forge/python-oauth2,2025-04-22 14:56:38.881,94475.0,3.0,,,,,,,,,,,,,,,,,
444,gmusicapi,simon-weber/gmusicapi,third-party-apis,,https://github.com/simon-weber/gmusicapi,https://github.com/simon-weber/gmusicapi,BSD-3-Clause,2012-01-20 17:19:12.000,2020-12-26 18:14:42.000000,2020-09-25 14:34:17,1430.0,,304,1.0,164.0,61.0,450.0,2511,An unofficial client library for Google Music.,517.0,497.0,51.0,24,False,,2020-03-27 18:06:36.000,13.0.0,29.0,,1061.0,,,gmusicapi,https://pypi.org/project/gmusicapi,2020-03-27 18:06:36.000,20.0,1061.0,,,,3.0,,,,,,,,,,,,,,,,,
445,OpenAPI-to-GraphQL,IBM/openapi-to-graphql,openapi-utils,,https://github.com/IBM/openapi-to-graphql,https://github.com/IBM/openapi-to-graphql,MIT,2018-09-05 18:52:16.000,2026-06-02 17:07:45.000000,2026-06-02 17:07:45,687.0,2.0,212,36.0,234.0,140.0,148.0,1645,Translate APIs described by OpenAPI Specifications (OAS) into GraphQL.,11.0,6.0,44.0,24,True,"['openapi', 'graphql']",2023-12-26 06:12:53.413,3.0.7,41.0,,13140.0,,,,,,,,,,,3.0,,openapi-to-graphql-cli,https://www.npmjs.com/package/openapi-to-graphql-cli,2023-12-26 06:12:53.413,5.0,13140.0,,,,,,,,,,,
446,Meinheld,mopemope/meinheld,servers,,https://github.com/mopemope/meinheld,https://github.com/mopemope/meinheld,BSD-3-Clause,2010-07-30 01:38:27.000,2025-04-22 14:57:24.884000,2020-06-23 16:07:11,633.0,,95,41.0,51.0,30.0,53.0,1458,Meinheld is a high performance asynchronous WSGI Web Server (based on picoev).,1254.0,1244.0,20.0,24,False,,2020-05-17 13:09:14.000,1.0.2,40.0,,6636.0,,conda-forge/meinheld,meinheld,https://pypi.org/project/meinheld,2020-05-17 13:09:14.000,10.0,6124.0,https://anaconda.org/conda-forge/meinheld,2025-04-22 14:57:24.884,38404.0,3.0,,,,,,,,,,,,,,,,,
447,Spectacle,sourcey/spectacle,openapi-utils,,https://github.com/sourcey/sourcey,https://github.com/sourcey/sourcey,AGPL-3.0,2016-01-12 10:36:11.000,2026-06-30 06:10:25.000000,2026-06-30 06:10:23,437.0,88.0,328,14.0,117.0,2.0,132.0,1307,"Precision documentation from OpenAPI, MCP, Doxygen, and Markdown guides. Static HTML you own.",14.0,6.0,41.0,24,True,['openapi'],2026-06-23 17:00:03.000,3.6.4,61.0,41.0,1035.0,sourcey/sourcey,,,,,,,,,,3.0,,spectacle-docs,https://www.npmjs.com/package/spectacle-docs,2020-03-10 02:57:20.472,8.0,1015.0,,,,,,,,,,,
448,django-vanilla-views,encode/django-vanilla-views,django-utils,,https://github.com/encode/django-vanilla-views,https://github.com/encode/django-vanilla-views,BSD-2-Clause,2013-09-02 13:41:57.000,2024-02-14 02:38:33.000000,2022-09-03 23:28:35,189.0,,80,36.0,89.0,3.0,41.0,988,Beautifully simple class-based views.,769.0,766.0,31.0,24,False,['django'],2021-05-09 09:56:51.000,3.0.0,15.0,,18395.0,,,django-vanilla-views,https://pypi.org/project/django-vanilla-views,2021-05-09 09:56:51.000,3.0,18395.0,,,,3.0,,,,,,,,,,,,,,,,,
449,django-cache-machine,django-cache-machine/django-cache-machine,django-utils,,https://github.com/django-cache-machine/django-cache-machine,https://github.com/django-cache-machine/django-cache-machine,BSD-3-Clause,2010-02-09 23:01:12.000,2023-02-20 18:13:51.000000,2023-02-20 18:13:51,300.0,,159,25.0,73.0,23.0,56.0,885,Automatic caching and invalidation for Django models through the ORM.,323.0,322.0,29.0,24,False,['django'],2022-07-06 18:41:15.000,1.2.0,10.0,,8079.0,,,django-cache-machine,https://pypi.org/project/django-cache-machine,2022-07-06 18:41:15.000,1.0,8079.0,,,,3.0,,,,,,,,,,,,,,,,,
450,Frozen-Flask,Frozen-Flask/Frozen-Flask,flask-utils,,https://github.com/Frozen-Flask/Frozen-Flask,https://github.com/Frozen-Flask/Frozen-Flask,,2010-12-24 14:59:29.000,2025-04-22 14:56:27.699000,2024-11-12 22:19:49,297.0,,76,16.0,70.0,13.0,58.0,798,Freezes a Flask application into a set of static files.,3910.0,3877.0,30.0,24,False,['flask'],2024-02-09 14:33:23.000,1.0.2,21.0,123.0,168879.0,,conda-forge/frozen-flask,frozen-flask,https://pypi.org/project/frozen-flask,2024-02-09 14:32:16.000,33.0,166047.0,https://anaconda.org/conda-forge/frozen-flask,2025-04-22 14:56:27.699,334171.0,3.0,,,,,,,,,,,,,,,,,
451,flask-profiler,muatik/flask-profiler,flask-utils,,https://github.com/muatik/flask-profiler,https://github.com/muatik/flask-profiler,MIT,2015-10-05 20:49:53.000,2022-12-02 02:48:05.000000,2020-10-20 08:42:33,157.0,,96,21.0,63.0,44.0,35.0,754,a flask profiler which watches endpoint calls and tries to make some analysis.,404.0,400.0,29.0,24,False,['flask'],2018-11-19 23:11:10.000,1.8.1,39.0,,24584.0,,,flask-profiler,https://pypi.org/project/flask-profiler,2018-11-19 23:11:10.000,4.0,24584.0,,,,3.0,,,,,,,,,,,,,,,,,
452,httmock,patrys/httmock,testing,,https://github.com/patrys/httmock,https://github.com/patrys/httmock,Apache-2.0,2013-03-19 23:35:33.000,2023-09-29 20:58:48.000000,2020-10-28 12:00:08,102.0,,57,11.0,41.0,17.0,16.0,472,A mocking library for requests.,3168.0,3111.0,29.0,24,False,,2020-10-28 12:01:29.000,1.4.0,19.0,,2104881.0,,,httmock,https://pypi.org/project/httmock,2020-10-28 12:01:29.000,57.0,2104881.0,,,,3.0,,,,,,,,,,,,,,,,,
453,fastapi-jsonrpc,smagafurov/fastapi-jsonrpc,rpc,,https://github.com/smagafurov/fastapi-jsonrpc,https://github.com/smagafurov/fastapi-jsonrpc,MIT,2019-08-09 17:56:48.000,2026-06-17 20:50:52.000000,2026-04-17 15:45:27,255.0,11.0,37,15.0,53.0,11.0,37.0,422,JSON-RPC server based on fastapi.,93.0,83.0,16.0,24,True,['fastapi'],2026-04-17 15:50:57.000,3.5.0,85.0,,22904.0,,,fastapi-jsonrpc,https://pypi.org/project/fastapi-jsonrpc,2026-04-17 15:49:33.000,10.0,22904.0,,,,3.0,,,,,,,,,,,,,,,,,
454,pysimplesoap,pysimplesoap/pysimplesoap,http-clients,,https://github.com/pysimplesoap/pysimplesoap,https://github.com/pysimplesoap/pysimplesoap,LGPL-3.0,2013-06-02 11:09:05.000,2024-02-21 18:45:27.000000,2020-07-20 15:14:25,547.0,,229,27.0,124.0,97.0,26.0,373,Python Simple SOAP Library.,1837.0,1822.0,51.0,24,False,,2023-11-08 01:43:05.000,1.08.22,15.0,,21083.0,,,pysimplesoap,https://pypi.org/project/pysimplesoap,2023-10-24 01:20:23.000,15.0,21083.0,,,,3.0,,,,,,,,,,,,,,,,,
455,python-mocket,mindflayer/python-mocket,testing,,https://github.com/mindflayer/python-mocket,https://github.com/mindflayer/python-mocket,BSD-3-Clause,2013-04-30 07:44:28.000,2026-06-20 19:08:24.000000,2026-06-20 19:05:13,669.0,4.0,51,11.0,228.0,5.0,90.0,309,"a socket mock framework - for all kinds of socket animals, web-clients included.",15.0,,33.0,24,True,,2026-06-20 19:08:24.000,3.14.2,114.0,,205460.0,,,mocket,https://pypi.org/project/mocket,2026-06-20 19:08:24.000,15.0,205460.0,,,,3.0,,,,,,,,,,,,,,,,,
456,flask_injector,alecthomas/flask_injector,flask-utils,,https://github.com/python-injector/flask_injector,https://github.com/python-injector/flask_injector,BSD-3-Clause,2012-11-19 04:09:14.000,2025-04-22 14:57:49.545000,2023-07-27 00:32:55,196.0,,42,5.0,34.0,12.0,39.0,283,Adds Injector support to Flask.,1061.0,1040.0,13.0,24,False,['flask'],2023-07-27 00:33:16.000,0.15.0,28.0,,88359.0,python-injector/flask_injector,conda-forge/flask-injector,flask_injector,https://pypi.org/project/flask_injector,2023-07-27 00:33:16.000,21.0,88148.0,https://anaconda.org/conda-forge/flask-injector,2025-04-22 14:57:49.545,13312.0,3.0,,,,,,,,,,,,,,,,,
457,flask-rebar,plangrid/flask-rebar,flask-utils,,https://github.com/plangrid/flask-rebar,https://github.com/plangrid/flask-rebar,MIT,2018-02-26 17:39:13.000,2026-06-26 18:35:19.000000,2026-06-26 18:29:20,416.0,2.0,38,121.0,214.0,53.0,61.0,235,"Flask-Rebar combines flask, marshmallow, and swagger for robust REST services.",65.0,58.0,48.0,24,True,"['flask', 'openapi']",2026-06-26 18:33:29.000,3.4.1,56.0,,12308.0,,,flask-rebar,https://pypi.org/project/flask-rebar,2026-06-26 18:33:29.000,7.0,12308.0,,,,3.0,,,,,,,,,,,,,,,,,
458,graphql-relay-py,graphql-python/graphql-relay-py,graphql,,https://github.com/graphql-python/graphql-relay-py,https://github.com/graphql-python/graphql-relay-py,MIT,2015-09-17 17:16:20.000,2025-04-22 14:56:40.651000,2022-07-23 13:48:14,182.0,,40,16.0,21.0,11.0,23.0,144,A library to help construct a graphql-py server supporting react-relay.,53.0,,10.0,24,False,,2022-04-16 11:03:43.000,3.2.0,27.0,,37416196.0,,conda-forge/graphql-relay,graphql-relay,https://pypi.org/project/graphql-relay,2022-04-16 11:03:43.000,53.0,37399928.0,https://anaconda.org/conda-forge/graphql-relay,2025-04-22 14:56:40.651,1057422.0,3.0,,,,,,,,,,,,,,,,,
459,pyramid_debugtoolbar,Pylons/pyramid_debugtoolbar,testing,,https://github.com/Pylons/pyramid_debugtoolbar,https://github.com/Pylons/pyramid_debugtoolbar,BSD-3-Clause,2011-07-23 02:21:03.000,2025-11-20 19:05:34.000000,2024-02-05 03:35:38,1210.0,,83,11.0,218.0,43.0,139.0,96,Pyramid debug toolbar.,46.0,,70.0,24,False,['pyramid'],2024-02-05 03:40:27.000,4.12.1,66.0,,1968742.0,,conda-forge/pyramid_debugtoolbar,pyramid_debugtoolbar,https://pypi.org/project/pyramid_debugtoolbar,2024-02-05 03:40:27.000,46.0,1968599.0,https://anaconda.org/conda-forge/pyramid_debugtoolbar,2025-04-22 14:57:47.760,9167.0,3.0,,,,,,,,,,,,,,,,,
460,Photon,s0md3v/Photon,web-scraping,,https://github.com/s0md3v/Photon,https://github.com/s0md3v/Photon,GPL-3.0,2018-03-30 19:38:22.000,2026-02-10 08:48:11.000000,2026-02-10 08:48:11,331.0,,1643,330.0,95.0,53.0,69.0,12995,Incredibly fast crawler designed for OSINT.,,,21.0,23,True,,2019-04-05 15:15:47.000,1.3.0,18.0,,1449.0,,,photon,https://pypi.org/project/photon,2019-01-25 01:13:36.000,,1449.0,,,,3.0,,,,,,,,,,,,,,,,,
461,splash,scrapinghub/splash,testing,,https://github.com/scrapinghub/splash,https://github.com/scrapinghub/splash,BSD-3-Clause,2013-05-20 21:20:33.000,2024-08-02 09:30:47.000000,2022-05-05 14:10:10,2114.0,,515,205.0,336.0,400.0,483.0,4193,"Lightweight, scriptable browser as a service with an HTTP API.",2.0,,62.0,23,False,,2020-01-09 19:09:29.000,3.4.1,30.0,,410.0,,,splash,https://pypi.org/project/splash,2020-06-16 13:27:02.000,2.0,410.0,,,,3.0,,,,,,,,,,,,,,,,,
462,toapi,gaojiuli/toapi,others,,https://github.com/elliotgao2/toapi,https://github.com/elliotgao2/toapi,MIT,2017-11-27 08:40:55.000,2026-06-04 14:59:44.000000,2026-05-22 08:44:31,469.0,7.0,239,72.0,85.0,,55.0,3554,Every web site provides APIs.,21.0,21.0,12.0,23,True,,2026-05-22 08:44:43.000,2.2.4,45.0,,164.0,elliotgao2/toapi,,toapi,https://pypi.org/project/toapi,2026-05-22 08:44:43.000,,164.0,,,,3.0,,,,,,,,,,,,,,,,,
463,Gerapy,Gerapy/Gerapy,web-scraping,,https://github.com/Gerapy/Gerapy,https://github.com/Gerapy/Gerapy,MIT,2017-06-30 03:58:27.000,2024-10-29 22:08:29.000000,2024-09-07 00:49:42,631.0,,647,125.0,100.0,73.0,150.0,3503,"Distributed Crawler Management Framework Based on Scrapy, Scrapyd, Django and Vue.js.",149.0,149.0,17.0,23,False,['django'],2023-07-19 18:55:56.000,0.9.13,49.0,,358.0,,,gerapy,https://pypi.org/project/gerapy,2023-07-19 18:53:46.000,,358.0,,,,3.0,,,,,,,,,,,,,,,,,
464,instagram_private_api,ping/instagram_private_api,third-party-apis,,https://github.com/ping/instagram_private_api,https://github.com/ping/instagram_private_api,MIT,2017-01-12 11:54:19.000,2024-05-06 07:28:46.000000,2019-11-14 10:11:13,444.0,,618,113.0,57.0,149.0,223.0,3281,A Python library to access Instagrams private API.,9.0,,5.0,23,False,,2019-02-22 08:05:21.000,1.6.0,39.0,,25199.0,,,instagram_private_api,https://pypi.org/project/instagram_private_api,2019-05-06 11:32:26.000,9.0,25199.0,,,,3.0,,,,,,,,,,,,,,,,,
465,urlwatch,thp/urlwatch,others,,https://github.com/thp/urlwatch,https://github.com/thp/urlwatch,BSD-3-Clause,2014-01-29 18:42:20.000,2026-05-23 05:07:43.000000,2026-05-23 05:07:43,967.0,2.0,355,69.0,345.0,90.0,434.0,3109,"Watch (parts of) webpages and get notified when something changes via e-mail, on your phone or via other means. Highly..",27.0,27.0,97.0,23,True,,,,38.0,,3760.0,,,urlwatch,https://pypi.org/project/urlwatch,2024-12-10 11:58:32.000,,3760.0,,,,3.0,,,,,,,,,,,,,,,,,
466,flask-ask,johnwheeler/flask-ask,flask-utils,,https://github.com/johnwheeler/flask-ask,https://github.com/johnwheeler/flask-ask,Apache-2.0,2016-05-12 00:54:46.000,2023-05-01 21:13:09.000000,2022-03-31 19:56:40,478.0,,370,86.0,118.0,71.0,,1909,Alexa Skills Kit for Python.,812.0,810.0,40.0,23,False,['flask'],2018-02-28 21:57:01.000,0.9.8,34.0,,308.0,,,flask-ask,https://pypi.org/project/flask-ask,2018-02-28 21:57:01.000,2.0,308.0,,,,3.0,,,,,,,,,,,,,,,,,
467,scrapely,scrapy/scrapely,web-scraping,,https://github.com/scrapy/scrapely,https://github.com/scrapy/scrapely,BSD-3-Clause,2011-04-18 22:38:56.000,2022-04-04 10:53:21.000000,2019-11-28 10:27:42,205.0,,275,116.0,71.0,32.0,27.0,1886,A pure-python HTML screen-scraping library.,155.0,152.0,25.0,23,False,,2019-11-28 11:03:32.000,0.14.1,13.0,,216.0,,,scrapely,https://pypi.org/project/scrapely,2019-11-28 11:03:32.000,3.0,216.0,,,,3.0,,,,,,,,,,,,,,,,,
468,fsociety,fsociety-team/fsociety,testing,,https://github.com/fsociety-team/fsociety,https://github.com/fsociety-team/fsociety,MIT,2020-05-17 04:35:05.000,2026-05-25 19:04:40.000000,2026-01-19 19:40:02,364.0,,210,52.0,258.0,17.0,50.0,1769,A Modular Penetration Testing Framework.,17.0,17.0,12.0,23,True,,2024-07-18 17:34:34.000,3.2.10,29.0,,1702.0,,,fsociety,https://pypi.org/project/fsociety,2022-05-01 02:06:45.000,,1702.0,,,,3.0,,,,,,,,,,,,,,,,,
469,hyde,hyde/hyde,others,,https://github.com/hyde/hyde,https://github.com/hyde/hyde,MIT,2011-01-07 09:52:20.000,2024-09-23 13:12:27.000000,2024-09-23 13:12:20,602.0,,246,40.0,154.0,68.0,141.0,1664,A Python Static Website Generator (See https://duct-ui.org from the author).,100.0,98.0,43.0,23,False,,2015-11-09 13:50:15.000,0.8.9,16.0,,204.0,,,hyde,https://pypi.org/project/hyde,2015-11-09 13:50:15.000,2.0,204.0,,,,3.0,,,,,,,,,,,,,,,,,
470,wdb,Kozea/wdb,testing,,https://github.com/Kozea/wdb,https://github.com/Kozea/wdb,GPL-3.0,2012-10-05 16:40:23.000,2022-12-06 14:33:43.000000,2019-09-16 09:29:29,658.0,,121,63.0,52.0,40.0,79.0,1594,An improbable web debugger through WebSockets.,280.0,271.0,22.0,23,False,,2019-09-16 09:25:54.000,3.3.0,53.0,,6472.0,,,wdb,https://pypi.org/project/wdb,2019-09-16 09:25:54.000,9.0,6472.0,,,,3.0,,,,,,,,,,,,,,,,,
471,justpy,elimintz/justpy,web-frameworks,,https://github.com/justpy-org/justpy,https://github.com/justpy-org/justpy,Apache-2.0,2019-06-17 13:38:23.000,2026-01-06 17:58:26.000000,2023-12-17 20:05:28,761.0,,96,28.0,47.0,,443.0,1277,An object oriented high-level Python Web Framework that requires no frontend programming.,551.0,544.0,19.0,23,False,,2023-09-20 13:07:43.000,0.14.0,75.0,,932.0,justpy-org/justpy,,justpy,https://pypi.org/project/justpy,2023-09-20 13:07:43.000,7.0,932.0,,,,3.0,,,,,,,,,,,,,,,,,
472,pyresttest,svanoort/pyresttest,testing,,https://github.com/svanoort/pyresttest,https://github.com/svanoort/pyresttest,Apache-2.0,2014-05-01 23:40:10.000,2025-04-22 14:56:50.530000,2018-02-03 22:03:13,531.0,,326,85.0,94.0,132.0,116.0,1166,Python Rest Testing.,128.0,128.0,17.0,23,False,,2016-03-15 03:16:18.000,1.7.1,14.0,,3506.0,,conda-forge/pyresttest,pyresttest,https://pypi.org/project/pyresttest,2016-03-15 03:13:33.000,,2440.0,https://anaconda.org/conda-forge/pyresttest,2025-04-22 14:56:50.530,104564.0,3.0,,,,,,,,,,,,,,,,,
473,django-summernote,summernote/django-summernote,django-utils,,https://github.com/lqez/django-summernote,https://github.com/lqez/django-summernote,MIT,2013-07-16 12:07:21.000,2024-06-07 12:24:13.000000,2024-02-16 08:33:16,560.0,,230,35.0,156.0,72.0,288.0,1088,Simply integrate Summernote editor with Django project.,5.0,,73.0,23,False,['django'],2021-10-14 19:12:56.000,0.8.19.0,73.0,,108497.0,lqez/django-summernote,,django-summernote,https://pypi.org/project/django-summernote,2021-10-14 21:54:58.000,5.0,108497.0,,,,3.0,,,,,,,,,,,,,,,,,
474,authomatic,authomatic/authomatic,auth,,https://github.com/authomatic/authomatic,https://github.com/authomatic/authomatic,MIT,2013-02-07 14:13:35.000,2025-12-12 08:28:51.000000,2025-12-12 08:28:51,1289.0,,390,30.0,137.0,49.0,98.0,1054,Simple yet powerful authorization / authentication client library for Python web applications.,10.0,,49.0,23,True,,2024-05-28 14:06:02.000,1.3.0,23.0,,4022.0,,,authomatic,https://pypi.org/project/authomatic,2024-05-28 14:06:02.000,10.0,4022.0,,,,3.0,,,,,,,,,,,,,,,,,
475,django-solo,lazybird/django-solo,django-utils,,https://github.com/lazybird/django-solo,https://github.com/lazybird/django-solo,,2013-05-22 21:28:08.000,2026-01-01 15:46:51.000000,2026-01-01 15:45:08,181.0,,84,18.0,88.0,12.0,58.0,963,Helps working with singletons - things like global settings that you want to edit from the admin site.,2847.0,2749.0,46.0,23,False,['django'],2026-01-01 15:46:51.000,2.5.1,18.0,,427587.0,,,django-solo,https://pypi.org/project/django-solo,2026-01-01 15:46:51.000,98.0,427587.0,,,,3.0,,,,,,,,,,,,,,,,,
476,flask-talisman,GoogleCloudPlatform/flask-talisman,flask-utils,,https://github.com/GoogleCloudPlatform/flask-talisman,https://github.com/GoogleCloudPlatform/flask-talisman,Apache-2.0,2015-11-12 23:40:25.000,2024-05-01 11:53:42.000000,2020-07-13 17:40:33,60.0,,86,35.0,44.0,24.0,22.0,940,HTTP security headers for Flask.,63.0,,19.0,23,False,['flask'],2023-08-03 12:00:26.000,1.1.0,15.0,,2466906.0,,,flask-talisman,https://pypi.org/project/flask-talisman,2023-08-03 12:00:26.000,63.0,2466906.0,,,,3.0,,,,,,,,,,,,,,,,,
477,fastapi_login,MushroomMaula/fastapi_login,auth,,https://github.com/maxrdu/fastapi_login,https://github.com/maxrdu/fastapi_login,MIT,2019-10-21 14:47:00.000,2025-05-20 07:04:51.000000,2025-05-20 07:04:51,482.0,,67,10.0,94.0,1.0,58.0,824,FastAPI-Login tries to provide similar functionality as Flask-Login does.,1144.0,1137.0,15.0,23,False,['fastapi'],2024-12-14 08:18:15.000,1.10.3,34.0,16.0,54667.0,maxrdu/fastapi_login,,fastapi_login,https://pypi.org/project/fastapi_login,2024-12-14 08:18:15.000,7.0,54667.0,,,,3.0,,,,,,,,,,,,,,,,,
478,html5-parser,kovidgoyal/html5-parser,html-processing,,https://github.com/kovidgoyal/html5-parser,https://github.com/kovidgoyal/html5-parser,Apache-2.0,2017-06-03 06:56:36.000,2026-03-30 08:05:28.000000,2026-03-30 08:05:01,366.0,,40,16.0,8.0,1.0,26.0,702,Fast C based HTML 5 parsing for python.,922.0,911.0,7.0,23,True,,2023-11-19 15:09:54.000,0.4.12,21.0,,14730.0,,,html5-parser,https://pypi.org/project/html5-parser,2023-11-19 15:09:54.000,11.0,14730.0,,,,3.0,,,,,,,,,,,,,,,,,
479,safrs,thomaxxl/safrs,flask-utils,,https://github.com/thomaxxl/safrs,https://github.com/thomaxxl/safrs,GPL-3.0,2017-09-20 07:56:55.000,2026-06-18 03:24:37.000000,2026-03-15 15:25:24,1581.0,,73,10.0,107.0,3.0,80.0,413,SqlAlchemy Flask-Restful Swagger Json:API OpenAPI.,611.0,609.0,17.0,23,True,"['flask', 'openapi']",2026-03-09 09:04:28.000,3.2.0,85.0,,1097.0,,,safrs,https://pypi.org/project/safrs,2026-03-09 09:02:56.000,2.0,1097.0,,,,3.0,,,,,,,,,,,,,,,,,
480,django-stronghold,mgrouchy/django-stronghold,auth,,https://github.com/mgrouchy/django-stronghold,https://github.com/mgrouchy/django-stronghold,MIT,2013-01-29 02:30:21.000,2024-11-24 19:39:30.000000,2024-11-24 19:39:30,169.0,,48,18.0,57.0,15.0,27.0,398,Get inside your stronghold and make all your Django views default login_required.,497.0,489.0,23.0,23,False,['django'],2020-01-17 16:34:53.000,0.4.0,23.0,,52555.0,,,django-stronghold,https://pypi.org/project/django-stronghold,2020-01-17 16:34:53.000,8.0,52555.0,,,,3.0,,,,,,,,,,,,,,,,,
481,http-parser,benoitc/http-parser,http-clients,,https://github.com/benoitc/http-parser,https://github.com/benoitc/http-parser,MIT,2011-04-14 15:33:36.000,2024-05-21 14:05:11.000000,2020-04-06 23:28:44,224.0,,96,14.0,47.0,20.0,41.0,345,HTTP request/response parser for python in C.,561.0,546.0,31.0,23,False,,2020-04-06 23:00:26.000,0.9.0,36.0,,22651.0,,,http-parser,https://pypi.org/project/http-parser,2020-04-06 23:00:26.000,15.0,22651.0,,,,3.0,,,,,,,,,,,,,,,,,
482,flama,perdy/flama,web-frameworks,,https://github.com/vortico/flama,https://github.com/vortico/flama,Apache-2.0,2018-09-27 15:29:54.000,2026-07-01 06:33:25.000000,2026-06-24 12:15:30,640.0,113.0,16,8.0,90.0,4.0,138.0,290,"The production framework for Predictive and Generative AI. Serve any model as an API in one line, with..",17.0,16.0,11.0,23,True,,2026-06-18 23:01:08.000,2.0.6,64.0,708.0,14687.0,vortico/flama,,flama,https://pypi.org/project/flama,2026-06-18 23:01:08.000,1.0,14678.0,,,,3.0,,,,,,,,,,,,,,,,,
483,graphene-mongo,graphql-python/graphene-mongo,graphql,,https://github.com/graphql-python/graphene-mongo,https://github.com/graphql-python/graphene-mongo,MIT,2018-01-22 04:06:16.000,2026-02-03 20:55:42.000000,2026-01-03 09:17:07,611.0,,110,11.0,156.0,21.0,73.0,288,Graphene MongoEngine integration.,378.0,375.0,38.0,23,True,['graphql'],2026-01-03 09:20:00.000,0.4.5,39.0,,15759.0,,conda-forge/graphene-mongo,graphene-mongo,https://pypi.org/project/graphene-mongo,2026-01-03 09:20:00.000,3.0,15591.0,https://anaconda.org/conda-forge/graphene-mongo,2026-01-05 00:41:58.830,12330.0,3.0,,,,,,,,,,,,,,,,,
484,Flask-Excel,pyexcel-webwares/Flask-Excel,flask-utils,,https://github.com/pyexcel-webwares/Flask-Excel,https://github.com/pyexcel-webwares/Flask-Excel,BSD-3-Clause,2015-01-21 19:55:07.000,2020-11-10 23:13:19.000000,2020-11-10 23:13:13,233.0,,87,9.0,9.0,11.0,42.0,262,"A flask extension using pyexcel to read, manipulate and write data in different excel formats: csv, ods, xls, xlsx and..",1369.0,1364.0,8.0,23,False,,2017-07-20 02:40:14.000,0.0.7,8.0,20.0,18459.0,,,flask-excel,https://pypi.org/project/flask-excel,2017-07-20 02:40:14.000,5.0,18459.0,,,,3.0,,,,,,,,,,,,,,,,,
485,reppy,seomoz/reppy,others,,https://github.com/seomoz/reppy,https://github.com/seomoz/reppy,MIT,2011-10-29 00:06:46.000,2024-01-12 05:07:07.000000,2024-01-12 05:07:07,267.0,,41,109.0,82.0,26.0,35.0,196,Modern robots.txt Parser for Python.,226.0,206.0,24.0,23,False,,2019-09-16 19:32:19.000,0.4.14,24.0,,1239.0,,,reppy,https://pypi.org/project/reppy,2019-09-16 19:32:19.000,20.0,1239.0,,,,3.0,,,,,,,,,,,,,,,,,
486,ngxtop,lebinh/ngxtop,monitoring,,https://github.com/lebinh/ngxtop,https://github.com/lebinh/ngxtop,MIT,2014-03-21 15:39:52.000,2026-03-02 04:38:40.000000,2026-03-02 04:38:40,49.0,,474,203.0,35.0,63.0,28.0,6525,Real-time metrics for nginx server.,40.0,40.0,10.0,22,True,,2020-12-21 00:51:09.000,0.0.3,3.0,,2717.0,,,ngxtop,https://pypi.org/project/ngxtop,2020-12-21 00:51:09.000,,2717.0,,,,3.0,,,,,,,,,,,,,,,,,
487,httpstat,reorx/httpstat,http-clients,,https://github.com/reorx/httpstat,https://github.com/reorx/httpstat,MIT,2016-08-30 06:30:59.000,2026-04-08 10:04:34.000000,2026-04-08 09:44:37,106.0,3.0,385,126.0,24.0,8.0,22.0,6254,curl statistics made simple.,20.0,20.0,6.0,22,True,,2026-04-08 09:33:32.000,2.0.0,10.0,381.0,2036.0,,,httpstat,https://pypi.org/project/httpstat,2026-04-08 09:33:32.000,,2033.0,,,,3.0,,,,,,,,,,,,,,,,,
488,sandman2,jeffknupp/sandman2,others,,https://github.com/jeffknupp/sandman2,https://github.com/jeffknupp/sandman2,Apache-2.0,2014-10-24 17:21:50.000,2026-06-29 17:00:22.000000,2020-12-21 15:15:51,250.0,,211,56.0,382.0,38.0,54.0,2043,Automatically generate a RESTful API service for your legacy database. No code required!.,30.0,30.0,23.0,22,False,,2021-12-15 15:31:18.692,0.0.2,29.0,,120.0,,,sandman2,https://pypi.org/project/sandman2,2021-12-15 15:31:18.692,,120.0,,,,3.0,,,,,,,,,,,,,,,,,
489,ruia,howie6879/ruia,web-scraping,,https://github.com/howie6879/ruia,https://github.com/howie6879/ruia,Apache-2.0,2018-07-10 01:12:54.000,2023-07-01 08:23:28.000000,2022-08-21 07:26:04,440.0,,185,39.0,59.0,8.0,93.0,1742,Async Python 3.6+ web scraping micro-framework based on asyncio.,86.0,75.0,17.0,22,False,,2022-09-06 08:56:03.702,0.8.5,55.0,26.0,518.0,,,ruia,https://pypi.org/project/ruia,2021-05-07 01:36:59.000,11.0,518.0,,,,3.0,,,,,,,,,,,,,,,,,
490,flask-sockets,heroku-python/flask-sockets,websocket,,https://github.com/heroku-python/flask-sockets,https://github.com/heroku-python/flask-sockets,MIT,2013-10-01 00:41:09.000,2021-05-14 12:12:05.000000,2017-05-30 17:23:01,57.0,,164,,25.0,32.0,33.0,1741,[DEPRECATED] Alternative: https://github.com/miguelgrinberg/flask-sock.,48.0,,13.0,22,False,['flask'],2016-06-05 02:14:01.000,0.2.1,3.0,,45039.0,,,flask-sockets,https://pypi.org/project/flask-sockets,2016-06-05 02:14:01.000,48.0,45039.0,,,,3.0,,,,,,,,,,,,,,,,,
491,flask-bootstrap,esbullington/flask-bootstrap,flask-utils,,https://github.com/esbullington/flask-bootstrap,https://github.com/esbullington/flask-bootstrap,BSD-3-Clause,2012-03-06 17:53:29.000,2025-04-22 14:56:52.700000,2019-08-14 04:58:34,139.0,,724,9.0,5.0,1.0,4.0,1577,"A Flask app template with integrated SQLAlchemy, authentication, and Bootstrap frontend.",150.0,,6.0,22,False,['flask'],,,36.0,,619452.0,,conda-forge/flask-bootstrap,flask-bootstrap,https://pypi.org/project/flask-bootstrap,2017-01-11 23:28:23.000,150.0,619216.0,https://anaconda.org/conda-forge/flask-bootstrap,2025-04-22 14:56:52.700,22656.0,3.0,,,,,,,,,,,,,,,,,
492,python-lambda,nficano/python-lambda,serverless,,https://github.com/nficano/python-lambda,https://github.com/nficano/python-lambda,ISC,2016-02-26 03:21:06.000,2023-06-28 11:38:10.000000,2022-06-03 06:57:29,384.0,,227,30.0,631.0,65.0,54.0,1518,A toolkit for developing and deploying serverless Python code in AWS Lambda.,,,48.0,22,False,,2021-01-05 04:42:47.000,11.8.0,49.0,,14837.0,,,python-lambda,https://pypi.org/project/python-lambda,2021-01-05 04:42:47.000,,14837.0,,,,3.0,,,,,,,,,,,,,,,,,
493,django-admin2,jazzband/django-admin2,admin-ui,,https://github.com/jazzband/django-admin2,https://github.com/jazzband/django-admin2,BSD-3-Clause,2013-05-14 12:11:48.000,2022-08-02 11:47:22.000000,2021-10-22 15:46:32,1099.0,,147,59.0,243.0,44.0,194.0,1187,"Extendable, adaptable rewrite of django.contrib.admin.",30.0,30.0,50.0,22,False,['django'],2018-10-22 22:22:05.390,0.7.1,7.0,,121.0,,,django-admin2,https://pypi.org/project/django-admin2,2018-10-22 22:22:05.390,,121.0,,,,3.0,,,,,,,,,,,,,,,,,
494,mixer,klen/mixer,testing,,https://github.com/klen/mixer,https://github.com/klen/mixer,BSD-3-Clause,2013-05-19 13:49:50.000,2024-03-08 09:29:07.000000,2022-03-23 14:37:36,860.0,,96,10.0,110.0,49.0,49.0,956,"Mixer -- Is a fixtures replacement. Supported Django, Flask, SqlAlchemy and custom python objects.",18.0,,43.0,22,False,"['flask', 'django']",2022-03-23 14:39:31.000,7.2.2,157.0,,249434.0,,,mixer,https://pypi.org/project/mixer,2022-03-23 14:39:31.000,18.0,249434.0,,,,3.0,,,,,,,,,,,,,,,,,
495,molotov,loads/molotov,testing,,https://github.com/tarekziade/molotov,https://github.com/tarekziade/molotov,Apache-2.0,2015-05-04 09:17:25.000,2024-03-18 18:17:01.000000,2023-11-23 07:01:25,503.0,,33,12.0,50.0,16.0,100.0,479,Load Testing Tool.,160.0,154.0,17.0,22,False,,2017-03-22 08:05:08.000,0.6.2,21.0,,183030.0,tarekziade/molotov,,molotov,https://pypi.org/project/molotov,2022-10-21 18:37:01.226,6.0,183030.0,,,,3.0,,,,,,,,,,,,,,,,,
496,starlette_exporter,stephenhillier/starlette_exporter,fastapi-utils,,https://github.com/stephenhillier/starlette_exporter,https://github.com/stephenhillier/starlette_exporter,Apache-2.0,2019-10-26 22:04:25.000,2024-10-15 18:59:58.000000,2024-06-26 03:50:43,228.0,,37,1.0,53.0,11.0,46.0,414,Prometheus exporter for Starlette and FastAPI.,26.0,,26.0,22,False,['fastapi'],2024-06-26 04:06:52.000,0.23.0,28.0,,1826255.0,,,starlette_exporter,https://pypi.org/project/starlette_exporter,2024-06-26 04:05:26.000,26.0,1826255.0,,,,2.0,,,,,,,,,,,,,,,,,
497,flask-praetorian,dusktreader/flask-praetorian,auth,,https://github.com/dusktreader/flask-praetorian,https://github.com/dusktreader/flask-praetorian,MIT,2016-11-23 16:47:18.000,2025-08-19 01:56:49.000000,2025-08-19 01:55:25,402.0,,47,14.0,155.0,4.0,144.0,350,"Strong, Simple, and Precise security for Flask APIs (using jwt).",457.0,455.0,27.0,22,True,['flask'],2025-08-19 01:56:49.000,1.6.2,51.0,,5485.0,,,flask-praetorian,https://pypi.org/project/flask-praetorian,2025-08-19 01:56:49.000,2.0,5485.0,,,,3.0,,,,,,,,,,,,,,,,,
498,velruse,bbangert/velruse,auth,,https://github.com/bbangert/velruse,https://github.com/bbangert/velruse,MIT,2010-04-30 19:23:27.000,2024-01-16 10:14:09.000000,2013-10-06 19:17:50,559.0,,91,12.0,108.0,37.0,34.0,253,Simplifying third-party authentication for web applications.,830.0,828.0,43.0,22,False,,2013-08-30 04:51:31.000,1.1.1,10.0,,7951.0,,,velruse,https://pypi.org/project/velruse,2013-08-30 04:51:31.000,2.0,7951.0,,,,3.0,,,,,,,,,,,,,,,,,
499,graphene-pydantic,graphql-python/graphene-pydantic,graphql,,https://github.com/graphql-python/graphene-pydantic,https://github.com/graphql-python/graphene-pydantic,Apache-2.0,2019-06-20 00:49:40.000,2026-05-22 20:57:37.000000,2025-01-14 01:38:22,276.0,,45,5.0,68.0,15.0,33.0,249,Integrate GraphQL with your Pydantic models.,3.0,,25.0,22,False,['graphql'],2024-02-01 18:37:26.000,0.6.1,13.0,,427711.0,,,graphene-pydantic,https://pypi.org/project/graphene-pydantic,2024-02-01 18:37:26.000,3.0,427711.0,,,,3.0,,,,,,,,,,,,,,,,,
500,flask-s3,e-dard/flask-s3,flask-utils,,https://github.com/e-dard/flask-s3,https://github.com/e-dard/flask-s3,WTFPL,2012-10-01 18:08:11.000,2023-08-26 19:08:06.000000,2017-07-19 05:38:58,157.0,,88,11.0,53.0,19.0,34.0,200,Seamlessly serve your static assets of your Flask app from Amazon S3.,544.0,537.0,26.0,22,False,,2017-02-23 20:44:59.000,0.3.3,30.0,56.0,18251.0,,,flask-s3,https://pypi.org/project/flask-s3,2017-02-23 20:44:59.000,7.0,18251.0,,,,3.0,,,,,,,,,,,,,,,,,
501,django-codemod,browniebroke/django-codemod,django-utils,,https://github.com/browniebroke/django-codemod,https://github.com/browniebroke/django-codemod,MIT,2020-05-06 21:37:14.000,2026-07-02 17:43:22.000000,2026-07-02 17:43:20,2317.0,109.0,19,2.0,1641.0,8.0,33.0,189,A tool to automatically fix Django deprecations.,5.0,5.0,30.0,22,True,['django'],2026-05-17 05:41:18.000,2.4.6,117.0,1476.0,2645.0,,,django-codemod,https://pypi.org/project/django-codemod,2026-05-17 05:41:18.000,,2624.0,,,,3.0,,,,,,,,,,,,,,,,,
502,async-asgi-testclient,vinissimus/async-asgi-testclient,testing,,https://github.com/vinissimus/async-asgi-testclient,https://github.com/vinissimus/async-asgi-testclient,MIT,2019-04-15 12:26:06.000,2023-06-29 14:52:47.000000,2022-06-13 09:29:26,55.0,,23,4.0,40.0,15.0,14.0,161,A framework-agnostic library for testing ASGI web applications.,1021.0,970.0,14.0,22,False,,2022-06-13 09:30:07.000,1.4.11,32.0,,286028.0,,,async-asgi-testclient,https://pypi.org/project/async-asgi-testclient,2022-06-13 09:30:07.000,51.0,286028.0,,,,3.0,,,,,,,,,,,,,,,,,
503,ProxyBroker,constverum/Proxybroker,others,,https://github.com/constverum/ProxyBroker,https://github.com/constverum/ProxyBroker,Apache-2.0,2015-10-11 15:13:37.000,2024-03-18 18:41:12.000000,2019-03-13 10:21:05,152.0,,1078,138.0,35.0,102.0,80.0,4150,Proxy [Finder | Checker | Server]. HTTP(S) & SOCKS.,6.0,,9.0,21,False,,2019-03-12 19:47:46.000,0.3.2,12.0,,6788.0,,,proxybroker,https://pypi.org/project/proxybroker,2019-03-12 19:47:46.000,6.0,6788.0,,,,3.0,,,,,,,,,,,,,,,,,
504,python-instagram,facebookarchive/python-instagram,third-party-apis,,https://github.com/facebookarchive/python-instagram,https://github.com/facebookarchive/python-instagram,MIT,2011-02-02 02:45:23.000,2020-10-01 16:22:11.000000,2018-01-03 00:17:14,233.0,,1098,,160.0,118.0,,3062,Python Client for Instagram API.,5.0,,52.0,21,False,,2015-07-22 15:56:56.000,1.3.2,14.0,,4067.0,,,python-instagram,https://pypi.org/project/python-instagram,2015-07-22 15:56:56.000,5.0,4067.0,,,,3.0,,,,,,,,,,,,,,,,,
505,yandex-tank,yandex/yandex-tank,testing,,https://github.com/yandex/yandex-tank,https://github.com/yandex/yandex-tank,LGPL-2.0,2012-07-23 11:05:58.000,2026-07-01 08:37:46.000000,2025-03-12 14:32:59,3800.0,,284,87.0,733.0,83.0,109.0,2591,Load and performance benchmark tool.,,,119.0,21,False,,2024-12-19 07:38:35.000,2.0.12,51.0,,192.0,,,yandextank,https://pypi.org/project/yandextank,2024-12-19 07:38:35.000,,192.0,,,,3.0,,,,,,,,,,,,,,,,,
506,tartiflette,tartiflette/tartiflette,graphql,,https://github.com/tartiflette/tartiflette,https://github.com/tartiflette/tartiflette,MIT,2018-01-26 09:56:10.000,2023-09-11 07:49:27.000000,2022-01-20 14:55:31,1149.0,,35,20.0,492.0,20.0,131.0,859,GraphQL Engine built with Python 3.6+ / asyncio.,22.0,,27.0,21,False,,2021-11-15 11:05:03.000,1.4.1,80.0,,7315.0,,,tartiflette,https://pypi.org/project/tartiflette,2021-11-15 11:05:00.000,22.0,7315.0,,,,3.0,,,,,,,,,,,,,,,,,
507,fastapi-jwt-auth,IndominusByte/fastapi-jwt-auth,auth,,https://github.com/IndominusByte/fastapi-jwt-auth,https://github.com/IndominusByte/fastapi-jwt-auth,MIT,2020-07-23 09:40:19.000,2024-04-12 06:58:02.000000,2020-11-11 05:05:27,123.0,,158,8.0,27.0,62.0,36.0,827,"FastAPI extension that provides JWT Auth support (secure, easy to use, and lightweight).",14.0,,4.0,21,False,['fastapi'],2020-11-06 11:15:11.000,0.5.0,7.0,,63753.0,,,fastapi-jwt-auth,https://pypi.org/project/fastapi-jwt-auth,2020-10-07 08:57:53.000,14.0,63753.0,,,,3.0,,,,,,,,,,,,,,,,,
508,fastapi-mvc,rszamszur/fastapi-mvc,fastapi-utils,,https://github.com/fastapi-mvc/fastapi-mvc,https://github.com/fastapi-mvc/fastapi-mvc,MIT,2021-07-25 14:11:38.000,2026-05-11 18:30:29.000000,2026-02-11 19:29:52,1250.0,,59,7.0,256.0,20.0,108.0,802,Developer productivity tool for making high-quality FastAPI production-ready APIs.,18.0,18.0,7.0,21,True,['fastapi'],2026-02-11 19:10:59.000,0.29.0,37.0,705.0,159.0,fastapi-mvc/fastapi-mvc,,fastapi-mvc,https://pypi.org/project/fastapi-mvc,2026-02-11 19:07:12.000,,148.0,,,,3.0,,,,,,,,,,,,,,,,,
509,django-smuggler,semente/django-smuggler,admin-ui,,https://github.com/semente/django-smuggler,https://github.com/semente/django-smuggler,LGPL-3.0,2009-12-11 20:59:14.000,2022-09-03 21:45:56.000000,2022-02-03 13:31:17,289.0,,34,1.0,30.0,8.0,41.0,374,Django Smuggler is a pluggable application for Django Web Framework that helps you to import/export fixtures via the..,193.0,193.0,22.0,21,False,['django'],2022-02-03 13:30:53.000,1.0.4,16.0,,12496.0,,,django-smuggler,https://pypi.org/project/django-smuggler,2022-02-03 13:30:53.000,,12496.0,,,,3.0,,,,,,,,,,,,,,,,,
510,django-graphql-auth,PedroBern/django-graphql-auth,graphql,,https://github.com/PedroBern/django-graphql-auth,https://github.com/PedroBern/django-graphql-auth,MIT,2020-01-15 16:36:01.000,2024-08-06 13:07:28.000000,2022-06-17 09:46:13,276.0,,102,20.0,62.0,75.0,44.0,329,Django registration and authentication with GraphQL.,748.0,748.0,16.0,21,False,['django'],2020-11-16 13:18:58.000,0.3.15,37.0,,7501.0,,,django-graphql-auth,https://pypi.org/project/django-graphql-auth,2020-11-16 13:18:58.000,,7501.0,,,,3.0,,,,,,,,,,,,,,,,,
511,mailer,marrow/mailer,email,,https://github.com/marrow/mailer,https://github.com/marrow/mailer,MIT,2011-03-13 05:21:26.000,2025-08-28 14:55:58.010000,2025-05-21 17:42:25,302.0,,60,9.0,32.0,20.0,55.0,293,"A light-weight, modular, message representation and mail delivery framework for Python.",7.0,,22.0,21,False,,2019-09-16 00:20:27.000,4.0.3,8.0,313.0,88645.0,,conda-forge/mailer,mailer,https://pypi.org/project/mailer,2015-04-22 03:10:28.000,7.0,87006.0,https://anaconda.org/conda-forge/mailer,2025-08-28 14:55:58.010,112983.0,3.0,,,,,,,,,,,,,,,,,
512,flask_simplelogin,flask-extensions/flask_simplelogin,auth,,https://github.com/flask-extensions/Flask-SimpleLogin,https://github.com/flask-extensions/Flask-SimpleLogin,MIT,2017-08-23 22:29:20.000,2026-05-04 12:42:07.000000,2026-05-04 12:37:04,115.0,3.0,43,9.0,22.0,3.0,19.0,204,Simple Login - Login Extension for Flask.,143.0,139.0,12.0,21,True,['flask'],2026-05-04 12:42:07.000,0.3.0,14.0,,29703.0,,,flask_simplelogin,https://pypi.org/project/flask_simplelogin,2026-05-04 12:42:07.000,4.0,29703.0,,,,3.0,,,,,,,,,,,,,,,,,
513,python-graphql-client,prisma-labs/python-graphql-client,graphql,,https://github.com/prisma-labs/python-graphql-client,https://github.com/prisma-labs/python-graphql-client,MIT,2016-05-12 12:09:18.000,2021-03-04 21:32:03.000000,2018-07-12 02:38:48,26.0,,45,11.0,14.0,10.0,6.0,157,Simple GraphQL client for Python 2.7+.,101.0,,6.0,21,False,,2021-03-04 21:32:03.000,0.4.3,9.0,,603154.0,,,python-graphql-client,https://pypi.org/project/python-graphql-client,2021-03-04 21:32:03.000,101.0,603154.0,,,,3.0,,,,,,,,,,,,,,,,,
514,gabbi,cdent/gabbi,testing,,https://github.com/cdent/gabbi,https://github.com/cdent/gabbi,Apache-2.0,2014-12-12 14:46:59.000,2026-01-16 16:16:51.000000,2026-01-16 16:16:44,820.0,,36,6.0,191.0,24.0,132.0,154,Declarative HTTP Testing for Python and anything else.,12.0,,30.0,21,True,,2026-01-16 16:13:48.000,4.2.0,133.0,58.0,23849.0,,,gabbi,https://pypi.org/project/gabbi,2026-01-16 15:59:05.000,12.0,23848.0,,,,3.0,,,,,,,,,,,,,,,,,
515,flask-ngrok,gstaff/flask-ngrok,flask-utils,,https://github.com/gstaff/flask-ngrok,https://github.com/gstaff/flask-ngrok,Apache-2.0,2018-09-04 00:22:30.000,2023-11-02 19:01:53.000000,2019-04-28 13:53:50,26.0,,57,5.0,13.0,32.0,5.0,142,A simple way to demo Flask apps from your machine.,4022.0,4007.0,2.0,21,False,['flask'],2018-09-09 19:48:38.000,0.0.25,16.0,,67912.0,,,flask-ngrok,https://pypi.org/project/flask-ngrok,2018-09-09 19:48:38.000,15.0,67912.0,,,,3.0,,,,,,,,,,,,,,,,,
516,Flask-Opentracing,opentracing-contrib/python-flask,flask-utils,,https://github.com/opentracing-contrib/python-flask,https://github.com/opentracing-contrib/python-flask,BSD-3-Clause,2016-07-20 17:14:48.000,2026-04-22 15:19:00.000000,2024-02-29 21:10:38,72.0,,47,9.0,31.0,9.0,23.0,138,OpenTracing instrumentation for the Flask microframework.,572.0,549.0,16.0,21,False,['flask'],2026-04-22 15:19:00.000,2.0.0,13.0,4.0,43648.0,,,Flask-Opentracing,https://pypi.org/project/Flask-Opentracing,2024-02-29 21:31:57.000,23.0,43648.0,,,,3.0,,,,,,,,,,,,,,,,,
517,markdown-include,cmacmackin/markdown-include,markdown,,https://github.com/cmacmackin/markdown-include,https://github.com/cmacmackin/markdown-include,GPL-3.0,2015-01-09 01:12:35.000,2025-04-22 14:57:38.757000,2023-02-07 09:45:37,75.0,,40,7.0,25.0,12.0,19.0,115,Provides syntax for Python-Markdown which allows for the inclusion of the contents of other Markdown documents.,8259.0,7987.0,12.0,21,False,,2023-02-07 09:49:00.957,0.8.1,14.0,,276447.0,,conda-forge/markdown-include,markdown-include,https://pypi.org/project/markdown-include,2023-02-07 09:49:00.957,272.0,275879.0,https://anaconda.org/conda-forge/markdown-include,2025-04-22 14:57:38.757,38653.0,3.0,,,,,,,,,,,,,,,,,
518,pyramid_mailer,Pylons/pyramid_mailer,email,,https://github.com/Pylons/pyramid_mailer,https://github.com/Pylons/pyramid_mailer,BSD-3-Clause,2011-09-26 01:17:42.000,2022-11-17 20:47:17.000000,2022-09-17 23:31:23,389.0,,39,14.0,60.0,13.0,33.0,51,A package for sending email from your Pyramid application.,28.0,,36.0,21,False,['pyramid'],2016-12-13 20:51:40.258,0.15.1,24.0,,61524.0,,,pyramid_mailer,https://pypi.org/project/pyramid_mailer,2016-12-13 20:51:40.258,28.0,61524.0,,,,3.0,,,,,,,,,,,,,,,,,
519,cabot,arachnys/cabot,others,,https://github.com/arachnys/cabot,https://github.com/arachnys/cabot,MIT,2014-01-06 17:48:59.000,2023-09-10 09:23:26.000000,2021-01-05 10:40:20,735.0,,582,141.0,270.0,167.0,299.0,5669,"Self-hosted, easily-deployable monitoring and alerts service - like a lightweight PagerDuty.",15.0,15.0,71.0,20,False,,2017-09-14 16:02:39.000,0.11.7,22.0,138.0,1.0,,,,,,,,,,,3.0,,,,,,,,,,,,,,,,,
520,twitter-scraper,bisguzar/twitter-scraper,third-party-apis,,https://github.com/bisguzar/twitter-scraper,https://github.com/bisguzar/twitter-scraper,MIT,2018-02-22 14:58:34.000,2023-10-30 05:53:33.000000,2021-12-17 16:00:19,208.0,,604,1.0,101.0,51.0,64.0,4014,Scrape the Twitter Frontend API without authentication.,12.0,,31.0,20,False,,2020-07-17 18:56:19.000,0.4.4,11.0,,687.0,,,twitter-scraper,https://pypi.org/project/twitter-scraper,2020-07-17 18:56:19.000,12.0,687.0,,,,3.0,,,,,,,,,,,,,,,,,
521,gmail,charlierguo/gmail,email,,https://github.com/charlierguo/gmail,https://github.com/charlierguo/gmail,MIT,2013-07-29 03:46:41.000,2023-07-09 19:49:08.000000,2014-02-04 22:59:23,73.0,,385,87.0,41.0,60.0,11.0,1798,A Pythonic interface for Google Mail.,9.0,,14.0,20,False,,2017-08-07 19:59:52.000,0.6.3,10.0,,11868.0,,,gmail,https://pypi.org/project/gmail,2017-08-07 19:59:52.000,9.0,11868.0,,,,3.0,,,,,,,,,,,,,,,,,
522,ucall,unum-cloud/ucall,rpc,,https://github.com/unum-cloud/UCall,https://github.com/unum-cloud/UCall,Apache-2.0,2023-01-03 10:23:50.000,2025-09-16 13:07:15.000000,2025-09-16 13:07:13,521.0,,54,23.0,83.0,14.0,20.0,1330,"Web Serving and Remote Procedure Calls at 50x lower latency and 70x higher bandwidth than FastAPI, implementing JSON-..",64.0,63.0,14.0,20,True,,2025-09-16 13:07:18.000,0.5.8,21.0,,420.0,,,ucall,https://pypi.org/project/ucall,2024-04-15 06:07:54.000,1.0,420.0,,,,3.0,,,,,,,,,,,,,,,,,
523,flask-debugtoolbar,flask-debugtoolbar/flask-debugtoolbar,testing,,,https://flask-debugtoolbar.readthedocs.io,BSD-3-Clause,2020-10-13 10:48:17.869,2025-04-22 14:56:27.983000,,,,149,,,,,978,A toolbar overlay for debugging Flask applications.,78.0,,,20,False,['flask'],2024-09-28 14:55:33.000,0.16.0,31.0,,1153143.0,,conda-forge/flask-debugtoolbar,flask-debugtoolbar,https://pypi.org/project/flask-debugtoolbar,2024-09-28 14:55:33.000,78.0,1149993.0,https://anaconda.org/conda-forge/flask-debugtoolbar,2025-04-22 14:56:27.983,217370.0,3.0,,,,,,,,,,,,,,,,,
524,gazpacho,maxhumber/gazpacho,web-scraping,,https://github.com/maxhumber/gazpacho,https://github.com/maxhumber/gazpacho,MIT,2019-09-23 20:21:55.000,2023-12-07 03:03:36.000000,2023-12-07 03:03:36,161.0,,57,16.0,27.0,16.0,33.0,768,"The simple, fast, and modern web scraping library.",364.0,348.0,16.0,20,False,,2020-10-09 12:51:41.000,1.1,19.0,,4943.0,,,gazpacho,https://pypi.org/project/gazpacho,2020-10-09 12:50:18.000,16.0,4943.0,,,,3.0,,,,,,,,,,,,,,,,,
525,tornadio2,mrjoes/tornadio2,websocket,,https://github.com/mrjoes/tornadio2,https://github.com/mrjoes/tornadio2,Apache-2.0,2011-09-28 10:15:54.000,2021-12-15 13:51:02.491000,2013-08-25 06:52:07,143.0,,117,29.0,25.0,13.0,46.0,529,Python socket.io server implementation on top of Tornado framework.,210.0,210.0,15.0,20,False,,2021-12-15 13:51:02.491,0.0.1,4.0,,711.0,,,tornadio2,https://pypi.org/project/tornadio2,2021-12-15 13:51:02.491,,711.0,,,,3.0,,,,,,,,,,,,,,,,,
526,Starlette Prometheus,perdy/starlette-prometheus,monitoring,,https://github.com/perdy/starlette-prometheus,https://github.com/perdy/starlette-prometheus,GPL-3.0,2019-01-10 15:49:38.000,2024-09-03 09:48:15.000000,2024-02-05 13:55:53,72.0,,34,3.0,27.0,15.0,18.0,378,Prometheus integration for Starlette.,485.0,460.0,17.0,20,False,['fastapi'],2024-09-03 09:48:15.000,0.10.0,11.0,56.0,248950.0,,,starlette-prometheus,https://pypi.org/project/starlette-prometheus,2024-09-03 09:48:15.000,25.0,248950.0,,,,3.0,,,,,,,,,,,,,,,,,
527,fastapi_cache,comeuplater/fastapi_cache,fastapi-utils,,https://github.com/comeuplater/fastapi_cache,https://github.com/comeuplater/fastapi_cache,MIT,2020-07-26 08:07:35.000,2026-04-13 17:48:58.000000,2021-02-12 15:01:21,75.0,,21,3.0,8.0,9.0,3.0,306,FastAPI simple cache.,363.0,359.0,7.0,20,False,['fastapi'],2021-02-12 14:58:56.000,0.1.0,6.0,,9066.0,,,fastapi_cache,https://pypi.org/project/fastapi_cache,2021-02-12 14:58:56.000,4.0,9066.0,,,,3.0,,,,,,,,,,,,,,,,,
528,flask-jsonrpc,cenobites/flask-jsonrpc,flask-utils,,https://github.com/cenobites/flask-jsonrpc,https://github.com/cenobites/flask-jsonrpc,BSD-3-Clause,2012-12-14 18:33:24.000,2026-06-29 20:45:42.000000,2026-03-16 15:59:25,768.0,,62,13.0,649.0,3.0,98.0,295,Basic JSON-RPC implementation for your Flask-powered sites.,289.0,289.0,19.0,20,True,['flask'],2025-12-09 12:36:33.000,4.0,15.0,272.0,176.0,,,rpc,https://pypi.org/project/rpc,2012-04-28 13:01:16.000,,172.0,,,,3.0,,,,,,,,,,,,,,,,,
529,python-jwt,davedoesdev/python-jwt,auth,,https://github.com/davedoesdev/python-jwt,https://github.com/davedoesdev/python-jwt,MIT,2013-09-30 08:03:49.000,2023-11-13 07:57:01.000000,2023-11-13 07:55:27,169.0,,29,1.0,8.0,,17.0,222,Python module for generating and verifying JSON Web Tokens.,82.0,,5.0,20,False,,2023-11-13 07:57:01.000,4.1.0,45.0,,291244.0,,,python-jwt,https://pypi.org/project/python-jwt,2023-11-13 07:57:01.000,82.0,291244.0,,,,3.0,,,,,,,,,,,,,,,,,
530,aresponses,aresponses/aresponses,testing,,https://github.com/aresponses/aresponses,https://github.com/aresponses/aresponses,MIT,2017-09-06 08:54:59.000,2024-07-11 15:20:18.000000,2024-07-11 04:34:15,147.0,,20,15.0,51.0,5.0,33.0,108,Asyncio http mocking. Similar to the responses library used for requests.,776.0,758.0,15.0,20,False,,2024-01-12 05:36:33.000,3.0.0,25.0,,101150.0,,,aresponses,https://pypi.org/project/aresponses,2024-01-12 05:36:33.000,18.0,101150.0,,,,3.0,,,,,,,,,,,,,,,,,
531,pyramid_jinja2,Pylons/pyramid_jinja2,pyramid-utils,,https://github.com/Pylons/pyramid_jinja2,https://github.com/Pylons/pyramid_jinja2,,2010-10-31 16:21:44.000,2025-11-21 08:05:59.000000,2024-02-08 06:04:14,595.0,,60,14.0,113.0,7.0,56.0,72,Jinja2 templating system bindings for the Pyramid web framework.,37.0,,51.0,20,False,['pyramid'],2024-02-08 06:08:17.000,2.10.1,41.0,,1968358.0,,anaconda/pyramid_jinja2,pyramid_jinja2,https://pypi.org/project/pyramid_jinja2,2024-02-08 06:08:17.000,37.0,1968343.0,https://anaconda.org/anaconda/pyramid_jinja2,2025-04-22 15:32:19.383,1950.0,1.0,,,,,,,,,,,,,,,,,BSD-based
532,GHunt,mxrch/GHunt,third-party-apis,,https://github.com/mxrch/GHunt,https://github.com/mxrch/GHunt,,2020-10-02 11:26:03.000,2026-04-10 02:29:16.000000,2026-04-10 02:29:16,361.0,2.0,1639,548.0,108.0,78.0,386.0,19165,Offensive Google framework.,,,37.0,19,False,,2024-06-06 01:54:02.000,2.2.0,3.0,,,,,,,,,,,,,3.0,,,,,,,,,,,,,,,,,
533,AutoScraper,alirezamika/autoscraper,web-scraping,,https://github.com/alirezamika/autoscraper,https://github.com/alirezamika/autoscraper,MIT,2020-08-31 12:02:19.000,2025-06-09 12:00:29.000000,2025-06-08 13:47:27,147.0,,753,118.0,33.0,12.0,67.0,7482,"A Smart, Automatic, Fast and Lightweight Web Scraper for Python.",2.0,,8.0,19,False,,2022-07-17 17:20:18.601,1.1.14,16.0,,1397.0,,,autoscraper,https://pypi.org/project/autoscraper,2022-07-17 17:20:18.601,2.0,1397.0,,,,3.0,,,,,,,,,,,,,,,,,
534,vibora,vibora-io/vibora,web-frameworks,,https://github.com/vibora-io/vibora,https://github.com/vibora-io/vibora,MIT,2018-06-13 15:58:58.000,2020-12-23 01:00:55.000000,2019-02-11 10:54:12,141.0,,303,1.0,103.0,140.0,,5648,"Fast, asynchronous and elegant Python web framework.",118.0,116.0,28.0,19,False,,2018-06-16 04:25:57.000,0.0.6,8.0,,421.0,,,vibora,https://pypi.org/project/vibora,2018-06-16 04:25:57.000,2.0,421.0,,,,3.0,,,,,,,,,,,,,,,,,
535,snallygaster,hannob/snallygaster,web-scraping,,https://github.com/hannob/snallygaster,https://github.com/hannob/snallygaster,0BSD,2018-04-10 12:01:16.000,2026-02-04 11:26:43.000000,2026-02-04 11:26:40,272.0,,231,67.0,47.0,12.0,35.0,2105,Tool to scan for secret files on HTTP servers.,8.0,8.0,17.0,19,False,,2025-10-08 15:47:39.000,0.0.15,15.0,,868.0,,,snallygaster,https://pypi.org/project/snallygaster,2025-10-08 15:47:39.000,,868.0,,,,3.0,,,,,,,,,,,,,,,,,
536,merchant,agiliq/merchant,django-utils,,https://github.com/agiliq/merchant,https://github.com/agiliq/merchant,BSD-3-Clause,2010-09-29 11:30:58.000,2022-07-08 19:12:50.000000,2015-07-08 05:29:26,684.0,,171,55.0,86.0,32.0,42.0,1024,A Django app to accept payments from various payment processors via Pluggable backends.,34.0,34.0,49.0,19,False,['django'],,,9.0,,67.0,,,django-merchant,https://pypi.org/project/django-merchant,2013-12-02 07:13:21.000,,67.0,,,,3.0,,,,,,,,,,,,,,,,,
537,fastapi-versioning,DeanWay/fastapi-versioning,fastapi-utils,,https://github.com/DeanWay/fastapi-versioning,https://github.com/DeanWay/fastapi-versioning,MIT,2019-12-02 23:40:07.000,2023-07-25 14:20:52.000000,2021-08-24 17:12:25,93.0,,63,6.0,34.0,35.0,17.0,846,api versioning for fastapi web applications.,16.0,,16.0,19,False,['fastapi'],2021-08-24 17:06:33.000,0.10.0,10.0,,86152.0,,,fastapi-versioning,https://pypi.org/project/fastapi-versioning,2021-08-24 17:06:33.000,16.0,86152.0,,,,3.0,,,,,,,,,,,,,,,,,
538,fastapi-sqlalchemy,mfreeborn/fastapi-sqlalchemy,fastapi-utils,,https://github.com/mfreeborn/fastapi-sqlalchemy,https://github.com/mfreeborn/fastapi-sqlalchemy,MIT,2019-11-03 16:30:26.000,2024-04-09 04:47:10.000000,2024-04-09 04:47:04,96.0,,43,11.0,27.0,20.0,13.0,757,Adds simple SQLAlchemy support to FastAPI.,12.0,3.0,10.0,19,False,['fastapi'],2020-09-25 16:26:29.000,0.2.1,9.0,,127301.0,,,fastapi-sqlalchemy,https://pypi.org/project/fastapi-sqlalchemy,2020-09-25 16:26:29.000,9.0,127301.0,,,,3.0,,,,,,,,,,,,,,,,,
539,fastapi_contrib,identixone/fastapi_contrib,fastapi-utils,,https://github.com/identixone/fastapi_contrib,https://github.com/identixone/fastapi_contrib,MIT,2019-08-21 20:51:35.000,2022-09-12 13:55:21.000000,2021-06-03 14:00:13,140.0,,29,7.0,157.0,15.0,23.0,741,Opinionated set of utilities on top of FastAPI.,13.0,,12.0,19,False,['fastapi'],2021-06-03 13:58:16.000,0.2.11,34.0,,20221.0,,,fastapi_contrib,https://pypi.org/project/fastapi_contrib,2021-06-03 13:49:33.000,13.0,20221.0,,,,3.0,,,,,,,,,,,,,,,,,
540,Lassie,michaelhelmick/lassie,web-scraping,,https://github.com/michaelhelmick/lassie,https://github.com/michaelhelmick/lassie,MIT,2013-07-30 20:41:39.000,2022-07-30 23:22:33.000000,2021-08-20 14:32:48,231.0,,49,19.0,46.0,12.0,29.0,629,Web Content Retrieval for Humans.,52.0,49.0,15.0,19,False,,2021-08-20 14:34:18.000,0.11.11,38.0,,1005.0,,,lassie,https://pypi.org/project/lassie,2021-08-20 14:34:18.000,3.0,1005.0,,,,3.0,,,,,,,,,,,,,,,,,
541,flask-mongorest,closeio/flask-mongorest,web-frameworks,,https://github.com/closeio/flask-mongorest,https://github.com/closeio/flask-mongorest,BSD-3-Clause,2012-06-12 18:40:14.000,2024-01-23 12:59:32.000000,2024-01-23 12:59:32,306.0,,88,18.0,82.0,24.0,38.0,521,Restful API framework wrapped around MongoEngine.,53.0,53.0,18.0,19,False,['flask'],2019-08-26 10:57:49.000,0.3.0,7.0,,955.0,,,Flask-MongoRest,https://pypi.org/project/Flask-MongoRest,2019-08-26 10:51:10.000,,955.0,,,,3.0,,,,,,,,,,,,,,,,,
542,fastapi-socketio,pyropy/fastapi-socketio,fastapi-utils,,https://github.com/pyropy/fastapi-socketio,https://github.com/pyropy/fastapi-socketio,Apache-2.0,2020-09-11 15:22:31.000,2023-11-26 03:02:26.000000,2023-03-03 08:44:22,44.0,,33,1.0,16.0,23.0,16.0,425,Easily integrate socket.io with your FastAPI app.,68.0,,7.0,19,False,['fastapi'],2023-03-03 08:42:00.907,0.0.10,14.0,,101706.0,,,fastapi-socketio,https://pypi.org/project/fastapi-socketio,2023-03-03 08:42:00.907,68.0,101706.0,,,,3.0,,,,,,,,,,,,,,,,,
543,Kotti,Kotti/Kotti,cms,,https://github.com/Kotti/Kotti,https://github.com/Kotti/Kotti,BSD,2011-01-28 15:42:02.000,2025-11-27 16:20:04.000000,2022-07-03 18:00:41,2993.0,,117,40.0,382.0,51.0,167.0,412,"Kotti is a high-level, Pythonic web application framework based on Pyramid and SQLAlchemy. It includes an extensible..",234.0,234.0,66.0,19,False,,,,,,,,,,,,,,,,,3.0,,,,,,,,,,,,,,,,,
544,flask-msearch,honmaple/flask-msearch,flask-utils,,https://github.com/honmaple/flask-msearch,https://github.com/honmaple/flask-msearch,BSD-3-Clause,2017-04-15 16:31:48.000,2024-01-16 05:07:23.000000,2024-01-16 05:07:05,61.0,,30,6.0,13.0,8.0,46.0,228,Full text search for flask.,618.0,618.0,4.0,19,False,['flask'],2020-05-18 15:17:04.000,0.2.9,24.0,,553.0,,,flask-msearch,https://pypi.org/project/flask-msearch,2024-01-16 05:06:56.000,,553.0,,,,3.0,,,,,,,,,,,,,,,,,
545,lambdarest,sloev/python-lambdarest,serverless,,https://github.com/sloev/python-lambdarest,https://github.com/sloev/python-lambdarest,MIT,2017-02-07 15:30:04.000,2023-03-08 21:03:10.000000,2023-03-08 21:03:05,179.0,,24,34.0,62.0,1.0,31.0,94,Flask like web framework for AWS Lambda.,14.0,14.0,23.0,19,False,,2023-03-08 12:15:00.843,13.0.3,53.0,,607.0,,,lambdarest,https://pypi.org/project/lambdarest,2023-03-08 12:15:00.843,,607.0,,,,3.0,,,,,,,,,,,,,,,,,
546,cookiecutter-flask,cookiecutter-flask/cookiecutter-flask,flask-utils,,https://github.com/cookiecutter-flask/cookiecutter-flask,https://github.com/cookiecutter-flask/cookiecutter-flask,MIT,2013-08-16 07:27:55.000,2025-12-02 04:56:04.000000,2025-08-13 12:05:18,2195.0,,750,76.0,2239.0,10.0,181.0,4725,"A flask template with Bootstrap, asset bundling+minification with webpack, starter templates, and..",,,78.0,18,True,['flask'],,,,,,,,,,,,,,,,3.0,,,,,,,,,,,,,,,,,
547,flask_jsondash,christabor/flask_jsondash,flask-utils,,https://github.com/christabor/flask_jsondash,https://github.com/christabor/flask_jsondash,MIT,2016-02-18 04:34:48.000,2026-06-26 16:26:59.000000,2026-06-26 16:26:57,775.0,2.0,295,96.0,86.0,50.0,112.0,3283,Build complex dashboards without any front-end code. Use your own endpoints. JSON config only. Ready to go.,2.0,2.0,7.0,18,True,['flask'],2017-06-13 18:56:28.000,6.2.3,11.0,,75.0,,,flask_jsondash,https://pypi.org/project/flask_jsondash,2017-06-13 18:53:34.000,,75.0,,,,3.0,,,,,,,,,,,,,,,,,
548,fastapi-plugins,madkote/fastapi-plugins,fastapi-utils,,https://github.com/madkote/fastapi-plugins,https://github.com/madkote/fastapi-plugins,MIT,2019-11-20 11:41:50.000,2025-07-09 21:03:39.000000,2025-07-09 21:00:37,102.0,,28,2.0,10.0,4.0,14.0,614,FastAPI framework plugins.,119.0,115.0,3.0,18,True,['fastapi'],2025-07-09 21:05:58.000,0.14.0,23.0,,20104.0,,,fastapi-plugins,https://pypi.org/project/fastapi-plugins,2025-07-09 21:00:09.000,4.0,20104.0,,,,3.0,,,,,,,,,,,,,,,,,
549,fastapi-react,Buuntu/fastapi-react,fastapi-utils,,https://github.com/Buuntu/fastapi-react,https://github.com/Buuntu/fastapi-react,MIT,2020-03-21 19:48:47.000,2023-10-06 23:46:17.000000,2022-02-18 04:40:27,150.0,,363,45.0,140.0,44.0,41.0,2588,"Cookiecutter Template for FastAPI + React Projects. Using PostgreSQL, SQLAlchemy, and Docker.",,,13.0,17,False,['fastapi'],2021-02-02 23:59:57.000,1.2.0,2.0,,,,,,,,,,,,,3.0,,,,,,,,,,,,,,,,,
550,libextract,datalib/libextract,others,,https://github.com/datalib/libextract,https://github.com/datalib/libextract,MIT,2015-04-06 08:27:32.000,2020-10-02 11:31:24.000000,2015-05-23 08:52:06,317.0,,41,22.0,19.0,2.0,19.0,506,Extract data from websites using basic statistical magic.,22.0,22.0,3.0,17,False,,2015-06-28 22:20:05.000,0.0.12,4.0,,62.0,,,libextract,https://pypi.org/project/libextract,2015-06-28 22:20:05.000,,62.0,,,,3.0,,,,,,,,,,,,,,,,,
551,golem,golemhq/golem,testing,,https://github.com/golemhq/golem,https://github.com/golemhq/golem,MIT,2016-01-11 19:43:42.000,2022-02-07 13:15:15.000000,2021-11-16 00:44:19,643.0,,75,5.0,99.0,16.0,120.0,486,A complete test automation tool.,8.0,7.0,21.0,17,False,,2021-07-30 15:38:36.000,0.10.1,36.0,87.0,82.0,,,golem-framework,https://pypi.org/project/golem-framework,2021-07-30 15:31:26.000,1.0,82.0,,,,3.0,,,,,,,,,,,,,,,,,
552,flask-file-upload,joegasewicz/flask-file-upload,flask-utils,,https://github.com/joegasewicz/flask-file-upload,https://github.com/joegasewicz/flask-file-upload,MIT,2019-12-13 11:26:42.000,2023-02-16 04:15:10.000000,2023-02-08 08:18:07,375.0,,15,5.0,54.0,14.0,60.0,154,Easy file uploads for Flask.,97.0,97.0,7.0,17,False,['flask'],2021-12-07 13:25:50.000,0.2.1,25.0,,87.0,,,flask-file-upload,https://pypi.org/project/flask-file-upload,2021-12-07 13:25:50.000,,87.0,,,,3.0,,,,,,,,,,,,,,,,,
553,pyramid_celery,sontek/pyramid_celery,pyramid-utils,,https://github.com/sontek/pyramid_celery,https://github.com/sontek/pyramid_celery,MIT,2011-11-05 09:07:26.000,2024-07-23 05:36:00.000000,2021-02-24 02:40:04,189.0,,66,12.0,56.0,20.0,34.0,106,Pyramid configuration with celery integration. Allows you to use pyramid .ini files to configure celery and have your..,2.0,,25.0,17,False,['pyramid'],2021-02-24 02:34:47.000,4.0.0,11.0,,6039.0,,,pyramid_celery,https://pypi.org/project/pyramid_celery,2021-02-24 02:34:47.000,2.0,6039.0,,,,3.0,,,,,,,,,,,,,,,,,
554,Flask-GraphQL-Auth,NovemberOscar/Flask-GraphQL-Auth,graphql,,https://github.com/rscarrera27/Flask-GraphQL-Auth,https://github.com/rscarrera27/Flask-GraphQL-Auth,MIT,2018-04-19 00:41:39.000,2023-05-01 21:37:28.000000,2021-06-16 13:33:51,120.0,,13,6.0,15.0,5.0,13.0,63,(UNMAINTAINED. FEEL FREE TO FORK) A Pythonic way to provide JWT authentication for Flask-GraphQL.,335.0,335.0,7.0,17,False,['flask'],2021-04-19 04:21:50.000,1.3.3,14.0,,2495.0,rscarrera27/Flask-GraphQL-Auth,,flask-graphql-auth,https://pypi.org/project/flask-graphql-auth,2021-04-19 04:19:08.000,,2495.0,,,,3.0,,,,,,,,,,,,,,,,,
555,pyramid_swagger,striglia/pyramid_swagger,openapi-utils,,https://github.com/Yelp/pyramid_swagger,https://github.com/Yelp/pyramid_swagger,BSD-3-Clause,2014-05-24 00:43:16.000,2026-04-02 17:06:40.000000,2026-04-02 17:06:40,584.0,,46,11.0,149.0,,,62,Convenient tools for using Swagger to define and validate your interfaces in a Pyramid webapp.,,,43.0,17,True,['pyramid'],2024-05-08 20:50:15.000,2.9.0,29.0,,11773.0,Yelp/pyramid_swagger,,pyramid_swagger,https://pypi.org/project/pyramid_swagger,2024-05-08 20:50:15.000,,11773.0,,,,3.0,,,,,,,,,,,,,,,,,
556,tartiflette-aiohttp,tartiflette/tartiflette-aiohttp,graphql,,https://github.com/tartiflette/tartiflette-aiohttp,https://github.com/tartiflette/tartiflette-aiohttp,MIT,2018-11-07 05:16:40.000,2023-11-12 23:04:30.000000,2022-09-07 18:59:30,228.0,,11,8.0,248.0,16.0,15.0,62,"tartiflette-aiohttp is a wrapper of aiohttp which includes the Tartiflette GraphQL Engine, do not hesitate to take a..",61.0,57.0,11.0,17,False,,2021-11-15 10:12:31.000,1.4.1,31.0,,2940.0,,,tartiflette-aiohttp,https://pypi.org/project/tartiflette-aiohttp,2021-11-15 10:02:16.000,4.0,2940.0,,,,3.0,,,,,,,,,,,,,,,,,
557,instagram-scraper,arc298/instagram-scraper,third-party-apis,,https://github.com/arc298/instagram-scraper,https://github.com/arc298/instagram-scraper,Unlicense,2013-04-09 03:12:09.000,2024-02-20 07:37:04.000000,,,,1364,,,420.0,,6873,Scrapes an instagram users photos and videos.,12.0,,54.0,16,False,,2024-02-20 07:37:04.000,66.0.3,77.0,,1.0,,,instagram-scraper,https://pypi.org/project/instagram-scraper,2024-02-20 07:37:04.000,12.0,1.0,,,,3.0,,,,,,,,,,,,,,,,,
558,igramscraper,realsirjoe/instagram-scraper,third-party-apis,,https://github.com/realsirjoe/instagram-scraper,https://github.com/realsirjoe/instagram-scraper,MIT,2019-06-10 06:15:55.000,2021-09-05 10:31:32.000000,,,,355,,,108.0,,2145,"scrapes medias, likes, followers, tags and all metadata. Inspired by instagram-php-scraper,bot.",2.0,,24.0,16,False,,2020-05-25 18:11:03.000,0.3.5,9.0,,217.0,,,igramscraper,https://pypi.org/project/igramscraper,2020-05-25 18:11:03.000,2.0,217.0,,,,3.0,,,,,,,,,,,,,,,,,
559,gain,gaojiuli/gain,web-scraping,,https://github.com/gaojiuli/gain,https://github.com/gaojiuli/gain,MIT,2025-08-17 17:08:33.000,2026-05-22 08:42:59.000000,2025-08-17 17:08:33,1.0,,205,,,,,2020,Taken Over By Shad0w For Responsible Disclosure [Kiwi BBP].,2.0,,,16,True,,2026-05-22 08:42:59.000,1.0.1,7.0,,221.0,,,gain,https://pypi.org/project/gain,2026-05-22 08:42:59.000,2.0,221.0,,,,3.0,,,,,,,,,,,,,,,,,
560,Cola,qinxuye/cola,web-scraping,,https://github.com/qinxuye/cola,https://github.com/qinxuye/cola,Apache-2.0,2013-05-15 06:41:01.000,2022-07-31 00:13:43.000000,2020-03-01 06:25:05,254.0,,529,1.0,3.0,16.0,52.0,1505,A high-level distributed crawling framework.,,,4.0,16,False,,2016-03-31 04:19:26.000,0.1.0,3.0,,90.0,,,cola,https://pypi.org/project/cola,2016-03-31 04:19:26.000,,90.0,,,,3.0,,,,,,,,,,,,,,,,,
561,tartiflette-asgi,tartiflette/tartiflette-asgi,graphql,,https://github.com/tartiflette/tartiflette-asgi,https://github.com/tartiflette/tartiflette-asgi,MIT,2019-04-19 19:38:45.000,2023-06-26 07:57:25.000000,2022-05-20 21:14:37,166.0,,16,6.0,139.0,14.0,43.0,99,ASGI support for the Tartiflette GraphQL engine.,23.0,23.0,15.0,16,False,['graphql'],2022-05-20 21:20:14.000,0.12.0,7.0,,222.0,,,tartiflette-asgi,https://pypi.org/project/tartiflette-asgi,2022-05-20 21:20:14.000,,222.0,,,,3.0,,,,,,,,,,,,,,,,,
562,InstaPy,timgrossmann/InstaPy,third-party-apis,,,https://github.com/timgrossmann/InstaPy,GPL-3.0,,2022-01-19 04:05:04.000000,,,,3837,,,,,17454,Tool for automated Instagram interactions.,,,,15,False,,2022-01-19 04:05:04.000,0.6.16,52.0,,1973.0,,,instapy,https://pypi.org/project/instapy,2022-01-19 04:05:04.000,,1973.0,,,,3.0,,,,,,,,,,,,,,,,,
563,nginx-ui,schenkd/nginx-ui,admin-ui,,https://github.com/schenkd/nginx-ui,https://github.com/schenkd/nginx-ui,MIT,2020-05-30 08:31:03.000,2024-05-26 05:34:56.000000,2023-04-24 11:52:27,13.0,,274,79.0,25.0,24.0,17.0,4480,Nginx UI allows you to access and modify the nginx configurations files without cli.,,,4.0,15,False,,2020-06-28 15:17:10.000,0.2,1.0,,7378.0,,,,,,,,,,,3.0,,,,,,,,,,schenkd/nginx-ui,https://hub.docker.com/r/schenkd/nginx-ui,2020-06-25 16:45:27.170206,14.0,546023.0,,,
564,Astra,flipkart-incubator/Astra,testing,,https://github.com/flipkart-incubator/Astra,https://github.com/flipkart-incubator/Astra,Apache-2.0,2018-01-10 11:56:11.000,2024-06-05 17:35:29.000000,2024-05-21 11:35:42,489.0,,413,85.0,76.0,68.0,36.0,2650,Automated Security Testing For REST APIs.,,,13.0,15,False,,,,,,,,,,,,,,,,,3.0,,,,,,,,,,,,,,,,,
565,django-schedule,thauber/django-schedule,django-utils,,https://github.com/thauber/django-schedule,https://github.com/thauber/django-schedule,BSD-3-Clause,2009-04-02 02:56:42.000,2019-12-29 09:27:39.000000,2016-04-16 20:26:10,326.0,,290,41.0,8.0,24.0,40.0,847,"A calendaring app for Django. It is now stable, Please feel free to use it now. Active development has been taken over..",,,17.0,15,False,['django'],,,1.0,,56.0,,,django-schedule-frinat,https://pypi.org/project/django-schedule-frinat,2014-02-24 14:31:35.000,,56.0,,,,3.0,,,,,,,,,,,,,,,,,BSD-3-Clause
566,flask-state,yoobool/flask-state,monitoring,,https://github.com/yoobool/flask-state,https://github.com/yoobool/flask-state,BSD-3-Clause,2020-08-25 02:27:29.000,2021-12-15 18:07:56.000000,2021-06-18 07:32:23,511.0,,51,16.0,23.0,5.0,18.0,607,Display machine state using Python3 with Flask.,3.0,3.0,9.0,15,False,['flask'],2021-06-18 07:47:50.000,1.1.4,16.0,,97.0,,,Flask-State,https://pypi.org/project/Flask-State,2021-06-18 07:47:50.000,,97.0,,,,3.0,,,,,,,,,,,,,,,,,
567,opengraph,erikriver/opengraph,web-scraping,,https://github.com/erikriver/opengraph,https://github.com/erikriver/opengraph,MIT,2011-06-17 08:11:10.000,2021-12-26 03:18:57.000000,2017-09-19 15:55:05,27.0,,83,13.0,28.0,23.0,2.0,235,A python module to parse the Open Graph Protocol.,113.0,111.0,8.0,15,False,,,,3.0,,1049.0,,,opengraph,https://pypi.org/project/opengraph,2012-05-25 23:25:52.000,2.0,1049.0,,,,3.0,,,,,,,,,,,,,,,,,
568,view.py,ZeroIntensity/view.py,web-frameworks,,https://github.com/ZeroIntensity/view.py,https://github.com/ZeroIntensity/view.py,MIT,2023-03-03 17:06:09.000,2026-05-17 18:21:48.000000,2026-02-22 16:34:44,1073.0,,16,2.0,91.0,,119.0,213,The Batteries-Detachable Web Framework.,,,13.0,15,True,,2024-05-26 19:22:30.000,1.0.0-alpha10,10.0,,245.0,,,view.py,https://pypi.org/project/view.py,2024-05-26 19:36:56.000,,245.0,,,,3.0,,,,,,,,,,,,,,,,,
569,apex,cd34/apex,auth,,https://github.com/cd34/apex,https://github.com/cd34/apex,MIT,2011-07-17 20:20:49.000,2026-04-15 22:12:48.000000,2026-04-15 22:12:44,430.0,1.0,28,11.0,77.0,9.0,20.0,96,"Toolkit for Pyramid, a Pylons Project, to add Authentication and Authorization using Velruse (OAuth) and/or a local..",24.0,,20.0,15,True,['pyramid'],,,5.0,,7596.0,,,apex,https://pypi.org/project/apex,2021-12-15 14:18:14.200,24.0,7596.0,,,,3.0,,,,,,,,,-2.0,,,,,,,,
570,pyramid_services,mmerickel/pyramid_services,pyramid-utils,,https://github.com/mmerickel/pyramid_services,https://github.com/mmerickel/pyramid_services,MIT,2015-02-14 06:44:36.000,2025-11-20 20:05:59.000000,2024-08-29 22:50:57,98.0,,11,12.0,16.0,,5.0,82,A service layer for pyramid.,9.0,,7.0,15,False,['pyramid'],2019-04-22 16:43:41.562,0.1.1,9.0,,36436.0,,,pyramid_services,https://pypi.org/project/pyramid_services,2019-04-22 16:43:41.941,9.0,36436.0,,,,3.0,,,,,,,,,,,,,,,,,
571,pyramid_jwt,wichert/pyramid_jwt,auth,,https://github.com/wichert/pyramid_jwt,https://github.com/wichert/pyramid_jwt,BSD-2-Clause,2015-12-16 14:33:49.000,2024-11-25 20:05:06.000000,2024-11-25 20:05:06,122.0,,31,5.0,35.0,23.0,20.0,75,JWT authentication for Pyramid.,,,12.0,15,False,['pyramid'],2021-02-20 11:34:46.712,1.6.1,10.0,,8105.0,,,pyramid_jwt,https://pypi.org/project/pyramid_jwt,2021-02-20 11:34:46.712,,8105.0,,,,3.0,,,,,,,,,,,,,,,,,
572,huxley,facebookarchive/huxley,testing,,https://github.com/facebookarchive/huxley,https://github.com/facebookarchive/huxley,Apache-2.0,2013-07-30 06:01:12.000,2021-09-07 23:22:47.000000,2014-12-05 21:39:52,68.0,,281,1.0,24.0,41.0,29.0,4059,A testing system for catching visual regressions in Web applications.,,,7.0,14,False,,,,5.0,,64.0,,,huxley,https://pypi.org/project/huxley,2014-03-27 18:23:28.000,,64.0,,,,3.0,,,,,,,,,,,,,,,,,
573,Growler,pyGrowler/Growler,web-frameworks,,https://github.com/pyGrowler/Growler,https://github.com/pyGrowler/Growler,Apache-2.0,2014-10-22 02:11:12.000,2020-03-08 07:53:32.000000,2020-03-08 07:51:41,599.0,,21,19.0,3.0,5.0,11.0,688,A micro web-framework using asyncio coroutines and chained middleware.,,,5.0,14,False,,2016-10-16 15:29:10.000,0.8.0,10.0,,133.0,,,growler,https://pypi.org/project/growler,2016-10-16 15:29:10.000,,133.0,,,,3.0,,,,,,,,,,,,,,,,,
574,fastapi-permissions,holgi/fastapi-permissions,auth,,https://github.com/holgi/fastapi-permissions,https://github.com/holgi/fastapi-permissions,THE BEER-WARE LICENSE,2019-07-19 22:36:43.000,2023-10-16 14:40:54.000000,2020-10-05 14:24:37,44.0,,49,13.0,10.0,9.0,3.0,654,row level security for FastAPI framework.,,,1.0,14,False,['fastapi'],2020-10-05 14:18:40.000,0.2.7,10.0,,35435.0,,,fastapi-permissions,https://pypi.org/project/fastapi-permissions,2020-10-05 14:18:40.000,,35435.0,,,,3.0,,,,,,,,,,,,,,,,,
575,fastapi_client,dmontagu/fastapi_client,fastapi-utils,,https://github.com/dmontagu/fastapi_client,https://github.com/dmontagu/fastapi_client,Apache-2.0,2019-08-03 10:35:23.000,2023-07-06 21:45:13.000000,2021-02-11 19:35:35,36.0,,37,6.0,20.0,9.0,8.0,428,FastAPI client generator.,402.0,402.0,8.0,14,False,['fastapi'],,,,,,,,,,,,,,,,3.0,,,,,,,,,,,,,,,,,
576,tinkerer,vladris/tinkerer,others,,https://github.com/vladris/tinkerer,https://github.com/vladris/tinkerer,BSD-2-Clause-FreeBSD,2013-05-18 10:18:28.000,2022-10-09 23:59:25.000000,2022-10-09 23:59:25,738.0,,78,1.0,54.0,24.0,46.0,304,Python blogging engine.,,,39.0,14,False,,2019-12-06 00:18:53.000,1.7.2,24.0,,72.0,,,tinkerer,https://pypi.org/project/tinkerer,2021-12-15 13:47:04.512,,72.0,,,,3.0,,,,,,,,,,,,,,,,,
577,flask2postman,numberly/flask2postman,flask-utils,,https://github.com/numberly/flask2postman,https://github.com/numberly/flask2postman,MIT,2015-08-28 11:12:41.000,2022-09-15 20:25:29.000000,2022-09-15 20:25:29,60.0,,18,9.0,6.0,5.0,2.0,147,Generate a Postman collection from your Flask application.,28.0,28.0,5.0,14,False,['flask'],2020-01-16 15:13:52.000,1.4.4,18.0,,4837.0,,,flask2postman,https://pypi.org/project/flask2postman,2020-01-16 15:13:52.000,,4837.0,,,,3.0,,,,,,,,,,,,,,,,,
578,lazynlp,chiphuyen/lazynlp,web-scraping,,https://github.com/chiphuyen/lazynlp,https://github.com/chiphuyen/lazynlp,MIT,2019-02-27 23:23:19.000,2020-11-11 12:16:30.000000,2019-10-07 16:52:30,14.0,,322,73.0,5.0,8.0,3.0,2266,Library to scrape and clean web pages to create massive datasets.,,,7.0,13,False,,2019-03-02 17:38:27.000,1.0.0,1.0,,,,,,,,,,,,,3.0,,,,,,,,,,,,,,,,,
579,salmon,moggers87/salmon,email,,https://github.com/moggers87/salmon,https://github.com/moggers87/salmon,GPL-3.0,2013-05-07 11:29:42.000,2025-03-27 15:12:27.000000,2025-03-27 15:11:05,467.0,,70,2.0,75.0,20.0,,661,Moved to Codeberg.,1.0,,15.0,13,False,,2024-08-09 17:49:09.000,3.3.0,15.0,159.0,297.0,,,salmon-mail,https://pypi.org/project/salmon-mail,2024-08-09 17:49:09.000,1.0,295.0,,,,3.0,,,,,,,,,,,,,,,,,
580,Scrapera,DarshanDeshpande/Scrapera,web-scraping,,https://github.com/DarshanDeshpande/Scrapera,https://github.com/DarshanDeshpande/Scrapera,MIT,2021-01-23 11:55:03.000,2022-05-22 20:08:21.000000,2021-08-30 16:47:21,37.0,,21,9.0,6.0,2.0,5.0,311,A universal package of scraper scripts for humans.,2.0,2.0,4.0,13,False,,2021-02-07 18:22:49.000,1.1.3,19.0,,81.0,,,scrapera,https://pypi.org/project/scrapera,2021-02-07 18:22:49.000,,81.0,,,,3.0,,,,,,,,,,,,,,,,,
581,Transistor,bomquote/transistor,web-scraping,,https://github.com/bomquote/transistor,https://github.com/bomquote/transistor,MIT,2018-11-12 15:25:51.000,2026-01-29 07:16:46.000000,2020-08-16 21:52:05,198.0,,23,8.0,455.0,216.0,3.0,211,"Transistor, a Python web scraping framework for intelligent use cases.",,,2.0,13,False,,2020-08-03 20:20:32.000,0.2.4,7.0,161.0,76.0,,,transistor,https://pypi.org/project/transistor,2020-08-03 20:12:39.000,,75.0,,,,3.0,,,,,,,,,,,,,,,,,
582,fastapi-lazy,yezz123/fastapi-lazy,fastapi-utils,,https://github.com/yezz123/fastango,https://github.com/yezz123/fastango,MIT,2021-09-30 14:25:29.000,2026-06-19 08:24:50.000000,2026-06-11 23:02:11,76.0,40.0,11,6.0,29.0,,5.0,200,CLI for generating FastAPI projects with selectable templates.,,,2.0,13,True,['fastapi'],2026-05-30 13:24:52.000,0.1.0,9.0,,6.0,yezz123/fastango,,fastapi-lazy,https://pypi.org/project/fastapi-lazy,2021-11-21 11:00:44.000,,6.0,,,,3.0,,,,,,,,,,,,,,,,,
583,IP2Trace,ip2location/ip2trace-python,others,,https://github.com/ip2location/ip2trace-python,https://github.com/ip2location/ip2trace-python,MIT,2021-01-15 07:49:23.000,2025-12-31 01:44:03.000000,2025-12-31 01:44:03,26.0,,19,9.0,1.0,,2.0,43,"Python tool to traceroute with IP geolocation information, such as country, region, city, isp and many more.",5.0,5.0,2.0,11,False,,2024-10-04 05:18:31.000,3.2.2,18.0,,144.0,,,IP2Trace,https://pypi.org/project/IP2Trace,2024-10-04 05:12:31.000,,144.0,,,,3.0,,,,,,,,,,,,,,,,,
584,timing-asgi,steinnes/timing-asgi,monitoring,,https://github.com/steinnes/timing-asgi,https://github.com/steinnes/timing-asgi,MIT,2019-02-05 23:53:18.000,2026-02-17 09:27:19.000000,2026-02-17 09:27:05,87.0,,12,1.0,22.0,4.0,5.0,130,ASGI middleware to record and emit timing metrics (to something like statsd).,186.0,186.0,7.0,10,True,,,,,,,,,,,,,,,,,3.0,,,,,,,,,,,,,,,,,
585,iploop-sdk,Iploop/proxyclaw,web-scraping,,https://github.com/Iploop/proxyclaw,https://github.com/Iploop/proxyclaw,MIT,2026-02-17 12:36:10.000,2026-04-30 16:48:48.000000,2026-04-30 16:48:47,44.0,7.0,3,2.0,,,,8,"Residential proxy SDK with 66 site presets and built-in anti-detection (TLS fingerprinting, Chrome headers). 2M+ IPs,..",3.0,,3.0,10,False,,2026-03-29 13:31:43.000,1.8.0,7.0,,140.0,,,iploop-sdk,https://pypi.org/project/iploop-sdk,2026-04-30 16:43:26.000,3.0,140.0,,,,3.0,,,,,,,,,-2.0,,,,,,,,
